team,ret_share,portal_out_share,gone_share,portal_in_yds,qb_ret
Abilene Christian Wildcats,0.2462356067316209,0.0,0.7537643932683791,459.0,0.0
Air Force Falcons,0.6091224890499924,0.0,0.39087751095000756,0.0,1.0
Akron Zips,0.360844250363901,0.11513828238719069,0.5240174672489083,190.0,0.0
Alabama A&M Bulldogs,0.0,0.00997506234413965,0.9900249376558603,0.0,0.0
Alabama Crimson Tide,0.3037600337980566,0.06791297000422476,0.6283269961977186,494.0,0.0
Alabama State Hornets,0.0,0.3062953995157385,0.6937046004842615,0.0,0.0
Alcorn State Braves,0.5787401574803149,0.0,0.421259842519685,164.0,1.0
App State Mountaineers,0.142719961589245,0.5171047893410154,0.3401752490697395,977.0,0.0
Arizona State Sun Devils,0.1674066962678507,0.42721708868354735,0.40537621504860194,4281.0,0.0
Arizona Wildcats,0.7560635952187537,0.007659278171057212,0.23627712661018915,1250.0,1.0
Arkansas Razorbacks,0.17629320343307817,0.017049408489909535,0.8066573880770123,2339.0,0.0
Arkansas State Red Wolves,0.37034375374296324,0.5012576356449874,0.12839861061204935,80.0,0.0
Arkansas-Pine Bluff Golden Lions,0.32323232323232326,0.10774410774410774,0.569023569023569,26.0,0.0
Army Black Knights,0.43764614185502726,0.0,0.5623538581449727,0.0,1.0
Auburn Tigers,0.17483946293053124,0.7158493870402802,0.10931115002918856,8858.0,0.0
Austin Peay Governors,0.6783691959229898,0.05549263873159683,0.26613816534541335,74.0,1.0
BYU Cougars,0.6674335672380076,0.011733578741516162,0.32083285402047623,300.0,1.0
Ball State Cardinals,0.16217857865964772,0.062158331646082206,0.7756630896942701,194.0,0.0
Baylor Bears,0.09574934268185802,0.00492988606485539,0.8993207712532866,3341.0,0.0
Bethune-Cookman Wildcats,0.18015963511972635,0.2314709236031927,0.5883694412770809,229.0,0.0
Boise State Broncos,0.6893753336892685,0.06951414842498665,0.2411105178857448,509.0,1.0
Boston College Eagles,0.0762765023209133,0.4767281395057082,0.4469953581733785,1889.0,0.0
Bowling Green Falcons,0.23580786026200873,0.43649927219796214,0.32769286754002913,149.0,0.0
Bryant Bulldogs,0.4797238999137187,0.20103537532355478,0.31924072476272647,51.0,1.0
Bucknell Bison,0.0,0.0,1.0,0.0,0.0
Buffalo Bulls,0.14158667419536985,0.17320722755505363,0.6852060982495765,0.0,0.0
Cal Poly Mustangs,0.0,0.08463949843260188,0.9153605015673981,0.0,0.0
California Golden Bears,0.5690869354055367,0.17860611947547353,0.2523069451189898,5129.0,1.0
Campbell Fighting Camels,0.0,0.02800658978583196,0.9719934102141681,0.0,0.0
Central Arkansas Bears,0.0,0.3410553410553411,0.6589446589446589,0.0,0.0
Central Connecticut Blue Devils,0.0,0.0,1.0,0.0,0.0
Central Michigan Chippewas,0.42510434379347656,0.14639047766269903,0.4285051785438244,366.0,0.0
Charleston Southern Buccaneers,0.3503480278422274,0.16937354988399073,0.4802784222737819,0.0,0.0
Charlotte 49ers,0.4599285349668198,0.2669729453802961,0.2730985196528841,1104.0,1.0
Chattanooga Mocs,0.0,0.0,1.0,0.0,0.0
Cincinnati Bearcats,0.07276231779303699,0.20696301650403565,0.7202746657029273,4852.0,0.0
Clemson Tigers,0.2743589743589744,0.017482517482517484,0.7081585081585081,659.0,0.0
Coastal Carolina Chanticleers,0.2421510724277277,0.43814112527199256,0.3197078023002798,1741.0,0.0
Colgate Raiders,0.0,0.0,1.0,0.0,0.0
Colorado Buffaloes,0.23654901960784314,0.3491764705882353,0.41427450980392155,4710.0,0.0
Colorado State Rams,0.21431877796636323,0.6500540040117266,0.1356272180219102,1095.0,0.0
Delaware Blue Hens,0.6732846078324425,0.038725864514017674,0.28798952765353986,823.0,1.0
Delaware State Hornets,0.0,0.39959839357429716,0.6004016064257028,0.0,0.0
Duke Blue Devils,0.198105602579605,0.6034864973800886,0.19840790004030634,4373.0,0.0
Duquesne Dukes,0.3888048411497731,-0.01664145234493192,0.6278366111951589,440.0,0.0
East Carolina Pirates,0.06275346851654215,0.652614727854856,0.2846318036286019,1535.0,0.0
East Tennessee State Buccaneers,0.0,0.13838120104438642,0.8616187989556136,0.0,0.0
East Texas A&M Lions,0.0,0.12895927601809956,0.8710407239819005,0.0,0.0
Eastern Illinois Panthers,0.5925925925925926,0.0,0.4074074074074074,0.0,0.0
Eastern Kentucky Colonels,0.5727923627684964,0.1026252983293556,0.324582338902148,48.0,1.0
Eastern Michigan Eagles,0.6309912854030502,0.0,0.3690087145969499,8.0,1.0
Eastern Washington Eagles,0.0,0.0,1.0,0.0,0.0
Elon Phoenix,0.0,0.5452196382428941,0.45478036175710596,0.0,0.0
Florida A&M Rattlers,0.0,0.022944550669216062,0.9770554493307839,0.0,0.0
Florida Atlantic Owls,0.2779783393501805,0.16946273094075176,0.5525589297090677,757.0,0.0
Florida Gators,0.37169897725538087,0.49854983971912686,0.1297511830254923,2546.0,0.0
Florida International Panthers,0.2534857429971109,0.34091194573546035,0.40560231126742874,1561.0,0.0
Florida State Seminoles,0.3772111187686653,0.5203308063404548,0.10245807489087985,2411.0,0.0
Fordham Rams,0.75625,0.1125,0.13125,-11.0,1.0
Fresno State Bulldogs,0.4809564719358534,0.0913516609392898,0.4276918671248568,170.0,0.0
Furman Paladins,0.13445378151260504,0.6134453781512605,0.25210084033613445,0.0,0.0
Gardner-Webb Runnin' Bulldogs,0.0,0.10659509202453987,0.8934049079754601,0.0,0.0
Georgia Bulldogs,0.2955484167049105,0.003786140431390546,0.7006654428636989,1070.0,0.0
Georgia Southern Eagles,0.1205547652916074,0.3909435751541015,0.48850165955429115,671.0,0.0
Georgia State Panthers,0.3082904969025965,0.0,0.6917095030974034,617.0,0.0
Georgia Tech Yellow Jackets,0.15138933248163525,0.12338975833067178,0.725220909187693,2042.0,0.0
Grambling Tigers,0.0,0.07983193277310924,0.9201680672268907,0.0,0.0
Hawai'i Rainbow Warriors,0.5514218275823312,0.1880409126671912,0.2605372597504777,354.0,1.0
Holy Cross Crusaders,0.0,0.3575268817204301,0.6424731182795699,0.0,0.0
Houston Christian Huskies,0.15859030837004406,0.36123348017621143,0.4801762114537445,17.0,0.0
Houston Cougars,0.23133106661629518,0.04432691096839189,0.724342022415313,531.0,0.0
Howard Bison,0.0,0.0375,0.9625,0.0,0.0
Idaho State Bengals,0.5696439725171768,0.2623360399750156,0.1680199875078076,134.0,1.0
Idaho Vandals,0.21413121845710165,0.0,0.7858687815428983,86.0,0.0
Illinois Fighting Illini,0.2810094637223975,0.09249211356466877,0.6264984227129338,5332.0,0.0
Illinois State Redbirds,0.0,0.04727272727272727,0.9527272727272728,0.0,0.0
Incarnate Word Cardinals,0.0,0.5212922173274597,0.4787077826725404,0.0,0.0
Indiana Hoosiers,0.14161692892023875,0.044402242720202566,0.8139808283595587,5946.0,0.0
Indiana State Sycamores,0.34782608695652173,0.13768115942028986,0.5144927536231884,98.0,0.0
Iowa Hawkeyes,0.28711391564264366,0.06991032879442045,0.6429757555629358,144.0,0.0
Iowa State Cyclones,0.029284750337381916,0.8991902834008098,0.07152496626180836,7305.0,0.0
Jackson State Tigers,0.0,0.13024282560706402,0.869757174392936,0.0,0.0
Jacksonville State Gamecocks,0.49612015018773464,0.24342928660826033,0.260450563204005,563.0,1.0
James Madison Dukes,0.05412676207898418,0.6675992682664371,0.27827396965457873,388.0,0.0
Kansas Jayhawks,0.16118957088538838,0.018739815317762087,0.8200706137968495,3903.0,0.0
Kansas State Wildcats,0.6694989745092295,0.20436566070905363,0.12613536478171697,1439.0,1.0
Kennesaw State Owls,0.06030762421157464,0.4692929069381432,0.47039946885028217,1793.0,0.0
Kent State Golden Flashes,0.5592674241139562,0.2029845684246227,0.23774800746142105,2.0,1.0
Kentucky Wildcats,0.1368937998772253,0.45794966236955187,0.40515653775322286,930.0,0.0
LSU Tigers,0.21202185792349726,0.10765027322404372,0.680327868852459,6205.0,0.0
Lafayette Leopards,0.3351206434316354,0.5241286863270778,0.14075067024128687,0.0,0.0
Lamar Cardinals,0.043478260869565216,0.0,0.9565217391304348,563.0,0.0
Liberty Flames,0.4180911680911681,0.39116809116809115,0.19074074074074074,1985.0,1.0
Lindenwood Lions,0.0,0.24624624624624625,0.7537537537537538,0.0,0.0
Long Island University Sharks,0.7296983758700696,0.04524361948955916,0.22505800464037123,21.0,1.0
Louisiana Ragin' Cajuns,0.25925364077669905,0.2848907766990291,0.45585558252427183,5.0,0.0
Louisiana Tech Bulldogs,0.5275080906148867,0.09340982641953516,0.3790820829655781,46.0,1.0
Louisville Cardinals,0.3044362527011567,0.07181899072073217,0.6237447565781111,2413.0,0.0
Maine Black Bears,0.29820359281437125,0.22275449101796407,0.47904191616766467,12.0,0.0
Marshall Thundering Herd,0.6573369565217392,0.15964673913043478,0.1830163043478261,261.0,1.0
Maryland Terrapins,0.6838115863562534,0.07051976177585273,0.24566865186789388,3305.0,1.0
Massachusetts Minutemen,0.14481922843869927,0.682892344980812,0.1722884265804888,258.0,0.0
McNeese Cowboys,0.0,0.16416040100250626,0.8358395989974937,0.0,0.0
Memphis Tigers,0.038822115384615385,0.175,0.7861778846153846,1923.0,0.0
Mercer Bears,0.0,0.6506238859180036,0.3493761140819964,0.0,0.0
Mercyhurst Lakers,0.09399075500770417,0.0,0.9060092449922958,375.0,0.0
Merrimack Warriors,0.22731707317073171,0.5375609756097561,0.23512195121951218,1056.0,0.0
Miami (OH) RedHawks,0.24618943930321177,0.1336418072945019,0.6201687534022864,526.0,0.0
Miami Hurricanes,0.4161048333491596,0.00892602791757668,0.5749691387332637,5584.0,0.0
Michigan State Spartans,0.305368143150484,0.458052214725726,0.23657964212378996,3162.0,0.0
Michigan Wolverines,0.3463363205060622,0.1657880864522931,0.4878755930416447,939.0,0.0
Middle Tennessee Blue Raiders,0.32554191694959517,0.27095847479759727,0.4034996082528075,154.0,0.0
Minnesota Golden Gophers,0.6662420382165605,0.12022292993630573,0.21353503184713377,1288.0,1.0
Mississippi State Bulldogs,0.3592023065833734,0.049495434887073524,0.5913022585295531,2085.0,0.0
Missouri State Bears,0.22807419280970917,0.15823219601557134,0.6136936111747194,1990.0,0.0
Missouri Tigers,0.4280804480651731,0.4084775967413442,0.1634419551934827,2235.0,0.0
Monmouth Hawks,0.0,0.21428571428571427,0.7857142857142857,0.0,0.0
Montana Grizzlies,0.0,0.018032786885245903,0.9819672131147541,0.0,0.0
Montana State Bobcats,0.0,0.0,1.0,0.0,0.0
Morgan State Bears,0.3868092691622103,0.18716577540106952,0.42602495543672014,0.0,0.0
Murray State Racers,0.6515337423312884,0.11288343558282209,0.23558282208588957,0.0,1.0
NC State Wolfpack,0.5772338116483782,0.26673097793319667,0.1560352104184252,2117.0,1.0
Navy Midshipmen,0.04036207152396498,0.0,0.959637928476035,0.0,0.0
Nebraska Cornhuskers,0.4481065012278661,0.24725345741243376,0.30464004135970013,5054.0,0.0
Nevada Wolf Pack,0.3922365988909427,0.07744916820702404,0.5303142329020333,657.0,1.0
New Hampshire Wildcats,0.1523076923076923,0.5476923076923077,0.3,357.0,0.0
New Mexico Lobos,0.573757019586358,0.16353924119983565,0.26270373921380635,969.0,1.0
New Mexico State Aggies,0.3315569638484805,0.17845311824859572,0.4899899179029238,693.0,0.0
Nicholls Colonels,0.1962864721485411,0.3183023872679045,0.4854111405835544,226.0,0.0
Norfolk State Spartans,0.041666666666666664,0.03205128205128205,0.9262820512820513,29.0,0.0
North Alabama Lions,0.06887052341597796,0.4049586776859504,0.5261707988980716,408.0,0.0
North Carolina A&T Aggies,0.8375,0.0,0.1625,0.0,1.0
North Carolina Central Eagles,0.0,0.047337278106508875,0.9526627218934911,0.0,0.0
North Carolina Tar Heels,0.3156873125110288,0.5558496559025939,0.12846303158637729,716.0,0.0
North Dakota Fighting Hawks,0.0,0.21657250470809794,0.783427495291902,0.0,0.0
North Dakota State Bison,0.20831475702184574,0.0,0.7916852429781542,-5.0,0.0
North Texas Mean Green,0.017460863581627385,0.7038534319628419,0.2786857044555307,2946.0,0.0
Northern Arizona Lumberjacks,0.537521815008726,0.006980802792321117,0.45549738219895286,0.0,1.0
Northern Colorado Bears,0.0,0.36784511784511786,0.6321548821548821,0.0,0.0
Northern Illinois Huskies,0.5284816980723414,0.2839506172839506,0.18756768464370804,0.0,0.0
Northern Iowa Panthers,0.0,0.0,1.0,0.0,0.0
Northwestern State Demons,0.6318407960199005,0.01990049751243781,0.3482587064676617,386.0,1.0
Northwestern Wildcats,0.3867842683632157,0.03209947946790052,0.5811162521688837,2746.0,0.0
Notre Dame Fighting Irish,0.44715637043092377,0.06446338899918252,0.4883802405698937,152.0,1.0
Ohio Bobcats,0.11479855371900827,0.1881456611570248,0.6970557851239669,639.0,0.0
Ohio State Buckeyes,0.6711818839830421,0.09450935787405645,0.23430875814290145,1194.0,1.0
Oklahoma Sooners,0.7305787278415016,0.07625130344108447,0.19316996871741396,2759.0,1.0
Oklahoma State Cowboys,0.0,0.7097177563415505,0.29028224365844946,9851.0,0.0
Old Dominion Monarchs,0.16701054562127465,0.7019715726730857,0.1310178817056396,652.0,0.0
Ole Miss Rebels,0.6129514321295143,0.12038190120381902,0.26666666666666666,2540.0,1.0
Oregon Ducks,0.6695947860583735,0.09218853310664021,0.23821668083498632,3134.0,1.0
Oregon State Beavers,0.36687418560880264,0.1326190820906327,0.5005067323005646,593.0,1.0
Penn State Nittany Lions,0.05766270118964311,0.2319104268719384,0.7104268719384185,6125.0,0.0
Pittsburgh Panthers,0.45724217844727694,0.2944380069524913,0.24831981460023175,279.0,1.0
Portland State Vikings,0.7534246575342466,0.025440313111545987,0.22113502935420742,0.0,1.0
Prairie View A&M Panthers,0.0,0.22885572139303484,0.7711442786069652,0.0,0.0
Purdue Boilermakers,0.47451330063902514,0.1291425174617328,0.3963441818992421,887.0,1.0
Rhode Island Rams,0.6153846153846154,0.02564102564102564,0.358974358974359,7.0,1.0
Rice Owls,0.3526923076923077,0.4648076923076923,0.1825,355.0,0.0
Richmond Spiders,0.0,0.13503649635036497,0.864963503649635,0.0,0.0
Robert Morris Colonials,0.0,0.11917098445595854,0.8808290155440415,0.0,0.0
Rutgers Scarlet Knights,0.20314434265907402,0.11376578360980441,0.6830898737311215,2104.0,0.0
SE Louisiana Lions,0.3111413043478261,0.3736413043478261,0.31521739130434784,0.0,0.0
SMU Mustangs,0.573076923076923,0.0743956043956044,0.3525274725274725,2557.0,1.0
Sacramento State Hornets,0.045087196937473414,0.6516376010208422,0.3032752020416844,715.0,0.0
Saint Francis Red Flash,0.0,0.043373493975903614,0.9566265060240964,0.0,0.0
Sam Houston Bearkats,0.5238253915361546,0.10613128957014328,0.3700433188937021,99.0,0.0
Samford Bulldogs,0.0,-0.014354066985645933,1.014354066985646,0.0,0.0
San Diego State Aztecs,0.7930570103247044,0.060152626066137964,0.14679036360915756,433.0,1.0
San José State Spartans,0.09410762113464816,0.7061115169223278,0.1997808619430241,1147.0,0.0
South Alabama Jaguars,0.6113582443653618,0.06479833926453143,0.3238434163701068,24.0,1.0
South Carolina Gamecocks,0.6891230152841668,0.11025374684671316,0.20062323786912004,1025.0,1.0
South Carolina State Bulldogs,0.0,0.0,1.0,0.0,0.0
South Dakota Coyotes,0.0,0.1299165673420739,0.8700834326579261,0.0,0.0
South Dakota State Jackrabbits,0.592959295929593,0.0,0.40704070407040704,883.0,1.0
South Florida Bulls,0.15026635842798272,0.749723590310584,0.10001005126143331,1575.0,0.0
Southeast Missouri State Redhawks,0.08250497017892644,0.279324055666004,0.6381709741550696,224.0,0.0
Southern Illinois Salukis,0.0,0.004048582995951417,0.9959514170040485,0.0,0.0
Southern Jaguars,0.0,0.0695970695970696,0.9304029304029304,0.0,0.0
Southern Miss Golden Eagles,0.10402027416196291,0.09515032830319088,0.8008293975348462,529.0,0.0
Stanford Cardinal,0.26663513087354146,0.20245979186376536,0.5309050772626932,0.0,0.0
Stephen F. Austin Lumberjacks,0.0,0.0,1.0,0.0,0.0
Stony Brook Seawolves,0.0,0.05673758865248227,0.9432624113475178,0.0,0.0
Syracuse Orange,0.3439928272564256,0.38747758517632996,0.2685295875672445,4775.0,0.0
TCU Horned Frogs,0.23416216216216215,0.39416216216216216,0.37167567567567567,418.0,0.0
Tarleton State Texans,0.0,0.2862903225806452,0.7137096774193549,2578.0,0.0
Temple Owls,0.3399416013523897,0.00599354541263255,0.6540648532349778,91.0,0.0
Tennessee State Tigers,0.4479166666666667,0.020833333333333332,0.53125,14.0,0.0
Tennessee Tech Golden Eagles,0.0,0.0,1.0,0.0,0.0
Tennessee Volunteers,0.3704529334279056,0.05694599250177323,0.5726010740703212,1320.0,0.0
Texas A&M Aggies,0.7242546685595719,0.0324342033417058,0.2433111280987223,813.0,1.0
Texas Longhorns,0.5191960524732218,0.21145745577085087,0.2693464917559273,4195.0,1.0
Texas Southern Tigers,0.0,0.5030120481927711,0.49698795180722893,0.0,0.0
Texas State Bobcats,0.7336592624083325,0.00403868636411946,0.26230205122754807,142.0,1.0
Texas Tech Red Raiders,0.41378644525970265,0.0389071249275922,0.5473064298127052,6137.0,0.0
The Citadel Bulldogs,0.41155234657039713,0.0,0.5884476534296029,690.0,0.0
Toledo Rockets,0.06734958200871306,0.2109972918874367,0.7216531261038502,409.0,0.0
Towson Tigers,0.4931506849315068,0.1643835616438356,0.3424657534246575,0.0,1.0
Troy Trojans,0.49253112033195023,0.21203319502074688,0.2954356846473029,88.0,1.0
Tulane Green Wave,0.1693864229765013,0.2876414273281114,0.5429721496953873,648.0,0.0
Tulsa Golden Hurricane,0.43014508328855455,0.33113917248790975,0.23871574422353573,1943.0,1.0
UAB Blazers,0.15065936800199053,0.2796715600895745,0.569669071908435,1426.0,0.0
UAlbany Great Danes,0.02572347266881029,0.06752411575562701,0.9067524115755627,0.0,0.0
UC Davis Aggies,0.0,0.37779850746268656,0.6222014925373134,0.0,0.0
UCF Knights,0.06686127328329163,0.508479288295802,0.4246594384209063,6114.0,0.0
UCLA Bruins,0.4749208465255791,0.18463589401766373,0.3404432594567572,3311.0,1.0
UConn Huskies,0.03036373220875066,0.33779652082235107,0.6318397469688982,3315.0,0.0
UL Monroe Warhawks,0.4531925938743727,0.2915729364942031,0.2552344696314241,174.0,1.0
UNLV Rebels,0.2364511832804016,0.4732097121196599,0.29033910459993856,2028.0,0.0
USC Trojans,0.6225881402161835,0.06738054348924134,0.3100313162945752,639.0,1.0
UT Martin Skyhawks,0.0,0.015317286652078774,0.9846827133479212,0.0,0.0
UTEP Miners,0.058689372054128025,0.7436521210278242,0.19765850691804773,860.0,0.0
UTSA Roadrunners,0.5939051137019509,0.12743853168648275,0.27865635461156646,115.0,1.0
Utah State Aggies,0.6558548009367682,0.10971896955503513,0.23442622950819672,61.0,1.0
Utah Utes,0.7190455245216626,0.04739388607873323,0.23356058939960414,2713.0,1.0
VMI Keydets,0.10513447432762836,0.44987775061124696,0.4449877750611247,0.0,0.0
Vanderbilt Commodores,0.24841155974584955,0.10483705677392909,0.6467513834802213,415.0,0.0
Villanova Wildcats,0.0,0.26181818181818184,0.7381818181818182,0.0,0.0
Virginia Cavaliers,0.09393346379647749,0.14176994998912806,0.7642965862143944,7319.0,0.0
Virginia Tech Hokies,0.32842582106455265,0.06940624494418379,0.6021679339912636,3700.0,0.0
Wagner Seahawks,0.0,0.0,1.0,0.0,0.0
Wake Forest Demon Deacons,0.1730816077953715,0.2510353227771011,0.5758830694275274,3519.0,0.0
Washington Huskies,0.5979781356529916,0.11743270248031033,0.284589161866698,1772.0,1.0
Washington State Cougars,0.2676470588235294,0.11932773109243698,0.6130252100840337,501.0,0.0
Weber State Wildcats,0.0,0.42038216560509556,0.5796178343949044,0.0,0.0
West Virginia Mountaineers,0.2479492338647268,0.35845844296548524,0.393592323169788,3309.0,1.0
Western Carolina Catamounts,0.0,0.22624434389140272,0.7737556561085973,0.0,0.0
Western Illinois Leathernecks,0.0,0.12244897959183673,0.8775510204081632,0.0,0.0
Western Kentucky Hilltoppers,0.35762039660056655,0.1380169971671388,0.5043626062322946,1384.0,0.0
Western Michigan Broncos,0.7222799465637524,0.02078076295086834,0.2569392904853792,18.0,1.0
William & Mary Tribe,0.0,0.23554603854389722,0.7644539614561028,0.0,0.0
Wisconsin Badgers,0.36927685066324345,0.168806161745828,0.46191698759092853,5583.0,0.0
Wofford Terriers,0.0,0.0,1.0,0.0,0.0
Wyoming Cowboys,0.2784661754855995,0.4681848626925653,0.25334896182183525,666.0,0.0
Youngstown State Penguins,0.7385281385281385,0.0,0.26147186147186147,41.0,1.0
