team,season,team_247,rank,avg,talent
Georgia Bulldogs,2020,Georgia,1,93.16,990.52
Alabama Crimson Tide,2020,Alabama,2,93.25,985.86
Ohio State Buckeyes,2020,Ohio State,3,92.89,976.48
Clemson Tigers,2020,Clemson,4,90.59,915.57
Texas Longhorns,2020,Texas,5,90.39,892.91
LSU Tigers,2020,LSU,6,91.21,873.66
Florida Gators,2020,Florida,7,89.91,871.05
Notre Dame Fighting Irish,2020,Notre Dame,8,90.13,866.56
Oklahoma Sooners,2020,Oklahoma,9,89.78,866.36
USC Trojans,2020,USC,10,89.15,863.93
Texas A&M Aggies,2020,Texas A&M,11,89.71,861.96
Oregon Ducks,2020,Oregon,12,89.72,855.5
Penn State Nittany Lions,2020,Penn State,13,90.15,850.7
Auburn Tigers,2020,Auburn,14,89.44,844.98
Tennessee Volunteers,2020,Tennessee,15,89.25,842.87
Florida State Seminoles,2020,Florida State,16,88.99,832.59
Michigan Wolverines,2020,Michigan,17,89.17,827.18
Miami Hurricanes,2020,Miami,18,88.85,826.81
Washington Huskies,2020,Washington,19,88.92,815.67
Stanford Cardinal,2020,Stanford,20,87.42,783.56
South Carolina Gamecocks,2020,South Carolina,21,87.63,771.64
North Carolina Tar Heels,2020,North Carolina,22,87.11,740.19
Mississippi State Bulldogs,2020,Mississippi State,23,87.42,737.19
Nebraska Cornhuskers,2020,Nebraska,24,87.05,731.1
Arkansas Razorbacks,2020,Arkansas,25,86.32,719.15
Kentucky Wildcats,2020,Kentucky,26,86.95,717.38
Wisconsin Badgers,2020,Wisconsin,27,86.45,712.56
TCU Horned Frogs,2020,TCU,28,86.41,712.39
Ole Miss Rebels,2020,Ole Miss,29,86.72,702.95
Arizona State Sun Devils,2020,Arizona State,30,86.21,701.99
UCLA Bruins,2020,UCLA,31,86.05,696.17
Maryland Terrapins,2020,Maryland,32,86.12,683.2
NC State Wolfpack,2020,NC State,33,85.51,680.31
Georgia Tech Yellow Jackets,2020,Georgia Tech,34,85.86,678.35
Michigan State Spartans,2020,Michigan State,35,85.81,673.43
Virginia Tech Hokies,2020,Virginia Tech,36,85.62,670.7
Pittsburgh Panthers,2020,Pittsburgh,37,85.37,653.05
Purdue Boilermakers,2020,Purdue,38,84.57,650.18
Utah Utes,2020,Utah,39,85.07,646.24
Illinois Fighting Illini,2020,Illinois,40,85.14,643.6
Baylor Bears,2020,Baylor,41,85.53,642.13
Oklahoma State Cowboys,2020,Oklahoma State,42,85.26,637.96
Iowa Hawkeyes,2020,Iowa,43,84.85,633.55
West Virginia Mountaineers,2020,West Virginia,44,85.24,631.27
Minnesota Golden Gophers,2020,Minnesota,45,85.26,630.65
Colorado Buffaloes,2020,Colorado,46,84.85,628.76
California Golden Bears,2020,California,47,84.84,623.92
Northwestern Wildcats,2020,Northwestern,48,85.12,621.29
Texas Tech Red Raiders,2020,Texas Tech,49,84.51,619.35
Missouri Tigers,2020,Missouri,50,84.87,619.03
Louisville Cardinals,2020,Louisville,51,85.44,619.02
Duke Blue Devils,2020,Duke,52,85.29,615.72
Indiana Hoosiers,2020,Indiana,53,84.68,611.22
Vanderbilt Commodores,2020,Vanderbilt,54,84.49,606.21
Houston Cougars,2020,Houston,55,83.66,605.75
Oregon State Beavers,2020,Oregon State,56,84.02,603.55
Iowa State Cyclones,2020,Iowa State,57,84.44,602.96
Boston College Eagles,2020,Boston College,58,84.18,602.69
Cincinnati Bearcats,2020,Cincinnati,59,84.39,600.61
UCF Knights,2020,UCF,60,84.12,593.42
Rutgers Scarlet Knights,2020,Rutgers,61,83.79,589.55
Virginia Cavaliers,2020,Virginia,62,84.46,588.54
SMU Mustangs,2020,SMU,63,82.97,586.57
Memphis Tigers,2020,Memphis,64,83.35,584.0
Syracuse Orange,2020,Syracuse,65,84.26,578.28
Wake Forest Demon Deacons,2020,Wake Forest,66,83.83,577.3
Washington State Cougars,2020,Washington State,67,83.09,566.62
Arizona Wildcats,2020,Arizona,68,83.21,564.56
Kansas State Wildcats,2020,Kansas State,69,83.64,560.68
Boise State Broncos,2020,Boise State,70,83.44,556.32
Florida Atlantic Owls,2020,Florida Atlantic,71,83.32,551.42
Kansas Jayhawks,2020,Kansas,72,82.32,546.08
Florida International Panthers,2020,FIU,73,82.52,543.2
South Florida Bulls,2020,South Florida,74,83.38,538.34
East Carolina Pirates,2020,East Carolina,75,82.41,528.47
Tulane Green Wave,2020,Tulane,76,82.14,526.19
Louisiana Tech Bulldogs,2020,Louisiana Tech,77,82.57,515.34
UTSA Roadrunners,2020,UTSA,78,82.04,513.82
Colorado State Rams,2020,Colorado State,79,82.22,513.75
Western Kentucky Hilltoppers,2020,Western Kentucky,80,81.47,507.96
BYU Cougars,2020,BYU,81,81.81,506.64
North Texas Mean Green,2020,North Texas,82,81.87,493.53
Fresno State Bulldogs,2020,Fresno State,83,81.13,485.6
Temple Owls,2020,Temple,84,81.73,482.14
Southern Mississippi Golden Eagles,2020,Southern Miss,85,81.5,477.77
San Diego State Aztecs,2020,San Diego State,86,81.35,476.68
Toledo Rockets,2020,Toledo,87,82.42,475.52
Marshall Thundering Herd,2020,Marshall,88,81.43,473.64
Tulsa Golden Hurricane,2020,Tulsa,89,81.19,469.29
Middle Tennessee Blue Raiders,2020,Middle Tennessee,90,80.95,464.36
Charlotte 49ers,2020,Charlotte,91,80.48,462.65
UAB Blazers,2020,UAB,92,80.84,459.04
Appalachian State Mountaineers,2020,Appalachian State,93,80.57,455.28
Louisiana Ragin' Cajuns,2020,Louisiana,94,81.04,454.76
Western Michigan Broncos,2020,Western Michigan,95,81.92,453.98
UNLV Rebels,2020,UNLV,96,81.39,453.11
Arkansas State Red Wolves,2020,Arkansas State,97,80.57,448.18
Nevada Wolf Pack,2020,Nevada,98,80.21,446.84
Troy Trojans,2020,Troy,99,81.22,433.67
Hawai'i Rainbow Warriors,2020,Hawaii,100,79.97,433.47
Texas State Bobcats,2020,Texas State,101,80.32,428.43
Old Dominion Monarchs,2020,Old Dominion,102,79.63,427.04
Georgia Southern Eagles,2020,Georgia Southern,103,81.17,422.62
Northern Illinois Huskies,2020,Northern Illinois,104,80.26,422.13
Georgia State Panthers,2020,Georgia State,105,80.56,412.83
Coastal Carolina Chanticleers,2020,Coastal Carolina,106,79.03,407.99
Miami (OH) RedHawks,2020,Miami (OH),107,80.82,407.46
San José State Spartans,2020,San Jose State,108,80.1,397.93
New Mexico Lobos,2020,New Mexico,109,79.95,396.74
Bowling Green Falcons,2020,Bowling Green,110,80.4,394.67
Utah State Aggies,2020,Utah State,111,80.21,391.88
South Alabama Jaguars,2020,South Alabama,112,80.52,391.8
Kent State Golden Flashes,2020,Kent State,113,80.02,391.22
UL Monroe Warhawks,2020,Louisiana-Monroe,114,79.2,363.21
Rice Owls,2020,Rice,115,78.75,362.74
Eastern Michigan Eagles,2020,Eastern Michigan,116,79.18,360.74
Akron Zips,2020,Akron,117,79.82,357.54
UTEP Miners,2020,UTEP,118,78.12,354.98
Wyoming Cowboys,2020,Wyoming,119,79.33,352.91
Ball State Cardinals,2020,Ball State,120,79.46,352.53
Ohio Bobcats,2020,Ohio,121,79.01,350.6
UConn Huskies,2020,UConn,122,79.9,347.5
Central Michigan Chippewas,2020,Central Michigan,123,80.4,339.85
Buffalo Bulls,2020,Buffalo,124,79.26,336.31
Navy Midshipmen,2020,Navy,125,78.04,266.19
Massachusetts Minutemen,2020,UMass,126,78.83,233.65
Liberty Flames,2020,Liberty,127,81.16,161.98
Army Black Knights,2020,Army,128,76.64,156.94
Eastern Kentucky Colonels,2020,Eastern Kentucky,129,84.5,156.48
Chattanooga Mocs,2020,Chattanooga,130,81.96,150.93
Austin Peay Governors,2020,Austin Peay,131,85.17,149.28
New Mexico State Aggies,2020,New Mexico State,132,78.95,145.9
Texas Southern Tigers,2020,Texas Southern,133,86.13,143.43
Towson Tigers,2020,Towson,134,86.04,142.39
Alabama State Hornets,2020,Alabama State,135,81.65,136.54
Jacksonville State Gamecocks,2020,Jacksonville State,136,83.28,130.87
James Madison Dukes,2020,James Madison,137,85.03,118.89
North Carolina A&T Aggies,2020,North Carolina A&T,138,84.76,116.79
Florida A&M Rattlers,2020,Florida A&M,139,88.23,108.66
Stephen F. Austin Lumberjacks,2020,Stephen F. Austin,140,82.63,99.93
Southern Illinois Salukis,2020,Southern Illinois,141,83.95,96.82
North Alabama Lions,2020,North Alabama,142,80.84,96.11
Campbell Fighting Camels,2020,Campbell,144,81.84,93.73
Prairie View A&M Panthers,2020,Prairie View A&M,145,83.11,91.02
Missouri State Bears,2020,Missouri State,146,87.14,85.24
Incarnate Word Cardinals,2020,Incarnate Word,147,81.79,81.78
Sam Houston Bearkats,2020,Sam Houston,148,80.3,81.65
Tennessee State Tigers,2020,Tennessee State,149,81.55,80.11
Abilene Christian Wildcats,2020,Abilene Christian,150,80.08,79.83
Bethune-Cookman Wildcats,2020,Bethune-Cookman,151,82.86,76.68
Montana State Bobcats,2020,Montana State,152,82.81,76.41
UT Martin Skyhawks,2020,UT Martin,153,84.49,72.15
Maine Black Bears,2020,Maine,154,82.09,72.07
Air Force Falcons,2020,Air Force,155,77.31,71.92
Samford Bulldogs,2020,Samford,156,84.16,70.54
Stony Brook Seawolves,2020,Stony Brook,157,81.47,68.32
Illinois State Redbirds,2020,Illinois State,158,83.56,67.52
Weber State Wildcats,2020,Weber State,159,86.8,66.96
East Tennessee State Buccaneers,2020,East Tennessee State,160,82.13,60.39
Albany Great Danes,2020,Albany,162,84.35,57.18
Elon Phoenix,2020,Elon,163,84.04,55.95
Portland State Vikings,2020,Portland State,164,83.96,55.65
Montana Grizzlies,2020,Montana,165,83.4,53.39
Western Illinois Leathernecks,2020,Western Illinois,166,80.66,53.01
Norfolk State Spartans,2020,Norfolk State,167,80.55,52.48
Alabama A&M Bulldogs,2020,Alabama A&M,168,83.14,52.37
UC Davis Aggies,2020,UC Davis,169,82.74,50.8
Richmond Spiders,2020,Richmond,170,82.48,49.75
Southeast Missouri State Redhawks,2020,Southeast Missouri State,171,79.92,49.36
Idaho Vandals,2020,Idaho,172,77.94,47.38
Murray State Racers,2020,Murray State,173,84.94,44.74
North Carolina Central Eagles,2020,North Carolina Central,174,80.93,43.62
Duquesne Dukes,2020,Duquesne,175,80.59,42.21
Northern Arizona Lumberjacks,2020,Northern Arizona,176,80.49,41.84
Youngstown State Penguins,2020,Youngstown State,177,87.95,35.85
Hampton Pirates,2020,Hampton,178,78.39,33.45
Idaho State Bengals,2020,Idaho State,179,80.95,32.78
South Carolina State Bulldogs,2020,South Carolina State,180,78.15,32.5
Northern Colorado Bears,2020,Northern Colorado,181,85.83,31.63
Northern Iowa Panthers,2020,Northern Iowa,182,85.35,30.66
North Dakota State Bison,2020,North Dakota State,183,80.24,30.65
Eastern Washington Eagles,2020,Eastern Washington,184,85.22,30.41
Furman Paladins,2020,Furman,185,85.22,30.39
Sacramento State Hornets,2020,Sacramento State,186,85.14,30.24
Indiana State Sycamores,2020,Indiana State,187,79.97,29.84
Delaware Blue Hens,2020,Delaware,188,79.94,29.77
Alcorn State Braves,2020,Alcorn State,189,84.79,29.54
Monmouth Hawks,2020,Monmouth,190,84.48,28.91
Rhode Island Rams,2020,Rhode Island,191,84.27,28.5
Gardner-Webb Runnin' Bulldogs,2020,Gardner-Webb,192,84.1,28.16
Robert Morris Colonials,2020,Robert Morris,193,83.43,26.82
Houston Christian Huskies,2020,Houston Christian,194,83.42,26.8
South Dakota Coyotes,2020,South Dakota,195,78.77,26.27
Mercer Bears,2020,Mercer,196,78.66,25.92
Eastern Illinois Panthers,2020,Eastern Illinois,197,82.92,25.81
Tennessee Tech Golden Eagles,2020,Tennessee Tech,198,82.85,25.67
Cal Poly Mustangs,2020,Cal Poly,199,82.74,25.44
Central Arkansas Bears,2020,Central Arkansas,200,82.05,24.08
The Citadel Bulldogs,2020,The Citadel,201,81.98,23.94
Northwestern State Demons,2020,Northwestern State,202,81.59,23.16
Fordham Rams,2020,Fordham,203,81.44,22.86
Southern Jaguars,2020,Southern,204,81.1,22.17
Wagner Seahawks,2020,Wagner,205,80.23,20.43
Kennesaw State Owls,2020,Kennesaw State,207,78.13,16.24
Arkansas-Pine Bluff Golden Lions,2020,Arkansas-Pine Bluff,208,85.36,15.35
Sacred Heart Pioneers,2020,Sacred Heart,209,84.47,14.46
Lamar Cardinals,2020,Lamar,211,83.33,13.33
Western Carolina Catamounts,2020,Western Carolina,212,82.54,12.53
William & Mary Tribe,2020,William & Mary,213,82.4,12.39
Howard Bison,2020,Howard,214,80.65,10.64
Central Connecticut Blue Devils,2020,Central Connecticut,216,78.93,8.93
Tarleton State Texans,2020,Tarleton State,218,78.43,8.43
Wofford Terriers,2020,Wofford,219,77.83,7.83
New Hampshire Wildcats,2020,New Hampshire,221,77.81,7.81
Bryant Bulldogs,2020,Bryant,222,76.31,6.3
Morgan State Bears,2020,Morgan State,223,73.81,3.8
Alabama Crimson Tide,2021,Alabama,1,94.18,1001.89
Georgia Bulldogs,2021,Georgia,2,93.52,1001.79
Ohio State Buckeyes,2021,Ohio State,3,92.99,985.89
Clemson Tigers,2021,Clemson,4,91.35,933.77
LSU Tigers,2021,LSU,5,91.57,903.53
Oklahoma Sooners,2021,Oklahoma,6,90.6,891.09
Florida Gators,2021,Florida,7,91.09,890.5
Texas A&M Aggies,2021,Texas A&M,8,90.53,888.83
Oregon Ducks,2021,Oregon,9,90.6,885.75
USC Trojans,2021,USC,10,90.77,884.26
Texas Longhorns,2021,Texas,11,90.13,874.19
Notre Dame Fighting Irish,2021,Notre Dame,12,89.79,853.74
Miami Hurricanes,2021,Miami,13,89.68,848.88
Auburn Tigers,2021,Auburn,14,89.57,840.38
Michigan Wolverines,2021,Michigan,15,89.02,832.6
Penn State Nittany Lions,2021,Penn State,16,89.54,820.72
Washington Huskies,2021,Washington,17,88.27,800.02
North Carolina Tar Heels,2021,North Carolina,18,88.36,798.29
Tennessee Volunteers,2021,Tennessee,19,88.05,780.2
Florida State Seminoles,2021,Florida State,20,88.22,769.38
Wisconsin Badgers,2021,Wisconsin,21,87.58,750.14
South Carolina Gamecocks,2021,South Carolina,22,87.03,747.98
Nebraska Cornhuskers,2021,Nebraska,23,87.43,746.92
UCLA Bruins,2021,UCLA,24,87.61,746.09
Stanford Cardinal,2021,Stanford,25,87.13,745.3
Arizona State Sun Devils,2021,Arizona State,26,86.82,737.61
Ole Miss Rebels,2021,Ole Miss,27,87.34,732.1
Arkansas Razorbacks,2021,Arkansas,28,87.15,722.84
TCU Horned Frogs,2021,TCU,29,87.1,712.83
Mississippi State Bulldogs,2021,Mississippi State,30,86.69,712.44
Kentucky Wildcats,2021,Kentucky,31,87.03,711.23
Utah Utes,2021,Utah,32,86.32,708.34
Georgia Tech Yellow Jackets,2021,Georgia Tech,33,86.72,707.35
Maryland Terrapins,2021,Maryland,34,86.35,705.85
NC State Wolfpack,2021,NC State,35,86.67,700.36
Pittsburgh Panthers,2021,Pittsburgh,36,86.31,668.84
Michigan State Spartans,2021,Michigan State,37,85.41,667.89
Indiana Hoosiers,2021,Indiana,38,85.8,664.25
California Golden Bears,2021,California,39,86.12,663.79
Virginia Tech Hokies,2021,Virginia Tech,40,85.72,663.78
Baylor Bears,2021,Baylor,41,85.75,659.21
UCF Knights,2021,UCF,42,85.3,658.77
Iowa Hawkeyes,2021,Iowa,43,85.86,657.39
Minnesota Golden Gophers,2021,Minnesota,44,85.94,653.25
Northwestern Wildcats,2021,Northwestern,45,85.42,649.54
Missouri Tigers,2021,Missouri,46,85.5,646.85
Oklahoma State Cowboys,2021,Oklahoma State,47,85.65,645.64
Purdue Boilermakers,2021,Purdue,48,84.87,644.23
Oregon State Beavers,2021,Oregon State,49,85.17,640.66
Boston College Eagles,2021,Boston College,50,84.73,636.46
Colorado Buffaloes,2021,Colorado,51,84.92,635.83
Illinois Fighting Illini,2021,Illinois,52,84.79,635.69
Memphis Tigers,2021,Memphis,53,84.34,630.18
Cincinnati Bearcats,2021,Cincinnati,54,84.78,626.54
SMU Mustangs,2021,SMU,55,84.02,620.29
Virginia Cavaliers,2021,Virginia,56,85.13,619.61
Iowa State Cyclones,2021,Iowa State,57,85.03,613.6
West Virginia Mountaineers,2021,West Virginia,58,85.46,611.29
Vanderbilt Commodores,2021,Vanderbilt,59,84.83,609.82
Louisville Cardinals,2021,Louisville,60,85.22,608.06
Duke Blue Devils,2021,Duke,61,85.16,605.57
Texas Tech Red Raiders,2021,Texas Tech,62,84.59,605.01
Washington State Cougars,2021,Washington State,63,84.36,601.16
Boise State Broncos,2021,Boise State,64,84.11,591.31
Wake Forest Demon Deacons,2021,Wake Forest,65,84.14,589.19
Arizona Wildcats,2021,Arizona,66,83.78,578.06
South Florida Bulls,2021,South Florida,67,83.89,570.11
Rutgers Scarlet Knights,2021,Rutgers,68,84.39,569.68
Kansas State Wildcats,2021,Kansas State,69,83.89,569.65
Syracuse Orange,2021,Syracuse,70,84.25,568.67
Houston Cougars,2021,Houston,71,83.25,568.08
Florida Atlantic Owls,2021,Florida Atlantic,72,83.22,567.63
Kansas Jayhawks,2021,Kansas,73,82.87,547.75
East Carolina Pirates,2021,East Carolina,74,82.7,542.26
UTSA Roadrunners,2021,UTSA,75,82.69,541.82
Louisiana Tech Bulldogs,2021,Louisiana Tech,76,82.93,532.37
Toledo Rockets,2021,Toledo,77,82.77,529.35
North Texas Mean Green,2021,North Texas,78,82.62,528.72
Western Kentucky Hilltoppers,2021,Western Kentucky,79,81.98,527.28
Florida International Panthers,2021,FIU,80,82.28,520.69
Middle Tennessee Blue Raiders,2021,Middle Tennessee,81,82.08,518.83
Temple Owls,2021,Temple,82,82.23,517.98
Tulane Green Wave,2021,Tulane,83,82.58,517.31
Arkansas State Red Wolves,2021,Arkansas State,84,81.83,514.18
Louisiana Ragin' Cajuns,2021,Louisiana,85,82.16,513.86
Tulsa Golden Hurricane,2021,Tulsa,86,81.78,512.24
Troy Trojans,2021,Troy,87,82.24,509.16
Appalachian State Mountaineers,2021,Appalachian State,88,81.49,502.55
Marshall Thundering Herd,2021,Marshall,89,82.17,498.98
Charlotte 49ers,2021,Charlotte,90,81.25,492.73
Georgia State Panthers,2021,Georgia State,91,81.28,492.38
Southern Miss Golden Eagles,2021,Southern Miss,92,81.88,490.22
South Alabama Jaguars,2021,South Alabama,93,81.41,484.69
Fresno State Bulldogs,2021,Fresno State,94,81.07,483.77
UAB Blazers,2021,UAB,95,81.11,479.58
Southern Mississippi Golden Eagles,2021,Southern Miss (imputed from 2020),85,81.5,477.77
Colorado State Rams,2021,Colorado State,96,81.61,475.99
Georgia Southern Eagles,2021,Georgia Southern,97,81.5,473.4
Western Michigan Broncos,2021,Western Michigan,98,81.96,472.56
UNLV Rebels,2021,UNLV,99,82.47,465.15
Coastal Carolina Chanticleers,2021,Coastal Carolina,100,80.11,462.18
San Diego State Aztecs,2021,San Diego State,101,81.79,458.27
Bowling Green Falcons,2021,Bowling Green,102,81.22,455.17
Miami (OH) RedHawks,2021,Miami (OH),103,81.34,454.21
Texas State Bobcats,2021,Texas State,104,81.16,453.98
Old Dominion Monarchs,2021,Old Dominion,105,80.46,452.89
San José State Spartans,2021,San Jose State,106,80.62,448.76
Central Michigan Chippewas,2021,Central Michigan,107,80.58,448.31
BYU Cougars,2021,BYU,108,81.96,438.82
Northern Illinois Huskies,2021,Northern Illinois,109,80.68,431.03
Nevada Wolf Pack,2021,Nevada,110,80.54,428.19
Kent State Golden Flashes,2021,Kent State,111,80.34,422.19
Rice Owls,2021,Rice,112,79.48,421.85
Eastern Michigan Eagles,2021,Eastern Michigan,113,79.99,420.18
Hawai'i Rainbow Warriors,2021,Hawaii,114,80.21,418.08
UL Monroe Warhawks,2021,Louisiana-Monroe,115,80.09,416.47
Utah State Aggies,2021,Utah State,116,81.09,411.8
New Mexico Lobos,2021,New Mexico,117,80.75,411.13
Ohio Bobcats,2021,Ohio,118,79.86,408.17
Ball State Cardinals,2021,Ball State,119,80.11,407.53
Akron Zips,2021,Akron,120,80.7,389.13
Wyoming Cowboys,2021,Wyoming,121,79.93,386.1
Buffalo Bulls,2021,Buffalo,122,80.53,384.92
UTEP Miners,2021,UTEP,123,78.24,348.98
UConn Huskies,2021,UConn,124,80.06,331.9
Jackson State Tigers,2021,Jackson State,125,86.19,304.81
Massachusetts Minutemen,2021,UMass,126,81.01,245.51
Eastern Kentucky Colonels,2021,Eastern Kentucky,128,83.56,232.02
Missouri State Bears,2021,Missouri State,129,83.36,205.25
McNeese Cowboys,2021,McNeese,130,84.37,182.46
Nicholls Colonels,2021,Nicholls,131,83.45,182.35
Liberty Flames,2021,Liberty,132,82.31,179.11
Florida A&M Rattlers,2021,Florida A&M,133,84.78,172.92
Chattanooga Mocs,2021,Chattanooga,134,82.63,170.8
Stephen F. Austin Lumberjacks,2021,Stephen F. Austin,135,83.27,168.05
Jacksonville State Gamecocks,2021,Jacksonville State,136,83.2,167.4
Alabama A&M Bulldogs,2021,Alabama A&M,137,85.24,164.64
UT Martin Skyhawks,2021,UT Martin,138,83.88,163.15
Northern Colorado Bears,2021,Northern Colorado,139,84.45,156.11
North Carolina A&T Aggies,2021,North Carolina A&T,140,84.91,146.57
Campbell Fighting Camels,2021,Campbell,141,84.19,139.49
Towson Tigers,2021,Towson,142,81.66,136.52
Southern Jaguars,2021,Southern,143,83.86,136.29
Northwestern State Demons,2021,Northwestern State,144,82.19,131.81
Sam Houston Bearkats,2021,Sam Houston,145,80.99,129.09
Texas Southern Tigers,2021,Texas Southern,146,86.22,128.25
Navy Midshipmen,2021,Navy,147,78.81,127.63
Rhode Island Rams,2021,Rhode Island,148,84.36,127.52
North Alabama Lions,2021,North Alabama,149,80.52,123.39
Idaho Vandals,2021,Idaho,150,80.41,122.44
New Mexico State Aggies,2021,New Mexico State,151,79.49,120.4
Austin Peay Governors,2021,Austin Peay,152,83.51,120.07
Hampton Pirates,2021,Hampton,153,83.39,118.86
Tennessee State Tigers,2021,Tennessee State,154,81.94,117.42
Weber State Wildcats,2021,Weber State,155,86.82,116.62
Northern Arizona Lumberjacks,2021,Northern Arizona,156,81.74,115.62
Northern Iowa Panthers,2021,Northern Iowa,157,83.73,108.66
Portland State Vikings,2021,Portland State,158,85.55,108.04
Southern Illinois Salukis,2021,Southern Illinois,159,80.95,107.83
Army Black Knights,2021,Army,160,76.86,105.7
Murray State Racers,2021,Murray State,161,85.11,104.85
James Madison Dukes,2021,James Madison,162,82.97,102.89
Abilene Christian Wildcats,2021,Abilene Christian,163,81.47,101.89
Montana State Bobcats,2021,Montana State,164,82.75,100.89
Maine Black Bears,2021,Maine,165,82.01,95.0
Prairie View A&M Panthers,2021,Prairie View A&M,166,83.24,91.83
Montana Grizzlies,2021,Montana,167,83.2,91.54
Youngstown State Penguins,2021,Youngstown State,168,85.25,90.76
North Carolina Central Eagles,2021,North Carolina Central,170,79.93,88.31
Eastern Illinois Panthers,2021,Eastern Illinois,171,82.67,87.86
Western Illinois Leathernecks,2021,Western Illinois,172,79.87,87.74
Bethune-Cookman Wildcats,2021,Bethune-Cookman,173,84.34,85.42
Morgan State Bears,2021,Morgan State,174,83.99,83.3
Cal Poly Mustangs,2021,Cal Poly,175,81.57,80.3
Stony Brook Seawolves,2021,Stony Brook,176,80.14,80.27
Alabama State Hornets,2021,Alabama State,177,85.77,78.44
Duquesne Dukes,2021,Duquesne,178,82.93,77.09
Alcorn State Braves,2021,Alcorn State,179,80.92,75.84
Idaho State Bengals,2021,Idaho State,180,82.01,71.55
Sacramento State Hornets,2021,Sacramento State,181,84.32,71.2
Samford Bulldogs,2021,Samford,182,84.09,70.11
Central Arkansas Bears,2021,Central Arkansas,183,81.46,68.32
Western Carolina Catamounts,2021,Western Carolina,184,81.13,66.26
Norfolk State Spartans,2021,Norfolk State,185,82.44,61.92
South Dakota Coyotes,2021,South Dakota,186,82.35,61.5
Gardner-Webb Runnin' Bulldogs,2021,Gardner-Webb,187,79.81,58.53
Eastern Washington Eagles,2021,Eastern Washington,188,84.36,57.26
UC Davis Aggies,2021,UC Davis,190,82.89,51.38
Illinois State Redbirds,2021,Illinois State,191,82.8,51.04
North Dakota State Bison,2021,North Dakota State,192,82.62,50.33
Incarnate Word Cardinals,2021,Incarnate Word,193,81.8,47.04
Indiana State Sycamores,2021,Indiana State,194,81.32,45.15
Albany Great Danes,2021,Albany,195,81.23,44.77
Tarleton State Texans,2021,Tarleton State,196,80.96,43.68
Elon Phoenix,2021,Elon,197,84.38,43.03
Arkansas-Pine Bluff Golden Lions,2021,Arkansas-Pine Bluff,198,80.47,41.74
East Tennessee State Buccaneers,2021,East Tennessee State,199,79.69,38.63
William & Mary Tribe,2021,William & Mary,200,82.88,38.56
Southeast Missouri State Redhawks,2021,Southeast Missouri State,201,77.39,36.76
Kennesaw State Owls,2021,Kennesaw State,202,82.23,36.62
Richmond Spiders,2021,Richmond,203,81.96,35.81
South Carolina State Bulldogs,2021,South Carolina State,204,78.78,35.03
Charleston Southern Buccaneers,2021,Charleston Southern,205,81.62,34.78
Mercer Bears,2021,Mercer,206,78.46,33.72
Southern Utah Thunderbirds,2021,Southern Utah,207,80.64,31.85
Furman Paladins,2021,Furman,208,85.22,30.39
Air Force Falcons,2021,Air Force,209,80.13,30.32
Delaware Blue Hens,2021,Delaware,210,79.94,29.77
Robert Morris Colonials,2021,Robert Morris,211,79.53,28.54
Sacred Heart Pioneers,2021,Sacred Heart,212,82.49,24.95
The Citadel Bulldogs,2021,The Citadel,214,81.98,23.94
Fordham Rams,2021,Fordham,216,81.44,22.86
Lafayette Leopards,2021,Lafayette,217,92.42,22.41
Wagner Seahawks,2021,Wagner,218,81.0,21.98
Tennessee Tech Golden Eagles,2021,Tennessee Tech,219,79.61,19.2
Villanova Wildcats,2021,Villanova,221,78.72,17.42
Bryant Bulldogs,2021,Bryant,223,84.6,14.59
Valparaiso Beacons,2021,Valparaiso,225,84.29,14.28
Lamar Cardinals,2021,Lamar (imputed from 2020),211,83.33,13.33
South Dakota State Jackrabbits,2021,South Dakota State,227,83.27,13.27
Monmouth Hawks,2021,Monmouth,228,83.18,13.17
Central Connecticut Blue Devils,2021,Central Connecticut,229,81.34,11.33
Howard Bison,2021,Howard (imputed from 2020),214,80.65,10.64
Wofford Terriers,2021,Wofford,231,77.83,7.83
New Hampshire Wildcats,2021,New Hampshire,232,77.81,7.81
Houston Christian Huskies,2021,Houston Christian,234,75.41,5.41
Alabama Crimson Tide,2022,Alabama,1,94.48,1016.83
Georgia Bulldogs,2022,Georgia,2,93.37,989.89
Ohio State Buckeyes,2022,Ohio State,3,92.82,983.26
Texas A&M Aggies,2022,Texas A&M,4,91.85,948.02
Clemson Tigers,2022,Clemson,5,91.15,943.04
Texas Longhorns,2022,Texas,6,90.8,899.63
Oregon Ducks,2022,Oregon,7,90.54,875.9
LSU Tigers,2022,LSU,8,90.55,874.24
Oklahoma Sooners,2022,Oklahoma,9,90.6,868.81
Notre Dame Fighting Irish,2022,Notre Dame,10,90.64,868.32
USC Trojans,2022,USC,11,89.34,861.93
Miami Hurricanes,2022,Miami,12,89.68,857.08
Michigan Wolverines,2022,Michigan,13,90.16,848.36
Florida Gators,2022,Florida,14,89.43,842.54
Penn State Nittany Lions,2022,Penn State,15,90.1,831.6
North Carolina Tar Heels,2022,North Carolina,16,89.07,825.04
Florida State Seminoles,2022,Florida State,17,88.49,785.76
Auburn Tigers,2022,Auburn,18,88.18,775.0
Tennessee Volunteers,2022,Tennessee,19,87.77,766.29
Washington Huskies,2022,Washington,20,87.59,764.32
South Carolina Gamecocks,2022,South Carolina,21,87.65,763.4
Ole Miss Rebels,2022,Ole Miss,22,87.89,759.29
Stanford Cardinal,2022,Stanford,23,87.92,756.81
Nebraska Cornhuskers,2022,Nebraska,24,87.7,756.71
Arkansas Razorbacks,2022,Arkansas,25,87.8,743.01
Kentucky Wildcats,2022,Kentucky,26,87.8,738.69
UCLA Bruins,2022,UCLA,27,86.28,736.69
Wisconsin Badgers,2022,Wisconsin,28,87.11,732.68
Mississippi State Bulldogs,2022,Mississippi State,29,87.26,728.48
Georgia Tech Yellow Jackets,2022,Georgia Tech,30,87.14,724.43
Missouri Tigers,2022,Missouri,31,86.96,720.65
TCU Horned Frogs,2022,TCU,32,87.02,713.94
Utah Utes,2022,Utah,33,86.58,708.2
Michigan State Spartans,2022,Michigan State,34,86.5,698.53
Maryland Terrapins,2022,Maryland,35,86.86,698.1
UCF Knights,2022,UCF,36,86.02,692.76
NC State Wolfpack,2022,NC State,37,86.71,691.84
Iowa Hawkeyes,2022,Iowa,38,87.04,687.47
Indiana Hoosiers,2022,Indiana,39,86.03,682.36
Oklahoma State Cowboys,2022,Oklahoma State,40,86.39,673.33
Baylor Bears,2022,Baylor,41,86.24,672.5
Boston College Eagles,2022,Boston College,42,86.11,669.44
Arizona State Sun Devils,2022,Arizona State,43,85.93,667.61
West Virginia Mountaineers,2022,West Virginia,44,86.41,667.2
Texas Tech Red Raiders,2022,Texas Tech,45,85.55,662.76
Pittsburgh Panthers,2022,Pittsburgh,46,86.27,657.98
California Golden Bears,2022,California,47,85.85,657.54
Cincinnati Bearcats,2022,Cincinnati,48,85.73,656.8
Northwestern Wildcats,2022,Northwestern,49,85.93,655.91
Minnesota Golden Gophers,2022,Minnesota,50,85.42,653.14
Arizona Wildcats,2022,Arizona,51,84.91,652.69
Virginia Tech Hokies,2022,Virginia Tech,52,85.73,648.58
Purdue Boilermakers,2022,Purdue,53,85.03,647.46
Oregon State Beavers,2022,Oregon State,54,84.95,638.19
SMU Mustangs,2022,SMU,55,84.71,636.22
Houston Cougars,2022,Houston,56,84.83,633.55
Illinois Fighting Illini,2022,Illinois,57,85.3,633.4
Rutgers Scarlet Knights,2022,Rutgers,58,85.14,633.08
Louisville Cardinals,2022,Louisville,59,85.3,628.83
Vanderbilt Commodores,2022,Vanderbilt,60,85.21,625.61
Iowa State Cyclones,2022,Iowa State,61,85.68,625.28
Virginia Cavaliers,2022,Virginia,62,85.37,624.05
Colorado Buffaloes,2022,Colorado,63,85.07,613.42
Duke Blue Devils,2022,Duke,64,85.04,607.88
South Florida Bulls,2022,South Florida,65,84.55,602.77
Syracuse Orange,2022,Syracuse,66,84.94,600.1
Jackson State Tigers,2022,Jackson State,67,85.91,599.27
Memphis Tigers,2022,Memphis,68,84.51,598.59
Florida Atlantic Owls,2022,Florida Atlantic,69,84.22,589.31
Kansas State Wildcats,2022,Kansas State,70,84.51,587.15
Kansas Jayhawks,2022,Kansas,71,83.69,580.68
Wake Forest Demon Deacons,2022,Wake Forest,72,83.89,579.13
Washington State Cougars,2022,Washington State,73,83.89,576.6
Boise State Broncos,2022,Boise State,74,84.29,569.01
Tulane Green Wave,2022,Tulane,75,83.92,567.35
BYU Cougars,2022,BYU,76,82.79,564.1
Fresno State Bulldogs,2022,Fresno State,77,82.97,560.38
UTSA Roadrunners,2022,UTSA,78,82.99,550.88
Western Kentucky Hilltoppers,2022,Western Kentucky,79,82.96,543.81
Arkansas State Red Wolves,2022,Arkansas State,80,83.43,539.02
East Carolina Pirates,2022,East Carolina,81,82.94,534.7
Temple Owls,2022,Temple,82,82.84,533.0
North Texas Mean Green,2022,North Texas,83,83.02,528.94
Charlotte 49ers,2022,Charlotte,84,82.38,524.05
Tulsa Golden Hurricane,2022,Tulsa,85,82.66,523.62
Louisiana Ragin' Cajuns,2022,Louisiana,86,82.7,517.29
San José State Spartans,2022,San Jose State,87,81.83,511.62
Coastal Carolina Chanticleers,2022,Coastal Carolina,88,81.87,511.21
Louisiana Tech Bulldogs,2022,Louisiana Tech,89,83.37,511.05
Florida International Panthers,2022,FIU,90,82.77,508.47
Appalachian State Mountaineers,2022,Appalachian State,91,81.96,505.43
Toledo Rockets,2022,Toledo,92,83.19,504.4
Massachusetts Minutemen,2022,UMass,93,81.54,503.05
South Alabama Jaguars,2022,South Alabama,94,82.12,501.3
Colorado State Rams,2022,Colorado State,95,82.64,499.58
Georgia State Panthers,2022,Georgia State,96,81.67,497.88
UAB Blazers,2022,UAB,97,81.81,491.88
Troy Trojans,2022,Troy,98,82.82,491.1
Akron Zips,2022,Akron,99,82.86,490.47
San Diego State Aztecs,2022,San Diego State,100,83.33,488.97
Utah State Aggies,2022,Utah State,101,82.71,483.03
Middle Tennessee Blue Raiders,2022,Middle Tennessee,102,81.99,482.88
Southern Miss Golden Eagles,2022,Southern Miss,103,82.74,482.43
Rice Owls,2022,Rice,104,81.2,479.94
Texas State Bobcats,2022,Texas State,105,81.87,478.81
Southern Mississippi Golden Eagles,2022,Southern Miss (imputed from 2020),85,81.5,477.77
Marshall Thundering Herd,2022,Marshall,106,82.59,475.21
Georgia Southern Eagles,2022,Georgia Southern,107,82.07,465.31
Nevada Wolf Pack,2022,Nevada,108,81.8,465.19
Western Michigan Broncos,2022,Western Michigan,109,82.14,455.43
Hawai'i Rainbow Warriors,2022,Hawaii,110,81.61,447.63
Old Dominion Monarchs,2022,Old Dominion,111,81.55,446.1
UNLV Rebels,2022,UNLV,112,83.04,441.29
Bowling Green Falcons,2022,Bowling Green,113,81.68,418.26
Ball State Cardinals,2022,Ball State,114,80.79,417.01
Northern Illinois Huskies,2022,Northern Illinois,115,81.28,414.63
Eastern Michigan Eagles,2022,Eastern Michigan,116,80.47,410.1
Miami (OH) RedHawks,2022,Miami (OH),117,82.02,407.83
New Mexico Lobos,2022,New Mexico,118,80.63,393.53
Central Michigan Chippewas,2022,Central Michigan,119,80.93,389.46
Kent State Golden Flashes,2022,Kent State,120,81.34,389.42
Wyoming Cowboys,2022,Wyoming,121,80.75,387.32
Buffalo Bulls,2022,Buffalo,122,82.41,376.54
Ohio Bobcats,2022,Ohio,123,80.31,368.94
UL Monroe Warhawks,2022,Louisiana-Monroe,124,81.13,363.79
UConn Huskies,2022,UConn,125,82.55,355.96
UTEP Miners,2022,UTEP,126,78.46,350.22
New Mexico State Aggies,2022,New Mexico State,127,81.27,331.08
Alabama A&M Bulldogs,2022,Alabama A&M,128,84.19,281.32
Missouri State Bears,2022,Missouri State,129,82.81,261.95
Jacksonville State Gamecocks,2022,Jacksonville State,130,85.73,256.28
Florida A&M Rattlers,2022,Florida A&M,131,84.01,251.92
Abilene Christian Wildcats,2022,Abilene Christian,132,83.27,251.11
Chattanooga Mocs,2022,Chattanooga,133,82.68,238.13
Sam Houston Bearkats,2022,Sam Houston,135,84.42,235.29
Northern Colorado Bears,2022,Northern Colorado,136,85.76,228.2
Eastern Kentucky Colonels,2022,Eastern Kentucky,137,81.98,225.09
Bethune-Cookman Wildcats,2022,Bethune-Cookman,138,85.03,217.23
Liberty Flames,2022,Liberty,139,84.53,210.94
Alabama State Hornets,2022,Alabama State,140,85.36,208.22
Tennessee State Tigers,2022,Tennessee State,141,83.98,202.85
Towson Tigers,2022,Towson,142,83.05,200.58
Northern Iowa Panthers,2022,Northern Iowa,143,84.68,185.49
Southern Illinois Salukis,2022,Southern Illinois,144,80.67,183.5
Southern Jaguars,2022,Southern,145,83.2,178.98
Rhode Island Rams,2022,Rhode Island,147,83.09,165.65
McNeese Cowboys,2022,McNeese,148,83.33,155.86
Incarnate Word Cardinals,2022,Incarnate Word,149,83.07,153.08
Northwestern State Demons,2022,Northwestern State,150,85.12,148.57
Stephen F. Austin Lumberjacks,2022,Stephen F. Austin,151,83.24,143.03
North Carolina A&T Aggies,2022,North Carolina A&T,152,84.55,142.99
Navy Midshipmen,2022,Navy (imputed from 2021),147,78.81,127.63
UT Martin Skyhawks,2022,UT Martin,153,81.7,126.27
Campbell Fighting Camels,2022,Campbell,154,84.02,124.47
Austin Peay Governors,2022,Austin Peay,155,82.36,121.63
Eastern Washington Eagles,2022,Eastern Washington,156,82.33,121.34
James Madison Dukes,2022,James Madison,157,82.12,119.16
Montana Grizzlies,2022,Montana,158,83.29,117.8
UC Davis Aggies,2022,UC Davis,159,82.61,111.99
Central Arkansas Bears,2022,Central Arkansas,160,84.03,110.97
Alcorn State Braves,2022,Alcorn State,161,82.47,110.65
Portland State Vikings,2022,Portland State,162,85.91,110.5
North Alabama Lions,2022,North Alabama,163,82.19,108.18
Illinois State Redbirds,2022,Illinois State,164,83.5,106.79
Western Illinois Leathernecks,2022,Western Illinois,165,80.7,105.38
Nicholls Colonels,2022,Nicholls,166,82.7,100.39
Samford Bulldogs,2022,Samford,167,82.69,100.34
Montana State Bobcats,2022,Montana State,168,84.17,98.27
Sacramento State Hornets,2022,Sacramento State,169,86.23,96.73
Youngstown State Penguins,2022,Youngstown State,170,85.92,94.81
Albany Great Danes,2022,Albany,171,83.34,92.55
Norfolk State Spartans,2022,Norfolk State,172,83.14,91.18
Texas Southern Tigers,2022,Texas Southern,173,84.82,88.37
Duquesne Dukes,2022,Duquesne,174,82.4,86.0
Hampton Pirates,2022,Hampton,175,84.19,84.5
East Tennessee State Buccaneers,2022,East Tennessee State,177,80.51,83.08
Idaho Vandals,2022,Idaho,178,81.83,82.22
Prairie View A&M Panthers,2022,Prairie View A&M,179,83.33,79.43
Indiana State Sycamores,2022,Indiana State,180,84.2,70.64
Stony Brook Seawolves,2022,Stony Brook,181,80.02,69.58
Furman Paladins,2022,Furman,182,83.59,67.63
Elon Phoenix,2022,Elon,183,83.06,64.96
Southern Utah Thunderbirds,2022,Southern Utah,184,79.34,64.76
Morgan State Bears,2022,Morgan State,185,85.97,63.7
Northern Arizona Lumberjacks,2022,Northern Arizona,186,81.86,58.98
Murray State Racers,2022,Murray State,187,81.37,56.6
Cal Poly Mustangs,2022,Cal Poly,188,81.24,55.91
Eastern Illinois Panthers,2022,Eastern Illinois,189,81.22,55.8
Richmond Spiders,2022,Richmond,190,81.15,55.5
Maine Black Bears,2022,Maine,191,80.99,54.69
Weber State Wildcats,2022,Weber State,192,87.76,53.15
Western Carolina Catamounts,2022,Western Carolina,193,80.61,52.78
North Carolina Central Eagles,2022,North Carolina Central,194,80.42,51.95
South Dakota Coyotes,2022,South Dakota,195,80.43,51.92
Delaware Blue Hens,2022,Delaware,196,82.39,49.37
Lamar Cardinals,2022,Lamar,197,82.29,48.97
Idaho State Bengals,2022,Idaho State,198,81.75,46.82
Tennessee Tech Golden Eagles,2022,Tennessee Tech,199,81.02,43.93
Tarleton State Texans,2022,Tarleton State (imputed from 2021),196,80.96,43.68
Kennesaw State Owls,2022,Kennesaw State,201,80.2,40.64
Fordham Rams,2022,Fordham,202,80.19,40.62
Gardner-Webb Runnin' Bulldogs,2022,Gardner-Webb,203,80.05,40.08
Wagner Seahawks,2022,Wagner,204,83.29,39.77
Mercer Bears,2022,Mercer,205,79.56,38.11
South Carolina State Bulldogs,2022,South Carolina State,206,78.78,35.03
Air Force Falcons,2022,Air Force (imputed from 2021),209,80.13,30.32
Monmouth Hawks,2022,Monmouth,209,84.29,28.53
Charleston Southern Buccaneers,2022,Charleston Southern,210,84.24,28.44
Southeast Missouri State Redhawks,2022,Southeast Missouri State,211,76.55,26.12
North Dakota State Bison,2022,North Dakota State,212,82.77,25.5
Sacred Heart Pioneers,2022,Sacred Heart (imputed from 2021),212,82.49,24.95
New Hampshire Wildcats,2022,New Hampshire,213,78.22,24.6
Bryant Bulldogs,2022,Bryant,214,81.79,23.55
Lafayette Leopards,2022,Lafayette,215,92.42,22.41
Robert Morris Colonials,2022,Robert Morris,216,80.94,21.85
The Citadel Bulldogs,2022,The Citadel,217,80.55,21.07
Arkansas-Pine Bluff Golden Lions,2022,Arkansas-Pine Bluff,218,76.86,20.54
Wofford Terriers,2022,Wofford,220,79.09,18.15
Army Black Knights,2022,Army,222,78.64,17.27
Villanova Wildcats,2022,Villanova,225,77.98,15.94
Colgate Raiders,2022,Colgate,226,84.44,14.43
Valparaiso Beacons,2022,Valparaiso,228,81.86,11.85
Central Connecticut Blue Devils,2022,Central Connecticut,229,81.34,11.33
Drake Bulldogs,2022,Drake,230,80.98,10.98
William & Mary Tribe,2022,William & Mary,231,80.65,10.64
Howard Bison,2022,Howard (imputed from 2020),214,80.65,10.64
Bucknell Bison,2022,Bucknell,233,77.81,7.8
South Dakota State Jackrabbits,2022,South Dakota State,234,75.97,5.97
Houston Christian Huskies,2022,Houston Christian,235,75.41,5.41
Alabama Crimson Tide,2023,Alabama,1,94.49,1015.43
Georgia Bulldogs,2023,Georgia,2,93.0,977.8
Ohio State Buckeyes,2023,Ohio State,3,93.32,974.79
Texas A&M Aggies,2023,Texas A&M,4,91.06,926.2
Clemson Tigers,2023,Clemson,5,91.17,917.88
Texas Longhorns,2023,Texas,6,90.96,913.24
LSU Tigers,2023,LSU,7,90.73,899.31
USC Trojans,2023,USC,8,89.9,896.41
Oklahoma Sooners,2023,Oklahoma,9,90.5,884.97
Oregon Ducks,2023,Oregon,10,90.29,874.74
Notre Dame Fighting Irish,2023,Notre Dame,11,91.16,870.7
Miami Hurricanes,2023,Miami,12,89.96,860.27
Penn State Nittany Lions,2023,Penn State,13,90.37,858.06
Michigan Wolverines,2023,Michigan,14,90.51,850.43
Florida Gators,2023,Florida,15,89.39,844.17
Tennessee Volunteers,2023,Tennessee,16,89.32,821.07
North Carolina Tar Heels,2023,North Carolina,17,88.71,805.63
Auburn Tigers,2023,Auburn,18,87.84,770.21
TCU Horned Frogs,2023,TCU,19,88.23,768.25
Florida State Seminoles,2023,Florida State,20,87.93,766.74
Nebraska Cornhuskers,2023,Nebraska,21,88.04,765.2
South Carolina Gamecocks,2023,South Carolina,22,87.71,763.02
Ole Miss Rebels,2023,Ole Miss,23,87.6,755.79
UCLA Bruins,2023,UCLA,24,87.1,752.28
Missouri Tigers,2023,Missouri,25,88.02,751.31
Washington Huskies,2023,Washington,26,87.6,751.12
Michigan State Spartans,2023,Michigan State,27,87.64,747.17
Louisville Cardinals,2023,Louisville,28,87.47,744.16
Mississippi State Bulldogs,2023,Mississippi State,29,88.05,742.75
Wisconsin Badgers,2023,Wisconsin,30,87.47,741.63
Kentucky Wildcats,2023,Kentucky,31,88.01,738.83
Arkansas Razorbacks,2023,Arkansas,32,87.59,730.93
Utah Utes,2023,Utah,33,87.02,722.55
SMU Mustangs,2023,SMU,34,86.78,714.21
Colorado Buffaloes,2023,Colorado,35,86.72,712.76
Georgia Tech Yellow Jackets,2023,Georgia Tech,36,87.23,710.85
Stanford Cardinal,2023,Stanford,37,86.82,710.28
NC State Wolfpack,2023,NC State,38,86.91,700.85
Pittsburgh Panthers,2023,Pittsburgh,39,87.16,700.42
Texas Tech Red Raiders,2023,Texas Tech,40,86.43,694.26
Iowa Hawkeyes,2023,Iowa,41,87.04,691.07
Maryland Terrapins,2023,Maryland,42,86.81,685.75
Arizona Wildcats,2023,Arizona,43,85.85,682.9
Arizona State Sun Devils,2023,Arizona State,44,86.71,681.32
California Golden Bears,2023,California,45,86.41,681.14
Baylor Bears,2023,Baylor,46,86.98,678.0
Indiana Hoosiers,2023,Indiana,47,86.25,674.04
Purdue Boilermakers,2023,Purdue,48,86.58,671.1
Houston Cougars,2023,Houston,49,86.14,670.25
West Virginia Mountaineers,2023,West Virginia,50,86.13,666.23
Cincinnati Bearcats,2023,Cincinnati,51,86.41,663.68
Northwestern Wildcats,2023,Northwestern,52,86.26,657.88
UCF Knights,2023,UCF,53,85.94,653.97
Boston College Eagles,2023,Boston College,54,85.8,650.23
Oklahoma State Cowboys,2023,Oklahoma State,55,85.95,649.79
Oregon State Beavers,2023,Oregon State,56,85.79,648.55
Minnesota Golden Gophers,2023,Minnesota,57,85.49,640.46
Vanderbilt Commodores,2023,Vanderbilt,58,85.78,639.88
Virginia Tech Hokies,2023,Virginia Tech,59,86.08,638.89
Iowa State Cyclones,2023,Iowa State,60,86.06,638.87
Rutgers Scarlet Knights,2023,Rutgers,61,85.62,636.35
Kansas Jayhawks,2023,Kansas,62,84.75,632.68
Illinois Fighting Illini,2023,Illinois,63,85.19,627.26
Memphis Tigers,2023,Memphis,64,85.29,626.86
South Florida Bulls,2023,South Florida,65,85.03,622.89
Virginia Cavaliers,2023,Virginia,66,85.53,622.7
Duke Blue Devils,2023,Duke,67,85.63,620.9
Kansas State Wildcats,2023,Kansas State,68,85.45,616.0
Syracuse Orange,2023,Syracuse,69,85.15,610.75
Wake Forest Demon Deacons,2023,Wake Forest,70,84.62,603.68
Tulane Green Wave,2023,Tulane,71,84.47,583.42
Florida Atlantic Owls,2023,Florida Atlantic,72,84.24,582.59
Boise State Broncos,2023,Boise State,73,84.75,579.88
BYU Cougars,2023,BYU,74,83.05,576.25
UTSA Roadrunners,2023,UTSA,75,83.87,574.01
Washington State Cougars,2023,Washington State,76,84.03,568.56
Massachusetts Minutemen,2023,UMass,77,83.31,565.65
East Carolina Pirates,2023,East Carolina,78,83.83,563.18
Fresno State Bulldogs,2023,Fresno State,79,83.43,555.3
Charlotte 49ers,2023,Charlotte,80,84.61,554.96
Temple Owls,2023,Temple,81,83.84,554.47
South Alabama Jaguars,2023,South Alabama,82,83.4,545.68
Tulsa Golden Hurricane,2023,Tulsa,83,83.43,520.23
Appalachian State Mountaineers,2023,Appalachian State,84,83.13,517.56
Coastal Carolina Chanticleers,2023,Coastal Carolina,85,82.82,515.69
San José State Spartans,2023,San Jose State,86,82.37,513.83
Georgia State Panthers,2023,Georgia State,87,82.17,499.67
Toledo Rockets,2023,Toledo,88,84.54,497.64
Western Kentucky Hilltoppers,2023,Western Kentucky,89,83.08,495.37
Arkansas State Red Wolves,2023,Arkansas State,90,84.54,492.11
Middle Tennessee Blue Raiders,2023,Middle Tennessee,91,83.01,491.3
Florida International Panthers,2023,FIU,92,83.19,487.5
Marshall Thundering Herd,2023,Marshall,93,83.71,485.86
UConn Huskies,2023,UConn,94,83.14,484.94
Akron Zips,2023,Akron,95,83.74,482.6
Texas State Bobcats,2023,Texas State,96,83.92,478.85
Southern Mississippi Golden Eagles,2023,Southern Miss (imputed from 2020),85,81.5,477.77
Louisiana Ragin' Cajuns,2023,Louisiana,97,83.46,475.45
North Texas Mean Green,2023,North Texas,98,83.2,474.38
Nevada Wolf Pack,2023,Nevada,99,83.32,474.29
UAB Blazers,2023,UAB,100,83.61,473.46
Rice Owls,2023,Rice,101,82.8,466.78
Troy Trojans,2023,Troy,102,83.8,454.06
San Diego State Aztecs,2023,San Diego State,103,84.39,440.15
Utah State Aggies,2023,Utah State,104,83.18,435.99
Louisiana Tech Bulldogs,2023,Louisiana Tech,105,83.47,433.72
Southern Miss Golden Eagles,2023,Southern Miss,106,83.86,425.21
Georgia Southern Eagles,2023,Georgia Southern,107,82.95,422.81
Colorado State Rams,2023,Colorado State,108,83.17,413.96
Miami (OH) RedHawks,2023,Miami (OH),109,83.09,408.16
Hawai'i Rainbow Warriors,2023,Hawaii,110,82.46,407.77
Bowling Green Falcons,2023,Bowling Green,111,82.37,397.62
Western Michigan Broncos,2023,Western Michigan,112,82.53,387.35
New Mexico State Aggies,2023,New Mexico State,113,82.96,386.53
UTEP Miners,2023,UTEP,114,80.18,379.64
Eastern Michigan Eagles,2023,Eastern Michigan,115,82.0,377.07
New Mexico Lobos,2023,New Mexico,116,81.86,375.35
Kent State Golden Flashes,2023,Kent State,117,83.33,373.33
Jackson State Tigers,2023,Jackson State,118,85.4,366.17
UNLV Rebels,2023,UNLV,119,83.8,354.46
Northern Illinois Huskies,2023,Northern Illinois,120,81.74,352.36
Old Dominion Monarchs,2023,Old Dominion,121,82.14,343.17
Ohio Bobcats,2023,Ohio,122,81.15,342.6
Liberty Flames,2023,Liberty,123,84.81,339.18
Wyoming Cowboys,2023,Wyoming,124,81.07,338.5
Ball State Cardinals,2023,Ball State,125,80.51,338.1
Florida A&M Rattlers,2023,Florida A&M,126,84.84,337.83
Central Michigan Chippewas,2023,Central Michigan,127,81.58,332.64
UL Monroe Warhawks,2023,Louisiana-Monroe,128,83.04,327.5
Abilene Christian Wildcats,2023,Abilene Christian,129,85.69,306.57
Incarnate Word Cardinals,2023,Incarnate Word,130,84.87,304.31
Buffalo Bulls,2023,Buffalo,131,82.54,296.09
Campbell Fighting Camels,2023,Campbell,132,85.24,274.01
Sam Houston Bearkats,2023,Sam Houston,133,84.01,240.42
UT Martin Skyhawks,2023,UT Martin,134,83.44,230.53
Alabama State Hornets,2023,Alabama State,135,84.09,229.21
Jacksonville State Gamecocks,2023,Jacksonville State,136,84.76,227.27
Alabama A&M Bulldogs,2023,Alabama A&M,137,83.72,223.51
Eastern Kentucky Colonels,2023,Eastern Kentucky,138,81.66,221.17
Missouri State Bears,2023,Missouri State,139,83.53,207.66
Chattanooga Mocs,2023,Chattanooga,140,82.46,201.79
James Madison Dukes,2023,James Madison,141,83.59,196.53
Rhode Island Rams,2023,Rhode Island,142,84.12,191.72
Bethune-Cookman Wildcats,2023,Bethune-Cookman,143,84.01,190.26
Stony Brook Seawolves,2023,Stony Brook,144,82.83,185.5
Northern Iowa Panthers,2023,Northern Iowa,145,84.62,184.63
Southern Jaguars,2023,Southern,146,83.97,176.65
Stephen F. Austin Lumberjacks,2023,Stephen F. Austin,147,83.63,172.29
North Alabama Lions,2023,North Alabama,149,83.92,163.24
Northwestern State Demons,2023,Northwestern State,150,84.66,157.75
Montana Grizzlies,2023,Montana,151,82.81,149.93
Northern Arizona Lumberjacks,2023,Northern Arizona,152,82.65,148.76
Northern Colorado Bears,2023,Northern Colorado,153,86.39,145.36
Tennessee State Tigers,2023,Tennessee State,154,84.48,142.51
Prairie View A&M Panthers,2023,Prairie View A&M,155,83.75,135.18
Navy Midshipmen,2023,Navy (imputed from 2021),147,78.81,127.63
Austin Peay Governors,2023,Austin Peay,156,83.58,120.36
East Tennessee State Buccaneers,2023,East Tennessee State,157,83.5,119.73
Montana State Bobcats,2023,Montana State,158,84.96,118.32
Southern Illinois Salukis,2023,Southern Illinois,159,83.0,115.37
Illinois State Redbirds,2023,Illinois State,160,84.56,114.98
Samford Bulldogs,2023,Samford,161,82.81,113.82
Alcorn State Braves,2023,Alcorn State,162,84.2,112.33
Duquesne Dukes,2023,Duquesne,163,84.06,111.13
Southern Utah Thunderbirds,2023,Southern Utah,164,82.37,109.83
Lamar Cardinals,2023,Lamar,165,82.3,108.97
North Carolina A&T Aggies,2023,North Carolina A&T,166,83.66,108.08
Morgan State Bears,2023,Morgan State,168,85.21,105.49
Delaware Blue Hens,2023,Delaware,169,84.3,99.19
South Dakota Coyotes,2023,South Dakota,170,83.92,96.61
Cal Poly Mustangs,2023,Cal Poly,171,89.04,94.82
Houston Christian Huskies,2023,Houston Christian,172,83.34,92.51
Hampton Pirates,2023,Hampton,173,83.12,91.03
Norfolk State Spartans,2023,Norfolk State,174,82.43,86.27
Eastern Illinois Panthers,2023,Eastern Illinois,175,82.38,85.97
Towson Tigers,2023,Towson,176,82.36,85.9
Central Arkansas Bears,2023,Central Arkansas,177,84.26,84.99
Portland State Vikings,2023,Portland State,178,84.15,84.34
Sacramento State Hornets,2023,Sacramento State,179,84.07,83.86
Eastern Washington Eagles,2023,Eastern Washington,180,81.68,81.05
Gardner-Webb Runnin' Bulldogs,2023,Gardner-Webb,181,81.65,80.81
Indiana State Sycamores,2023,Indiana State,182,83.52,80.56
Murray State Racers,2023,Murray State,183,81.53,80.0
Western Illinois Leathernecks,2023,Western Illinois,184,79.87,78.14
UC Davis Aggies,2023,UC Davis,185,83.0,77.46
Mercer Bears,2023,Mercer,186,82.34,73.53
Western Carolina Catamounts,2023,Western Carolina,187,84.09,70.13
North Dakota State Bison,2023,North Dakota State,188,82.71,63.21
Elon Phoenix,2023,Elon,190,82.53,62.31
Albany Great Danes,2023,Albany,191,80.43,62.15
Youngstown State Penguins,2023,Youngstown State,192,85.32,61.05
Weber State Wildcats,2023,Weber State,193,84.99,59.72
North Carolina Central Eagles,2023,North Carolina Central,194,84.81,59.04
Kennesaw State Owls,2023,Kennesaw State,195,81.83,58.84
Nicholls Colonels,2023,Nicholls,196,81.45,57.04
Furman Paladins,2023,Furman,197,81.29,56.18
Texas Southern Tigers,2023,Texas Southern,198,88.33,54.86
Maine Black Bears,2023,Maine,199,81.02,54.85
McNeese Cowboys,2023,McNeese,200,83.3,53.0
Monmouth Hawks,2023,Monmouth,201,83.17,52.49
Idaho Vandals,2023,Idaho,202,81.9,47.44
Robert Morris Colonials,2023,Robert Morris,203,81.79,46.99
Bryant Bulldogs,2023,Bryant,204,81.33,45.14
Central Connecticut Blue Devils,2023,Central Connecticut,205,84.95,44.75
Tarleton State Texans,2023,Tarleton State (imputed from 2021),196,80.96,43.68
Fordham Rams,2023,Fordham,206,84.32,42.87
Wofford Terriers,2023,Wofford,207,80.68,42.55
The Citadel Bulldogs,2023,The Citadel,208,82.11,36.24
Tennessee Tech Golden Eagles,2023,Tennessee Tech,209,81.62,34.79
South Carolina State Bulldogs,2023,South Carolina State,210,81.04,33.04
Arkansas-Pine Bluff Golden Lions,2023,Arkansas-Pine Bluff,211,86.41,32.77
Howard Bison,2023,Howard,212,85.65,31.25
Air Force Falcons,2023,Air Force (imputed from 2021),209,80.13,30.32
Southeast Missouri State Redhawks,2023,Southeast Missouri State,213,77.55,30.08
Delaware State Hornets,2023,Delaware State,214,84.39,28.74
Idaho State Bengals,2023,Idaho State,215,83.81,27.59
Richmond Spiders,2023,Richmond,217,83.27,26.51
Wagner Seahawks,2023,Wagner,218,83.11,26.18
Bucknell Bison,2023,Bucknell,220,82.83,25.64
South Dakota State Jackrabbits,2023,South Dakota State,221,81.8,23.58
Lafayette Leopards,2023,Lafayette,222,92.42,22.41
Sacred Heart Pioneers,2023,Sacred Heart,225,88.0,17.99
Army Black Knights,2023,Army (imputed from 2022),222,78.64,17.27
New Hampshire Wildcats,2023,New Hampshire,228,78.12,16.21
Charleston Southern Buccaneers,2023,Charleston Southern,229,86.11,16.1
Colgate Raiders,2023,Colgate (imputed from 2022),226,84.44,14.43
North Dakota Fighting Hawks,2023,North Dakota,231,77.19,14.37
Valparaiso Beacons,2023,Valparaiso (imputed from 2022),228,81.86,11.85
Holy Cross Crusaders,2023,Holy Cross,233,81.17,11.16
Drake Bulldogs,2023,Drake,234,80.98,10.98
William & Mary Tribe,2023,William & Mary (imputed from 2022),231,80.65,10.64
Villanova Wildcats,2023,Villanova,237,74.33,4.33
Alabama Crimson Tide,2024,Alabama,1,93.79,1018.28
Georgia Bulldogs,2024,Georgia,2,92.85,1008.21
Ohio State Buckeyes,2024,Ohio State,3,93.29,998.62
Texas Longhorns,2024,Texas,4,91.98,953.95
Clemson Tigers,2024,Clemson,5,90.89,924.63
Oregon Ducks,2024,Oregon,6,90.42,916.71
Oklahoma Sooners,2024,Oklahoma,7,90.07,906.61
LSU Tigers,2024,LSU,8,90.86,906.19
Notre Dame Fighting Irish,2024,Notre Dame,9,91.14,905.52
Texas A&M Aggies,2024,Texas A&M,10,90.44,905.25
Penn State Nittany Lions,2024,Penn State,11,90.67,895.42
Florida Gators,2024,Florida,12,90.09,894.24
Florida State Seminoles,2024,Florida State,13,89.63,879.48
Miami Hurricanes,2024,Miami,14,89.65,868.15
USC Trojans,2024,USC,15,89.91,863.09
Michigan Wolverines,2024,Michigan,16,89.96,859.21
Tennessee Volunteers,2024,Tennessee,17,89.54,858.67
Auburn Tigers,2024,Auburn,18,89.3,833.61
Missouri Tigers,2024,Missouri,19,88.68,807.36
Ole Miss Rebels,2024,Ole Miss,20,88.84,801.66
South Carolina Gamecocks,2024,South Carolina,21,88.32,798.18
North Carolina Tar Heels,2024,North Carolina,22,88.78,794.99
Nebraska Cornhuskers,2024,Nebraska,23,87.93,790.42
Kentucky Wildcats,2024,Kentucky,24,88.63,788.36
SMU Mustangs,2024,SMU,25,88.36,788.22
Arkansas Razorbacks,2024,Arkansas,26,87.94,779.17
Wisconsin Badgers,2024,Wisconsin,27,88.12,771.35
TCU Horned Frogs,2024,TCU,28,88.08,766.5
UCLA Bruins,2024,UCLA,29,87.68,758.87
Arizona State Sun Devils,2024,Arizona State,30,87.13,756.0
Colorado Buffaloes,2024,Colorado,31,87.95,749.16
Utah Utes,2024,Utah,32,87.79,745.21
UCF Knights,2024,UCF,33,86.94,744.89
Mississippi State Bulldogs,2024,Mississippi State,34,87.52,743.77
Washington Huskies,2024,Washington,35,87.98,741.11
Louisville Cardinals,2024,Louisville,36,86.96,739.28
Purdue Boilermakers,2024,Purdue,37,87.27,738.93
Texas Tech Red Raiders,2024,Texas Tech,38,87.36,732.07
Iowa Hawkeyes,2024,Iowa,39,87.36,723.51
NC State Wolfpack,2024,NC State,40,87.45,722.41
Michigan State Spartans,2024,Michigan State,41,86.96,721.75
Stanford Cardinal,2024,Stanford,42,87.06,719.43
Pittsburgh Panthers,2024,Pittsburgh,43,86.9,713.74
Baylor Bears,2024,Baylor,44,87.38,709.46
Minnesota Golden Gophers,2024,Minnesota,45,86.59,705.22
Georgia Tech Yellow Jackets,2024,Georgia Tech,46,86.97,702.57
California Golden Bears,2024,California,47,86.25,702.38
Syracuse Orange,2024,Syracuse,48,86.6,698.59
Kansas Jayhawks,2024,Kansas,49,86.03,696.92
Vanderbilt Commodores,2024,Vanderbilt,50,86.34,695.63
Maryland Terrapins,2024,Maryland,51,86.58,695.59
Virginia Tech Hokies,2024,Virginia Tech,52,86.68,695.42
Oklahoma State Cowboys,2024,Oklahoma State,53,86.29,687.76
West Virginia Mountaineers,2024,West Virginia,54,86.44,684.9
Northwestern Wildcats,2024,Northwestern,55,86.08,675.78
Arizona Wildcats,2024,Arizona,56,85.95,672.7
Indiana Hoosiers,2024,Indiana,57,85.89,668.92
Boston College Eagles,2024,Boston College,58,86.06,667.91
Rutgers Scarlet Knights,2024,Rutgers,59,85.88,663.55
Cincinnati Bearcats,2024,Cincinnati,60,86.18,662.34
Virginia Cavaliers,2024,Virginia,61,85.85,662.28
Tulane Green Wave,2024,Tulane,62,85.21,654.07
Illinois Fighting Illini,2024,Illinois,63,85.61,653.75
Kansas State Wildcats,2024,Kansas State,64,85.84,650.45
UTSA Roadrunners,2024,UTSA,65,85.23,648.59
Charlotte 49ers,2024,Charlotte,66,85.22,648.28
Houston Cougars,2024,Houston,67,85.61,646.7
Iowa State Cyclones,2024,Iowa State,68,86.11,642.12
South Florida Bulls,2024,South Florida,69,85.27,641.02
Duke Blue Devils,2024,Duke,70,85.56,635.89
Wake Forest Demon Deacons,2024,Wake Forest,71,85.35,635.45
Memphis Tigers,2024,Memphis,72,84.79,633.44
Oregon State Beavers,2024,Oregon State,73,86.09,626.97
East Carolina Pirates,2024,East Carolina,74,84.54,612.26
Washington State Cougars,2024,Washington State,75,84.65,610.54
Boise State Broncos,2024,Boise State,76,84.72,608.26
San Diego State Aztecs,2024,San Diego State,77,85.02,607.64
BYU Cougars,2024,BYU,78,84.19,602.46
North Texas Mean Green,2024,North Texas,79,84.58,595.42
Florida Atlantic Owls,2024,Florida Atlantic,80,84.75,592.16
Marshall Thundering Herd,2024,Marshall,81,85.71,587.22
Massachusetts Minutemen,2024,UMass,82,84.93,585.57
UAB Blazers,2024,UAB,83,84.74,583.23
App State Mountaineers,2024,Appalachian State,84,83.8,575.31
UNLV Rebels,2024,UNLV,85,84.6,575.16
Arkansas State Red Wolves,2024,Arkansas State,86,83.9,573.27
Toledo Rockets,2024,Toledo,87,84.61,571.92
Liberty Flames,2024,Liberty,88,85.3,569.65
Fresno State Bulldogs,2024,Fresno State,89,83.49,568.31
Georgia State Panthers,2024,Georgia State,90,83.7,567.36
Southern Miss Golden Eagles,2024,Southern Miss,91,84.75,563.62
Coastal Carolina Chanticleers,2024,Coastal Carolina,92,84.28,557.61
Tulsa Golden Hurricane,2024,Tulsa,93,84.46,556.71
Louisiana Ragin' Cajuns,2024,Louisiana,94,83.71,553.39
South Alabama Jaguars,2024,South Alabama,95,83.42,551.21
Texas State Bobcats,2024,Texas State,96,84.54,550.53
Western Michigan Broncos,2024,Western Michigan,97,83.69,547.19
Colorado State Rams,2024,Colorado State,98,83.67,546.04
Utah State Aggies,2024,Utah State,99,83.51,543.56
Rice Owls,2024,Rice,100,82.91,538.4
UConn Huskies,2024,UConn,101,83.53,537.91
Akron Zips,2024,Akron,102,83.39,537.82
Temple Owls,2024,Temple,103,83.87,532.46
Louisiana Tech Bulldogs,2024,Louisiana Tech,104,83.4,530.18
Georgia Southern Eagles,2024,Georgia Southern,105,83.26,527.99
Nevada Wolf Pack,2024,Nevada,106,84.57,523.21
Western Kentucky Hilltoppers,2024,Western Kentucky,107,83.81,518.88
Appalachian State Mountaineers,2024,Appalachian State (imputed from 2023),84,83.13,517.56
Hawai'i Rainbow Warriors,2024,Hawaii,108,82.36,513.7
Eastern Michigan Eagles,2024,Eastern Michigan,109,82.89,508.73
Miami (OH) RedHawks,2024,Miami (OH),110,82.9,505.3
Florida International Panthers,2024,FIU,111,83.02,504.39
Middle Tennessee Blue Raiders,2024,Middle Tennessee,112,83.52,503.43
Troy Trojans,2024,Troy,113,83.4,499.56
Sam Houston Bearkats,2024,Sam Houston,114,83.64,488.03
Bowling Green Falcons,2024,Bowling Green,115,82.45,484.51
Southern Mississippi Golden Eagles,2024,Southern Miss (imputed from 2020),85,81.5,477.77
San José State Spartans,2024,San Jose State,116,82.64,474.41
Central Michigan Chippewas,2024,Central Michigan,117,82.4,467.22
New Mexico Lobos,2024,New Mexico,118,84.0,464.59
Ball State Cardinals,2024,Ball State,119,81.57,464.07
James Madison Dukes,2024,James Madison,120,84.52,459.14
UTEP Miners,2024,UTEP,121,82.18,455.97
Wyoming Cowboys,2024,Wyoming,122,81.43,455.45
Ohio Bobcats,2024,Ohio,123,82.79,444.07
Northern Illinois Huskies,2024,Northern Illinois,124,82.09,437.2
Kent State Golden Flashes,2024,Kent State,125,81.9,435.3
Buffalo Bulls,2024,Buffalo,126,81.93,435.22
Jacksonville State Gamecocks,2024,Jacksonville State,127,85.67,430.94
Old Dominion Monarchs,2024,Old Dominion,128,82.72,425.42
New Mexico State Aggies,2024,New Mexico State,129,82.41,370.2
Jackson State Tigers,2024,Jackson State (imputed from 2023),118,85.4,366.17
Florida A&M Rattlers,2024,Florida A&M (imputed from 2023),126,84.84,337.83
UL Monroe Warhawks,2024,Louisiana-Monroe,130,81.44,329.43
Abilene Christian Wildcats,2024,Abilene Christian (imputed from 2023),129,85.69,306.57
Incarnate Word Cardinals,2024,Incarnate Word (imputed from 2023),130,84.87,304.31
Kennesaw State Owls,2024,Kennesaw State,131,83.0,288.14
Campbell Fighting Camels,2024,Campbell (imputed from 2023),132,85.24,274.01
UT Martin Skyhawks,2024,UT Martin (imputed from 2023),134,83.44,230.53
Alabama State Hornets,2024,Alabama State (imputed from 2023),135,84.09,229.21
Alabama A&M Bulldogs,2024,Alabama A&M (imputed from 2023),137,83.72,223.51
Eastern Kentucky Colonels,2024,Eastern Kentucky (imputed from 2023),138,81.66,221.17
Missouri State Bears,2024,Missouri State (imputed from 2023),139,83.53,207.66
Chattanooga Mocs,2024,Chattanooga (imputed from 2023),140,82.46,201.79
Rhode Island Rams,2024,Rhode Island (imputed from 2023),142,84.12,191.72
Bethune-Cookman Wildcats,2024,Bethune-Cookman (imputed from 2023),143,84.01,190.26
Stony Brook Seawolves,2024,Stony Brook (imputed from 2023),144,82.83,185.5
Northern Iowa Panthers,2024,Northern Iowa (imputed from 2023),145,84.62,184.63
Southern Jaguars,2024,Southern (imputed from 2023),146,83.97,176.65
Stephen F. Austin Lumberjacks,2024,Stephen F. Austin (imputed from 2023),147,83.63,172.29
North Alabama Lions,2024,North Alabama (imputed from 2023),149,83.92,163.24
Northwestern State Demons,2024,Northwestern State (imputed from 2023),150,84.66,157.75
Montana Grizzlies,2024,Montana (imputed from 2023),151,82.81,149.93
Northern Arizona Lumberjacks,2024,Northern Arizona (imputed from 2023),152,82.65,148.76
Northern Colorado Bears,2024,Northern Colorado (imputed from 2023),153,86.39,145.36
Tennessee State Tigers,2024,Tennessee State (imputed from 2023),154,84.48,142.51
Prairie View A&M Panthers,2024,Prairie View A&M (imputed from 2023),155,83.75,135.18
Navy Midshipmen,2024,Navy (imputed from 2021),147,78.81,127.63
Austin Peay Governors,2024,Austin Peay (imputed from 2023),156,83.58,120.36
East Tennessee State Buccaneers,2024,East Tennessee State (imputed from 2023),157,83.5,119.73
Montana State Bobcats,2024,Montana State (imputed from 2023),158,84.96,118.32
Southern Illinois Salukis,2024,Southern Illinois (imputed from 2023),159,83.0,115.37
Illinois State Redbirds,2024,Illinois State (imputed from 2023),160,84.56,114.98
Samford Bulldogs,2024,Samford (imputed from 2023),161,82.81,113.82
Alcorn State Braves,2024,Alcorn State (imputed from 2023),162,84.2,112.33
Duquesne Dukes,2024,Duquesne (imputed from 2023),163,84.06,111.13
Southern Utah Thunderbirds,2024,Southern Utah (imputed from 2023),164,82.37,109.83
Lamar Cardinals,2024,Lamar (imputed from 2023),165,82.3,108.97
North Carolina A&T Aggies,2024,North Carolina A&T (imputed from 2023),166,83.66,108.08
Morgan State Bears,2024,Morgan State (imputed from 2023),168,85.21,105.49
Delaware Blue Hens,2024,Delaware (imputed from 2023),169,84.3,99.19
South Dakota Coyotes,2024,South Dakota (imputed from 2023),170,83.92,96.61
Cal Poly Mustangs,2024,Cal Poly (imputed from 2023),171,89.04,94.82
Houston Christian Huskies,2024,Houston Christian (imputed from 2023),172,83.34,92.51
Hampton Pirates,2024,Hampton (imputed from 2023),173,83.12,91.03
Norfolk State Spartans,2024,Norfolk State (imputed from 2023),174,82.43,86.27
Eastern Illinois Panthers,2024,Eastern Illinois (imputed from 2023),175,82.38,85.97
Towson Tigers,2024,Towson (imputed from 2023),176,82.36,85.9
Central Arkansas Bears,2024,Central Arkansas (imputed from 2023),177,84.26,84.99
Portland State Vikings,2024,Portland State (imputed from 2023),178,84.15,84.34
Sacramento State Hornets,2024,Sacramento State (imputed from 2023),179,84.07,83.86
Eastern Washington Eagles,2024,Eastern Washington (imputed from 2023),180,81.68,81.05
Gardner-Webb Runnin' Bulldogs,2024,Gardner-Webb (imputed from 2023),181,81.65,80.81
Indiana State Sycamores,2024,Indiana State (imputed from 2023),182,83.52,80.56
Murray State Racers,2024,Murray State (imputed from 2023),183,81.53,80.0
Western Illinois Leathernecks,2024,Western Illinois (imputed from 2023),184,79.87,78.14
UC Davis Aggies,2024,UC Davis (imputed from 2023),185,83.0,77.46
Mercer Bears,2024,Mercer (imputed from 2023),186,82.34,73.53
Western Carolina Catamounts,2024,Western Carolina (imputed from 2023),187,84.09,70.13
North Dakota State Bison,2024,North Dakota State (imputed from 2023),188,82.71,63.21
Elon Phoenix,2024,Elon (imputed from 2023),190,82.53,62.31
Albany Great Danes,2024,Albany (imputed from 2023),191,80.43,62.15
Youngstown State Penguins,2024,Youngstown State (imputed from 2023),192,85.32,61.05
Weber State Wildcats,2024,Weber State (imputed from 2023),193,84.99,59.72
North Carolina Central Eagles,2024,North Carolina Central (imputed from 2023),194,84.81,59.04
Nicholls Colonels,2024,Nicholls (imputed from 2023),196,81.45,57.04
Furman Paladins,2024,Furman (imputed from 2023),197,81.29,56.18
Texas Southern Tigers,2024,Texas Southern (imputed from 2023),198,88.33,54.86
Maine Black Bears,2024,Maine (imputed from 2023),199,81.02,54.85
McNeese Cowboys,2024,McNeese (imputed from 2023),200,83.3,53.0
Monmouth Hawks,2024,Monmouth (imputed from 2023),201,83.17,52.49
Idaho Vandals,2024,Idaho (imputed from 2023),202,81.9,47.44
Robert Morris Colonials,2024,Robert Morris (imputed from 2023),203,81.79,46.99
Bryant Bulldogs,2024,Bryant (imputed from 2023),204,81.33,45.14
Central Connecticut Blue Devils,2024,Central Connecticut (imputed from 2023),205,84.95,44.75
Tarleton State Texans,2024,Tarleton State (imputed from 2021),196,80.96,43.68
Fordham Rams,2024,Fordham (imputed from 2023),206,84.32,42.87
Wofford Terriers,2024,Wofford (imputed from 2023),207,80.68,42.55
The Citadel Bulldogs,2024,The Citadel (imputed from 2023),208,82.11,36.24
Tennessee Tech Golden Eagles,2024,Tennessee Tech (imputed from 2023),209,81.62,34.79
South Carolina State Bulldogs,2024,South Carolina State (imputed from 2023),210,81.04,33.04
Arkansas-Pine Bluff Golden Lions,2024,Arkansas-Pine Bluff (imputed from 2023),211,86.41,32.77
Howard Bison,2024,Howard (imputed from 2023),212,85.65,31.25
Air Force Falcons,2024,Air Force (imputed from 2021),209,80.13,30.32
Southeast Missouri State Redhawks,2024,Southeast Missouri State (imputed from 2023),213,77.55,30.08
Delaware State Hornets,2024,Delaware State (imputed from 2023),214,84.39,28.74
Idaho State Bengals,2024,Idaho State (imputed from 2023),215,83.81,27.59
Richmond Spiders,2024,Richmond (imputed from 2023),217,83.27,26.51
Wagner Seahawks,2024,Wagner (imputed from 2023),218,83.11,26.18
Bucknell Bison,2024,Bucknell (imputed from 2023),220,82.83,25.64
South Dakota State Jackrabbits,2024,South Dakota State (imputed from 2023),221,81.8,23.58
Lafayette Leopards,2024,Lafayette (imputed from 2023),222,92.42,22.41
Sacred Heart Pioneers,2024,Sacred Heart (imputed from 2023),225,88.0,17.99
Army Black Knights,2024,Army (imputed from 2022),222,78.64,17.27
New Hampshire Wildcats,2024,New Hampshire (imputed from 2023),228,78.12,16.21
Charleston Southern Buccaneers,2024,Charleston Southern (imputed from 2023),229,86.11,16.1
Colgate Raiders,2024,Colgate (imputed from 2022),226,84.44,14.43
North Dakota Fighting Hawks,2024,North Dakota (imputed from 2023),231,77.19,14.37
Valparaiso Beacons,2024,Valparaiso (imputed from 2022),228,81.86,11.85
Holy Cross Crusaders,2024,Holy Cross (imputed from 2023),233,81.17,11.16
Drake Bulldogs,2024,Drake (imputed from 2023),234,80.98,10.98
William & Mary Tribe,2024,William & Mary (imputed from 2022),231,80.65,10.64
Villanova Wildcats,2024,Villanova (imputed from 2023),237,74.33,4.33
Georgia Bulldogs,2025,Georgia,1,92.47,1002.98
Alabama Crimson Tide,2025,Alabama,2,92.59,993.55
Ohio State Buckeyes,2025,Ohio State,3,92.39,973.69
Texas Longhorns,2025,Texas,4,92.5,973.54
Oregon Ducks,2025,Oregon,5,91.07,941.22
LSU Tigers,2025,LSU,6,91.08,920.05
Clemson Tigers,2025,Clemson,7,90.58,918.43
Texas A&M Aggies,2025,Texas A&M,8,91.27,917.29
Notre Dame Fighting Irish,2025,Notre Dame,9,91.19,912.11
Penn State Nittany Lions,2025,Penn State,10,90.6,910.42
Michigan Wolverines,2025,Michigan,11,90.99,907.22
Florida Gators,2025,Florida,12,90.39,898.58
Auburn Tigers,2025,Auburn,13,90.04,891.84
Oklahoma Sooners,2025,Oklahoma,14,90.53,882.59
Miami Hurricanes,2025,Miami,15,90.19,874.57
Tennessee Volunteers,2025,Tennessee,16,90.39,866.57
USC Trojans,2025,USC,17,89.7,847.53
South Carolina Gamecocks,2025,South Carolina,18,89.21,833.26
Florida State Seminoles,2025,Florida State,19,89.26,828.45
Nebraska Cornhuskers,2025,Nebraska,20,88.75,821.39
Ole Miss Rebels,2025,Ole Miss,21,89.25,813.11
Missouri Tigers,2025,Missouri,22,89.02,804.77
Arkansas Razorbacks,2025,Arkansas,23,88.16,772.64
Mississippi State Bulldogs,2025,Mississippi State,24,87.83,770.48
SMU Mustangs,2025,SMU,25,88.12,766.67
UCLA Bruins,2025,UCLA,26,88.13,766.62
Kentucky Wildcats,2025,Kentucky,27,87.9,763.18
Wisconsin Badgers,2025,Wisconsin,28,88.12,763.17
Texas Tech Red Raiders,2025,Texas Tech,29,87.81,757.49
Colorado Buffaloes,2025,Colorado,30,88.5,755.2
North Carolina Tar Heels,2025,North Carolina,31,87.54,753.2
TCU Horned Frogs,2025,TCU,32,87.75,745.01
Arizona State Sun Devils,2025,Arizona State,33,87.18,738.52
Syracuse Orange,2025,Syracuse,34,86.95,727.83
Baylor Bears,2025,Baylor,35,87.29,726.3
California Golden Bears,2025,California,36,87.17,726.21
Washington Huskies,2025,Washington,37,87.54,720.56
Michigan State Spartans,2025,Michigan State,38,86.77,717.42
Georgia Tech Yellow Jackets,2025,Georgia Tech,39,87.34,715.56
Virginia Tech Hokies,2025,Virginia Tech,40,87.13,712.19
Minnesota Golden Gophers,2025,Minnesota,41,86.63,711.04
Iowa Hawkeyes,2025,Iowa,42,87.21,710.0
UCF Knights,2025,UCF,43,87.6,709.99
Utah Utes,2025,Utah,44,87.3,707.86
NC State Wolfpack,2025,NC State,45,87.18,707.51
Stanford Cardinal,2025,Stanford,46,86.71,707.27
Kansas State Wildcats,2025,Kansas State,47,86.79,705.85
Kansas Jayhawks,2025,Kansas,48,86.85,705.32
Oklahoma State Cowboys,2025,Oklahoma State,49,86.59,702.74
Louisville Cardinals,2025,Louisville,50,86.64,700.77
UNLV Rebels,2025,UNLV,51,86.36,700.54
Maryland Terrapins,2025,Maryland,52,87.14,699.31
Rutgers Scarlet Knights,2025,Rutgers,53,86.47,689.22
Purdue Boilermakers,2025,Purdue,54,86.16,687.74
Vanderbilt Commodores,2025,Vanderbilt,55,86.34,685.42
Pittsburgh Panthers,2025,Pittsburgh,56,86.34,681.21
Northwestern Wildcats,2025,Northwestern,57,86.06,677.97
Duke Blue Devils,2025,Duke,58,86.34,669.18
Memphis Tigers,2025,Memphis,59,85.78,668.63
Oregon State Beavers,2025,Oregon State,60,86.05,667.99
South Florida Bulls,2025,South Florida,61,85.81,666.89
Virginia Cavaliers,2025,Virginia,62,85.97,666.74
West Virginia Mountaineers,2025,West Virginia,63,86.01,662.33
Illinois Fighting Illini,2025,Illinois,64,85.79,662.13
UTSA Roadrunners,2025,UTSA,65,85.55,662.09
Houston Cougars,2025,Houston,66,85.96,656.74
Arizona Wildcats,2025,Arizona,67,86.16,651.62
Tulane Green Wave,2025,Tulane,68,85.65,650.87
Boston College Eagles,2025,Boston College,69,85.85,650.12
BYU Cougars,2025,BYU,70,85.36,649.36
Iowa State Cyclones,2025,Iowa State,71,86.26,648.93
Indiana Hoosiers,2025,Indiana,72,85.65,645.34
Cincinnati Bearcats,2025,Cincinnati,73,85.86,644.1
Wake Forest Demon Deacons,2025,Wake Forest,74,85.42,627.16
Toledo Rockets,2025,Toledo,75,84.94,620.13
Texas State Bobcats,2025,Texas State,76,84.78,612.16
Georgia State Panthers,2025,Georgia State,77,84.98,611.97
East Carolina Pirates,2025,East Carolina,78,84.66,611.55
App State Mountaineers,2025,Appalachian State,79,85.0,611.31
Coastal Carolina Chanticleers,2025,Coastal Carolina,80,84.86,610.88
Boise State Broncos,2025,Boise State,81,84.96,610.65
Florida Atlantic Owls,2025,Florida Atlantic,82,85.22,605.22
Southern Miss Golden Eagles,2025,Southern Miss,83,85.39,602.53
Liberty Flames,2025,Liberty,84,85.44,599.12
Tulsa Golden Hurricane,2025,Tulsa,85,85.1,594.78
San Diego State Aztecs,2025,San Diego State,86,85.01,594.27
Miami (OH) RedHawks,2025,Miami (OH),87,84.43,592.1
Arkansas State Red Wolves,2025,Arkansas State,88,84.17,591.27
Marshall Thundering Herd,2025,Marshall,89,85.06,590.64
Fresno State Bulldogs,2025,Fresno State,90,83.76,586.84
Louisiana Ragin' Cajuns,2025,Louisiana,91,84.29,585.82
Colorado State Rams,2025,Colorado State,92,84.73,583.71
Georgia Southern Eagles,2025,Georgia Southern,93,83.9,574.48
Eastern Michigan Eagles,2025,Eastern Michigan,94,84.1,572.9
Washington State Cougars,2025,Washington State,95,84.38,569.46
North Texas Mean Green,2025,North Texas,96,84.42,569.15
UConn Huskies,2025,UConn,97,84.04,568.12
Florida International Panthers,2025,FIU,98,83.89,562.61
Troy Trojans,2025,Troy,99,84.41,561.87
Western Kentucky Hilltoppers,2025,Western Kentucky,100,84.74,561.36
UTEP Miners,2025,UTEP,101,83.54,551.88
South Alabama Jaguars,2025,South Alabama,102,84.37,544.87
UAB Blazers,2025,UAB,103,84.99,540.93
Akron Zips,2025,Akron,104,83.7,537.21
Western Michigan Broncos,2025,Western Michigan,105,84.15,534.35
Rice Owls,2025,Rice,106,83.4,530.06
Bowling Green Falcons,2025,Bowling Green,107,83.46,527.31
Charlotte 49ers,2025,Charlotte,108,84.01,526.3
San José State Spartans,2025,San Jose State,109,83.44,522.91
Middle Tennessee Blue Raiders,2025,Middle Tennessee,110,84.17,520.55
Jacksonville State Gamecocks,2025,Jacksonville State,111,85.32,519.93
Appalachian State Mountaineers,2025,Appalachian State (imputed from 2023),84,83.13,517.56
Buffalo Bulls,2025,Buffalo,112,82.9,513.33
Temple Owls,2025,Temple,113,84.16,507.91
Utah State Aggies,2025,Utah State,114,83.08,503.59
Ball State Cardinals,2025,Ball State,115,82.37,495.35
Louisiana Tech Bulldogs,2025,Louisiana Tech,116,83.55,493.5
Wyoming Cowboys,2025,Wyoming,117,82.14,489.33
Massachusetts Minutemen,2025,UMass,118,84.23,488.73
Nevada Wolf Pack,2025,Nevada,119,83.26,488.69
Hawai'i Rainbow Warriors,2025,Hawaii,120,83.24,481.2
Central Michigan Chippewas,2025,Central Michigan,121,82.73,481.16
Southern Mississippi Golden Eagles,2025,Southern Miss (imputed from 2020),85,81.5,477.77
Old Dominion Monarchs,2025,Old Dominion,122,82.88,477.45
Sam Houston Bearkats,2025,Sam Houston,123,83.84,477.35
UL Monroe Warhawks,2025,Louisiana-Monroe,124,83.05,473.34
Northern Illinois Huskies,2025,Northern Illinois,125,82.76,471.01
Ohio Bobcats,2025,Ohio,126,83.14,469.99
James Madison Dukes,2025,James Madison,127,84.48,459.53
Kent State Golden Flashes,2025,Kent State,128,82.48,456.24
Missouri State Bears,2025,Missouri State,129,84.88,426.1
New Mexico State Aggies,2025,New Mexico State,130,82.78,402.9
New Mexico Lobos,2025,New Mexico,131,83.49,378.8
Jackson State Tigers,2025,Jackson State (imputed from 2023),118,85.4,366.17
Kennesaw State Owls,2025,Kennesaw State,132,84.76,338.87
Florida A&M Rattlers,2025,Florida A&M (imputed from 2023),126,84.84,337.83
Abilene Christian Wildcats,2025,Abilene Christian (imputed from 2023),129,85.69,306.57
Incarnate Word Cardinals,2025,Incarnate Word (imputed from 2023),130,84.87,304.31
Campbell Fighting Camels,2025,Campbell (imputed from 2023),132,85.24,274.01
Delaware Blue Hens,2025,Delaware,133,85.74,242.85
UT Martin Skyhawks,2025,UT Martin (imputed from 2023),134,83.44,230.53
Alabama State Hornets,2025,Alabama State (imputed from 2023),135,84.09,229.21
Alabama A&M Bulldogs,2025,Alabama A&M (imputed from 2023),137,83.72,223.51
Eastern Kentucky Colonels,2025,Eastern Kentucky (imputed from 2023),138,81.66,221.17
Chattanooga Mocs,2025,Chattanooga (imputed from 2023),140,82.46,201.79
Rhode Island Rams,2025,Rhode Island (imputed from 2023),142,84.12,191.72
Bethune-Cookman Wildcats,2025,Bethune-Cookman (imputed from 2023),143,84.01,190.26
Stony Brook Seawolves,2025,Stony Brook (imputed from 2023),144,82.83,185.5
Northern Iowa Panthers,2025,Northern Iowa (imputed from 2023),145,84.62,184.63
Southern Jaguars,2025,Southern (imputed from 2023),146,83.97,176.65
Stephen F. Austin Lumberjacks,2025,Stephen F. Austin (imputed from 2023),147,83.63,172.29
North Alabama Lions,2025,North Alabama (imputed from 2023),149,83.92,163.24
Northwestern State Demons,2025,Northwestern State (imputed from 2023),150,84.66,157.75
Montana Grizzlies,2025,Montana (imputed from 2023),151,82.81,149.93
Northern Arizona Lumberjacks,2025,Northern Arizona (imputed from 2023),152,82.65,148.76
Northern Colorado Bears,2025,Northern Colorado (imputed from 2023),153,86.39,145.36
Tennessee State Tigers,2025,Tennessee State (imputed from 2023),154,84.48,142.51
Prairie View A&M Panthers,2025,Prairie View A&M (imputed from 2023),155,83.75,135.18
Navy Midshipmen,2025,Navy (imputed from 2021),147,78.81,127.63
Austin Peay Governors,2025,Austin Peay (imputed from 2023),156,83.58,120.36
East Tennessee State Buccaneers,2025,East Tennessee State (imputed from 2023),157,83.5,119.73
Montana State Bobcats,2025,Montana State (imputed from 2023),158,84.96,118.32
Southern Illinois Salukis,2025,Southern Illinois (imputed from 2023),159,83.0,115.37
Illinois State Redbirds,2025,Illinois State (imputed from 2023),160,84.56,114.98
Samford Bulldogs,2025,Samford (imputed from 2023),161,82.81,113.82
Alcorn State Braves,2025,Alcorn State (imputed from 2023),162,84.2,112.33
Duquesne Dukes,2025,Duquesne (imputed from 2023),163,84.06,111.13
Southern Utah Thunderbirds,2025,Southern Utah (imputed from 2023),164,82.37,109.83
Lamar Cardinals,2025,Lamar (imputed from 2023),165,82.3,108.97
North Carolina A&T Aggies,2025,North Carolina A&T (imputed from 2023),166,83.66,108.08
Morgan State Bears,2025,Morgan State (imputed from 2023),168,85.21,105.49
South Dakota Coyotes,2025,South Dakota (imputed from 2023),170,83.92,96.61
Cal Poly Mustangs,2025,Cal Poly (imputed from 2023),171,89.04,94.82
Houston Christian Huskies,2025,Houston Christian (imputed from 2023),172,83.34,92.51
Hampton Pirates,2025,Hampton (imputed from 2023),173,83.12,91.03
Norfolk State Spartans,2025,Norfolk State (imputed from 2023),174,82.43,86.27
Eastern Illinois Panthers,2025,Eastern Illinois (imputed from 2023),175,82.38,85.97
Towson Tigers,2025,Towson (imputed from 2023),176,82.36,85.9
Central Arkansas Bears,2025,Central Arkansas (imputed from 2023),177,84.26,84.99
Portland State Vikings,2025,Portland State (imputed from 2023),178,84.15,84.34
Sacramento State Hornets,2025,Sacramento State (imputed from 2023),179,84.07,83.86
Eastern Washington Eagles,2025,Eastern Washington (imputed from 2023),180,81.68,81.05
Gardner-Webb Runnin' Bulldogs,2025,Gardner-Webb (imputed from 2023),181,81.65,80.81
Indiana State Sycamores,2025,Indiana State (imputed from 2023),182,83.52,80.56
Murray State Racers,2025,Murray State (imputed from 2023),183,81.53,80.0
Western Illinois Leathernecks,2025,Western Illinois (imputed from 2023),184,79.87,78.14
UC Davis Aggies,2025,UC Davis (imputed from 2023),185,83.0,77.46
Mercer Bears,2025,Mercer (imputed from 2023),186,82.34,73.53
Western Carolina Catamounts,2025,Western Carolina (imputed from 2023),187,84.09,70.13
North Dakota State Bison,2025,North Dakota State (imputed from 2023),188,82.71,63.21
Elon Phoenix,2025,Elon (imputed from 2023),190,82.53,62.31
Albany Great Danes,2025,Albany (imputed from 2023),191,80.43,62.15
Youngstown State Penguins,2025,Youngstown State (imputed from 2023),192,85.32,61.05
Weber State Wildcats,2025,Weber State (imputed from 2023),193,84.99,59.72
North Carolina Central Eagles,2025,North Carolina Central (imputed from 2023),194,84.81,59.04
Nicholls Colonels,2025,Nicholls (imputed from 2023),196,81.45,57.04
Furman Paladins,2025,Furman (imputed from 2023),197,81.29,56.18
Texas Southern Tigers,2025,Texas Southern (imputed from 2023),198,88.33,54.86
Maine Black Bears,2025,Maine (imputed from 2023),199,81.02,54.85
McNeese Cowboys,2025,McNeese (imputed from 2023),200,83.3,53.0
Monmouth Hawks,2025,Monmouth (imputed from 2023),201,83.17,52.49
Idaho Vandals,2025,Idaho (imputed from 2023),202,81.9,47.44
Robert Morris Colonials,2025,Robert Morris (imputed from 2023),203,81.79,46.99
Bryant Bulldogs,2025,Bryant (imputed from 2023),204,81.33,45.14
Central Connecticut Blue Devils,2025,Central Connecticut (imputed from 2023),205,84.95,44.75
Tarleton State Texans,2025,Tarleton State (imputed from 2021),196,80.96,43.68
Fordham Rams,2025,Fordham (imputed from 2023),206,84.32,42.87
Wofford Terriers,2025,Wofford (imputed from 2023),207,80.68,42.55
The Citadel Bulldogs,2025,The Citadel (imputed from 2023),208,82.11,36.24
Tennessee Tech Golden Eagles,2025,Tennessee Tech (imputed from 2023),209,81.62,34.79
South Carolina State Bulldogs,2025,South Carolina State (imputed from 2023),210,81.04,33.04
Arkansas-Pine Bluff Golden Lions,2025,Arkansas-Pine Bluff (imputed from 2023),211,86.41,32.77
Howard Bison,2025,Howard (imputed from 2023),212,85.65,31.25
Air Force Falcons,2025,Air Force (imputed from 2021),209,80.13,30.32
Southeast Missouri State Redhawks,2025,Southeast Missouri State (imputed from 2023),213,77.55,30.08
Delaware State Hornets,2025,Delaware State (imputed from 2023),214,84.39,28.74
Idaho State Bengals,2025,Idaho State (imputed from 2023),215,83.81,27.59
Richmond Spiders,2025,Richmond (imputed from 2023),217,83.27,26.51
Wagner Seahawks,2025,Wagner (imputed from 2023),218,83.11,26.18
Bucknell Bison,2025,Bucknell (imputed from 2023),220,82.83,25.64
Army Black Knights,2025,Army,134,81.83,23.66
South Dakota State Jackrabbits,2025,South Dakota State (imputed from 2023),221,81.8,23.58
Lafayette Leopards,2025,Lafayette (imputed from 2023),222,92.42,22.41
Sacred Heart Pioneers,2025,Sacred Heart (imputed from 2023),225,88.0,17.99
New Hampshire Wildcats,2025,New Hampshire (imputed from 2023),228,78.12,16.21
Charleston Southern Buccaneers,2025,Charleston Southern (imputed from 2023),229,86.11,16.1
Colgate Raiders,2025,Colgate (imputed from 2022),226,84.44,14.43
North Dakota Fighting Hawks,2025,North Dakota (imputed from 2023),231,77.19,14.37
Valparaiso Beacons,2025,Valparaiso (imputed from 2022),228,81.86,11.85
Holy Cross Crusaders,2025,Holy Cross (imputed from 2023),233,81.17,11.16
Drake Bulldogs,2025,Drake (imputed from 2023),234,80.98,10.98
William & Mary Tribe,2025,William & Mary (imputed from 2022),231,80.65,10.64
Villanova Wildcats,2025,Villanova (imputed from 2023),237,74.33,4.33
Georgia Bulldogs,2026,Georgia,1,91.97,1003.67
Texas Longhorns,2026,Texas,2,91.71,985.17
Oregon Ducks,2026,Oregon,3,91.73,984.33
Alabama Crimson Tide,2026,Alabama,4,91.57,973.53
Ohio State Buckeyes,2026,Ohio State,5,91.43,964.27
Notre Dame Fighting Irish,2026,Notre Dame,6,91.39,953.03
Texas A&M Aggies,2026,Texas A&M,7,91.18,933.0
LSU Tigers,2026,LSU,8,90.98,931.76
USC Trojans,2026,USC,9,90.04,899.0
Florida Gators,2026,Florida,10,90.46,891.07
Michigan Wolverines,2026,Michigan,11,89.76,890.02
Miami Hurricanes,2026,Miami,12,90.02,885.94
Tennessee Volunteers,2026,Tennessee,13,89.64,885.9
Ole Miss Rebels,2026,Ole Miss,14,89.81,885.72
South Carolina Gamecocks,2026,South Carolina,15,89.53,862.87
Clemson Tigers,2026,Clemson,16,89.57,862.85
Oklahoma Sooners,2026,Oklahoma,17,89.53,851.14
Auburn Tigers,2026,Auburn,18,88.62,828.19
Missouri Tigers,2026,Missouri,19,88.14,808.36
Mississippi State Bulldogs,2026,Mississippi State,20,88.28,804.53
Florida State Seminoles,2026,Florida State,21,88.53,800.2
Nebraska Cornhuskers,2026,Nebraska,22,87.81,787.45
Kentucky Wildcats,2026,Kentucky,23,88.13,786.65
Washington Huskies,2026,Washington,24,87.7,777.63
UCLA Bruins,2026,UCLA,25,87.43,774.45
Penn State Nittany Lions,2026,Penn State,26,88.41,774.04
Virginia Tech Hokies,2026,Virginia Tech,27,87.99,769.12
North Carolina Tar Heels,2026,North Carolina,28,87.87,767.89
Texas Tech Red Raiders,2026,Texas Tech,29,87.75,767.89
Wisconsin Badgers,2026,Wisconsin,30,87.56,767.68
SMU Mustangs,2026,SMU,31,88.41,764.5
NC State Wolfpack,2026,NC State,32,87.82,757.14
California Golden Bears,2026,California,33,86.5,751.92
Georgia Tech Yellow Jackets,2026,Georgia Tech,34,87.8,751.65
Syracuse Orange,2026,Syracuse,35,87.22,745.61
Arkansas Razorbacks,2026,Arkansas,36,87.51,745.48
Indiana Hoosiers,2026,Indiana,37,86.99,735.26
Colorado Buffaloes,2026,Colorado,38,87.93,731.62
TCU Horned Frogs,2026,TCU,39,87.34,730.79
Minnesota Golden Gophers,2026,Minnesota,40,87.08,728.79
Louisville Cardinals,2026,Louisville,41,87.45,728.64
Vanderbilt Commodores,2026,Vanderbilt,42,87.12,727.39
Baylor Bears,2026,Baylor,43,87.09,723.28
Iowa Hawkeyes,2026,Iowa,44,86.82,722.73
Arizona State Sun Devils,2026,Arizona State,45,87.15,722.0
Maryland Terrapins,2026,Maryland,46,87.16,719.64
Kansas State Wildcats,2026,Kansas State,47,87.07,718.67
Rutgers Scarlet Knights,2026,Rutgers,48,86.94,709.04
West Virginia Mountaineers,2026,West Virginia,49,86.74,707.6
Stanford Cardinal,2026,Stanford,50,86.37,705.81
Illinois Fighting Illini,2026,Illinois,51,86.46,704.01
South Florida Bulls,2026,South Florida,52,86.1,703.81
Virginia Cavaliers,2026,Virginia,53,86.34,699.89
Arizona Wildcats,2026,Arizona,54,86.0,699.59
Purdue Boilermakers,2026,Purdue,55,86.44,698.33
UNLV Rebels,2026,UNLV,56,86.25,696.03
Houston Cougars,2026,Houston,57,86.68,695.93
Utah Utes,2026,Utah,58,86.75,695.72
BYU Cougars,2026,BYU,59,85.56,689.42
Northwestern Wildcats,2026,Northwestern,60,85.7,688.32
Michigan State Spartans,2026,Michigan State,61,85.94,685.02
Kansas Jayhawks,2026,Kansas,62,86.25,684.51
Wake Forest Demon Deacons,2026,Wake Forest,63,85.97,680.87
Pittsburgh Panthers,2026,Pittsburgh,64,86.58,675.02
Oklahoma State Cowboys,2026,Oklahoma State,65,86.06,672.69
UCF Knights,2026,UCF,66,86.76,672.14
Memphis Tigers,2026,Memphis,67,85.76,670.31
Iowa State Cyclones,2026,Iowa State,68,85.53,669.55
Duke Blue Devils,2026,Duke,69,86.23,668.47
Tulane Green Wave,2026,Tulane,70,85.99,665.11
Boston College Eagles,2026,Boston College,71,86.09,660.0
UTSA Roadrunners,2026,UTSA,72,85.56,655.82
UConn Huskies,2026,UConn,73,85.37,652.56
Boise State Broncos,2026,Boise State,74,84.68,641.17
Colorado State Rams,2026,Colorado State,75,85.38,640.31
Oregon State Beavers,2026,Oregon State,76,85.47,635.79
Cincinnati Bearcats,2026,Cincinnati,77,85.04,635.25
Georgia Southern Eagles,2026,Georgia Southern,78,84.71,634.19
Liberty Flames,2026,Liberty,79,85.5,633.35
Temple Owls,2026,Temple,80,85.13,631.07
Washington State Cougars,2026,Washington State,81,84.75,630.29
East Carolina Pirates,2026,East Carolina,82,85.16,623.79
Texas State Bobcats,2026,Texas State,83,84.89,623.23
Tulsa Golden Hurricane,2026,Tulsa,84,85.29,622.84
App State Mountaineers,2026,Appalachian State,85,85.38,621.61
Miami (OH) RedHawks,2026,Miami (OH),86,84.18,621.37
Western Kentucky Hilltoppers,2026,Western Kentucky,87,84.96,611.52
Fresno State Bulldogs,2026,Fresno State,88,83.91,609.75
San Diego State Aztecs,2026,San Diego State,89,84.61,609.22
Florida International Panthers,2026,FIU,90,84.66,607.56
Arkansas State Red Wolves,2026,Arkansas State,91,84.39,606.22
UAB Blazers,2026,UAB,92,84.5,606.18
Jacksonville State Gamecocks,2026,Jacksonville State,93,84.99,602.83
Southern Miss Golden Eagles,2026,Southern Miss,94,85.15,602.63
North Texas Mean Green,2026,North Texas,95,84.89,602.08
Troy Trojans,2026,Troy,96,84.63,596.19
Marshall Thundering Herd,2026,Marshall,97,84.69,594.71
Florida Atlantic Owls,2026,Florida Atlantic,98,84.65,593.36
Louisiana Ragin' Cajuns,2026,Louisiana,99,84.33,590.94
Rice Owls,2026,Rice,100,83.92,589.89
James Madison Dukes,2026,James Madison,101,84.81,588.31
UTEP Miners,2026,UTEP,102,84.04,585.76
Eastern Michigan Eagles,2026,Eastern Michigan,103,83.67,578.7
Charlotte 49ers,2026,Charlotte,104,84.31,576.77
Georgia State Panthers,2026,Georgia State,105,84.9,574.21
Coastal Carolina Chanticleers,2026,Coastal Carolina,106,85.16,573.96
South Alabama Jaguars,2026,South Alabama,107,84.31,573.38
Western Michigan Broncos,2026,Western Michigan,108,83.38,572.2
Middle Tennessee Blue Raiders,2026,Middle Tennessee,109,84.31,571.5
San José State Spartans,2026,San Jose State,110,83.51,569.25
Bowling Green Falcons,2026,Bowling Green,111,83.89,568.33
New Mexico Lobos,2026,New Mexico,112,83.69,568.19
Ball State Cardinals,2026,Ball State,113,83.38,563.88
Sacramento State Hornets,2026,Sacramento State,114,83.28,561.42
Hawai'i Rainbow Warriors,2026,Hawaii,115,83.2,556.82
Toledo Rockets,2026,Toledo,116,84.34,556.26
Sam Houston Bearkats,2026,Sam Houston,117,84.37,554.47
Nevada Wolf Pack,2026,Nevada,118,83.51,549.99
Missouri State Bears,2026,Missouri State,119,84.18,549.92
Buffalo Bulls,2026,Buffalo,120,83.52,549.31
Akron Zips,2026,Akron,121,83.76,546.84
Old Dominion Monarchs,2026,Old Dominion,122,83.47,544.25
Utah State Aggies,2026,Utah State,123,84.29,543.98
Louisiana Tech Bulldogs,2026,Louisiana Tech,124,84.03,543.02
Central Michigan Chippewas,2026,Central Michigan,125,82.94,540.01
Northern Illinois Huskies,2026,Northern Illinois,126,82.98,536.58
Wyoming Cowboys,2026,Wyoming,127,82.7,528.29
Massachusetts Minutemen,2026,UMass,128,84.14,525.94
Ohio Bobcats,2026,Ohio,129,83.36,522.84
Kent State Golden Flashes,2026,Kent State,130,82.57,522.83
Appalachian State Mountaineers,2026,Appalachian State (imputed from 2023),84,83.13,517.56
North Dakota State Bison,2026,North Dakota State,131,82.01,515.59
UL Monroe Warhawks,2026,Louisiana-Monroe,132,83.03,505.49
Kennesaw State Owls,2026,Kennesaw State,133,84.52,502.86
Delaware Blue Hens,2026,Delaware,134,84.31,483.48
Southern Mississippi Golden Eagles,2026,Southern Miss (imputed from 2020),85,81.5,477.77
New Mexico State Aggies,2026,New Mexico State,135,83.01,460.38
Jackson State Tigers,2026,Jackson State (imputed from 2023),118,85.4,366.17
Florida A&M Rattlers,2026,Florida A&M (imputed from 2023),126,84.84,337.83
Abilene Christian Wildcats,2026,Abilene Christian (imputed from 2023),129,85.69,306.57
Incarnate Word Cardinals,2026,Incarnate Word (imputed from 2023),130,84.87,304.31
Army Black Knights,2026,Army,136,80.55,303.83
Campbell Fighting Camels,2026,Campbell (imputed from 2023),132,85.24,274.01
Air Force Falcons,2026,Air Force,137,80.85,272.35
UT Martin Skyhawks,2026,UT Martin (imputed from 2023),134,83.44,230.53
Alabama State Hornets,2026,Alabama State (imputed from 2023),135,84.09,229.21
Alabama A&M Bulldogs,2026,Alabama A&M (imputed from 2023),137,83.72,223.51
Eastern Kentucky Colonels,2026,Eastern Kentucky (imputed from 2023),138,81.66,221.17
Chattanooga Mocs,2026,Chattanooga (imputed from 2023),140,82.46,201.79
Navy Midshipmen,2026,Navy,138,80.82,195.68
Rhode Island Rams,2026,Rhode Island (imputed from 2023),142,84.12,191.72
Bethune-Cookman Wildcats,2026,Bethune-Cookman (imputed from 2023),143,84.01,190.26
Stony Brook Seawolves,2026,Stony Brook (imputed from 2023),144,82.83,185.5
Northern Iowa Panthers,2026,Northern Iowa (imputed from 2023),145,84.62,184.63
Southern Jaguars,2026,Southern (imputed from 2023),146,83.97,176.65
Stephen F. Austin Lumberjacks,2026,Stephen F. Austin (imputed from 2023),147,83.63,172.29
North Alabama Lions,2026,North Alabama (imputed from 2023),149,83.92,163.24
Northwestern State Demons,2026,Northwestern State (imputed from 2023),150,84.66,157.75
Montana Grizzlies,2026,Montana (imputed from 2023),151,82.81,149.93
Northern Arizona Lumberjacks,2026,Northern Arizona (imputed from 2023),152,82.65,148.76
Northern Colorado Bears,2026,Northern Colorado (imputed from 2023),153,86.39,145.36
Tennessee State Tigers,2026,Tennessee State (imputed from 2023),154,84.48,142.51
Prairie View A&M Panthers,2026,Prairie View A&M (imputed from 2023),155,83.75,135.18
Austin Peay Governors,2026,Austin Peay (imputed from 2023),156,83.58,120.36
East Tennessee State Buccaneers,2026,East Tennessee State (imputed from 2023),157,83.5,119.73
Montana State Bobcats,2026,Montana State (imputed from 2023),158,84.96,118.32
Southern Illinois Salukis,2026,Southern Illinois (imputed from 2023),159,83.0,115.37
Illinois State Redbirds,2026,Illinois State (imputed from 2023),160,84.56,114.98
Samford Bulldogs,2026,Samford (imputed from 2023),161,82.81,113.82
Alcorn State Braves,2026,Alcorn State (imputed from 2023),162,84.2,112.33
Duquesne Dukes,2026,Duquesne (imputed from 2023),163,84.06,111.13
Southern Utah Thunderbirds,2026,Southern Utah (imputed from 2023),164,82.37,109.83
Lamar Cardinals,2026,Lamar (imputed from 2023),165,82.3,108.97
North Carolina A&T Aggies,2026,North Carolina A&T (imputed from 2023),166,83.66,108.08
Morgan State Bears,2026,Morgan State (imputed from 2023),168,85.21,105.49
South Dakota Coyotes,2026,South Dakota (imputed from 2023),170,83.92,96.61
Cal Poly Mustangs,2026,Cal Poly (imputed from 2023),171,89.04,94.82
Houston Christian Huskies,2026,Houston Christian (imputed from 2023),172,83.34,92.51
Hampton Pirates,2026,Hampton (imputed from 2023),173,83.12,91.03
Norfolk State Spartans,2026,Norfolk State (imputed from 2023),174,82.43,86.27
Eastern Illinois Panthers,2026,Eastern Illinois (imputed from 2023),175,82.38,85.97
Towson Tigers,2026,Towson (imputed from 2023),176,82.36,85.9
Central Arkansas Bears,2026,Central Arkansas (imputed from 2023),177,84.26,84.99
Portland State Vikings,2026,Portland State (imputed from 2023),178,84.15,84.34
Eastern Washington Eagles,2026,Eastern Washington (imputed from 2023),180,81.68,81.05
Gardner-Webb Runnin' Bulldogs,2026,Gardner-Webb (imputed from 2023),181,81.65,80.81
Indiana State Sycamores,2026,Indiana State (imputed from 2023),182,83.52,80.56
Murray State Racers,2026,Murray State (imputed from 2023),183,81.53,80.0
Western Illinois Leathernecks,2026,Western Illinois (imputed from 2023),184,79.87,78.14
UC Davis Aggies,2026,UC Davis (imputed from 2023),185,83.0,77.46
Mercer Bears,2026,Mercer (imputed from 2023),186,82.34,73.53
Western Carolina Catamounts,2026,Western Carolina (imputed from 2023),187,84.09,70.13
Elon Phoenix,2026,Elon (imputed from 2023),190,82.53,62.31
Albany Great Danes,2026,Albany (imputed from 2023),191,80.43,62.15
Youngstown State Penguins,2026,Youngstown State (imputed from 2023),192,85.32,61.05
Weber State Wildcats,2026,Weber State (imputed from 2023),193,84.99,59.72
North Carolina Central Eagles,2026,North Carolina Central (imputed from 2023),194,84.81,59.04
Nicholls Colonels,2026,Nicholls (imputed from 2023),196,81.45,57.04
Furman Paladins,2026,Furman (imputed from 2023),197,81.29,56.18
Texas Southern Tigers,2026,Texas Southern (imputed from 2023),198,88.33,54.86
Maine Black Bears,2026,Maine (imputed from 2023),199,81.02,54.85
McNeese Cowboys,2026,McNeese (imputed from 2023),200,83.3,53.0
Monmouth Hawks,2026,Monmouth (imputed from 2023),201,83.17,52.49
Idaho Vandals,2026,Idaho (imputed from 2023),202,81.9,47.44
Robert Morris Colonials,2026,Robert Morris (imputed from 2023),203,81.79,46.99
Bryant Bulldogs,2026,Bryant (imputed from 2023),204,81.33,45.14
Central Connecticut Blue Devils,2026,Central Connecticut (imputed from 2023),205,84.95,44.75
Tarleton State Texans,2026,Tarleton State (imputed from 2021),196,80.96,43.68
Fordham Rams,2026,Fordham (imputed from 2023),206,84.32,42.87
Wofford Terriers,2026,Wofford (imputed from 2023),207,80.68,42.55
The Citadel Bulldogs,2026,The Citadel (imputed from 2023),208,82.11,36.24
Tennessee Tech Golden Eagles,2026,Tennessee Tech (imputed from 2023),209,81.62,34.79
South Carolina State Bulldogs,2026,South Carolina State (imputed from 2023),210,81.04,33.04
Arkansas-Pine Bluff Golden Lions,2026,Arkansas-Pine Bluff (imputed from 2023),211,86.41,32.77
Howard Bison,2026,Howard (imputed from 2023),212,85.65,31.25
Southeast Missouri State Redhawks,2026,Southeast Missouri State (imputed from 2023),213,77.55,30.08
Delaware State Hornets,2026,Delaware State (imputed from 2023),214,84.39,28.74
Idaho State Bengals,2026,Idaho State (imputed from 2023),215,83.81,27.59
Richmond Spiders,2026,Richmond (imputed from 2023),217,83.27,26.51
Wagner Seahawks,2026,Wagner (imputed from 2023),218,83.11,26.18
Bucknell Bison,2026,Bucknell (imputed from 2023),220,82.83,25.64
South Dakota State Jackrabbits,2026,South Dakota State (imputed from 2023),221,81.8,23.58
Lafayette Leopards,2026,Lafayette (imputed from 2023),222,92.42,22.41
Sacred Heart Pioneers,2026,Sacred Heart (imputed from 2023),225,88.0,17.99
New Hampshire Wildcats,2026,New Hampshire (imputed from 2023),228,78.12,16.21
Charleston Southern Buccaneers,2026,Charleston Southern (imputed from 2023),229,86.11,16.1
Colgate Raiders,2026,Colgate (imputed from 2022),226,84.44,14.43
North Dakota Fighting Hawks,2026,North Dakota (imputed from 2023),231,77.19,14.37
Valparaiso Beacons,2026,Valparaiso (imputed from 2022),228,81.86,11.85
Holy Cross Crusaders,2026,Holy Cross (imputed from 2023),233,81.17,11.16
Drake Bulldogs,2026,Drake (imputed from 2023),234,80.98,10.98
William & Mary Tribe,2026,William & Mary (imputed from 2022),231,80.65,10.64
Villanova Wildcats,2026,Villanova (imputed from 2023),237,74.33,4.33
