event_id,actual,frozen_v2_2,book_home_spread,pass_def,requested_five
401869941,-17.0,-1.3,2.5,-3.973068931504001,-3.6209672860043653
401862779,-4.0,1.1,3.5,-1.1624478141017236,1.5853713555607079
401862778,4.0,-1.0,6.5,-2.191486906025324,-0.00584967743947562
401858461,6.0,23.1,-20.5,16.58339247166498,17.595421474013662
401858234,-14.0,1.5,1.5,1.7452177177240777,4.261551802993452
401856704,-3.0,-0.4,4.5,3.8622738853919625,1.0560909317976441
401858465,23.0,21.5,-27.5,16.497121796568994,17.69147756237573
401856805,35.0,28.8,-34.5,22.68312403630199,22.966825350687074
401858243,-3.0,11.6,-13.5,8.792590385786692,9.513191845488574
401856813,10.0,6.5,-9.5,7.9600523901699685,9.057013322965224
401858242,-7.0,-9.8,14.5,-8.330189826459197,-11.76820949504955
401860893,25.0,-2.1,-2.5,-0.2570681634448193,2.0217512457761
401860896,14.0,9.5,-14.5,9.093651551746644,5.4266385618017665
401864512,-28.0,-1.3,13.5,-1.2369266681760736,-1.3277545864737723
401866425,13.0,2.4,-2.5,2.3635685957371955,1.6056528344341863
401864576,24.0,1.0,-20.5,0.39575037779889444,0.20094608749673126
401858462,-51.0,8.9,1.5,10.029037935487569,13.220909313860592
401858467,-39.0,-23.4,27.5,-18.005505682980136,-17.78290651880654
401864511,21.0,13.0,-9.5,13.75003618268533,17.216471488754046
401864510,17.0,0.7,2.5,1.5183322354818376,0.4574982165056065
401856700,28.0,17.8,-12.5,11.837145482652819,15.139380786879709
401856699,24.0,0.8,-3.5,4.940252089853582,7.979573270099701
401856816,-14.0,-10.8,8.5,-8.122543993290586,-10.131823709971902
401858463,-1.0,-0.1,-5.5,0.08109360699679913,-1.1842537544162202
401856815,8.0,4.5,3.5,3.91518881012145,0.11079216657218627
401860897,-25.0,1.1,7.5,0.7734237892268188,-0.9801394032630464
401861970,3.0,-2.2,-3.5,-0.8439488724279962,-2.539807948015845
401864579,-24.0,-8.2,11.5,-8.923558919911176,-8.417715468230016
401856806,-14.0,-10.8,17.5,-8.876664357716177,-10.477383902064275
401856698,6.0,7.1,-9.5,4.999634460924035,6.482476057541364
401858466,-4.0,11.1,-9.5,7.373976425648434,9.071145721856393
401858464,-18.0,-14.2,5.5,-13.981750546867524,-15.807987071410395
401862785,-8.0,-15.6,17.5,-14.420482770542929,-15.043848606394747
401858239,39.0,15.7,-19.5,15.612853887330179,14.099129599060129
401869961,-26.0,-5.1,5.5,-4.668639499369867,-6.900243822837904
401858238,49.0,36.4,-41.5,28.243031077622277,31.732510557055853
401862780,-27.0,-5.5,10.5,-7.037043766614323,-8.058467430542168
401856696,31.0,8.1,-12.5,3.0853414470081795,3.3734283341497333
401856814,5.0,0.5,6.5,0.3092763139439625,-0.37223282006831937
401856881,-17.0,6.0,-1.5,4.916078234181208,0.35468248337492625
401862784,3.0,6.5,-17.5,5.462380400026578,2.9774777409267896
401869931,3.0,6.9,-6.5,5.663796318831084,4.996928636822515
401871048,10.0,3.1,-7.5,1.9275926374965067,1.213312965082464
401856702,29.0,4.8,-9.5,-0.08679157653066483,2.0317277344937654
401858469,-14.0,-1.9,2.5,-4.966179267191141,-3.83754959166789
401856804,-10.0,-9.0,10.5,-7.9630513263894525,-10.061815097396865
401860894,11.0,-1.5,-2.5,-2.3504689692815517,-4.941222517946191
401864572,10.0,9.9,-14.5,9.512409639892903,6.861717290411617
401856703,7.0,0.8,-6.5,-0.17785737263787071,1.0511306276212613
401856697,28.0,-3.4,-7.5,-2.3018800521257403,-2.5832098608205705
401862782,-28.0,-0.6,12.5,-0.5660708861168282,0.0731063653469115
401858241,10.0,19.6,-34.5,18.059341889955835,19.812382454467162
401860895,-26.0,1.1,10.5,2.2528229560073427,-0.515054422418662
401866429,-29.0,1.6,4.5,0.22805319981149674,-0.8284172862873591
401860891,14.0,11.7,-13.5,11.055209723770737,10.105458758608101
401858240,7.0,-7.4,3.5,-8.372015571768529,-8.122163957987897
401864509,-3.0,2.2,5.5,0.11231294734015629,1.614670458034055
401858470,-3.0,6.3,-9.5,6.186916491867357,6.121432392477052
401871049,21.0,2.3,-2.5,2.3542730482610783,4.255482700167725
401862786,-1.0,5.5,-2.5,3.366217762904431,2.240253465230263
401858245,-2.0,1.5,-3.5,0.7219470177632221,1.5436383031882612
401871050,-16.0,-2.5,6.5,-3.6963621227909456,-4.386928320457006
401858476,21.0,-0.8,,-0.09076425121497778,-3.1782994836812195
401858250,-11.0,-17.2,21.5,-10.244695673542322,-11.202638808733894
401856707,-33.0,-2.9,5.5,-1.2624195918569483,-1.175196100471248
401856819,10.0,5.3,-11.5,3.859155202729044,5.717727904793944
401858246,9.0,16.4,-20.5,14.895945052154051,17.270300677162744
401856807,55.0,10.5,-19.5,10.695738739728368,15.690575354067795
401856822,3.0,5.0,-2.5,6.569614647019039,9.208839425269478
401858251,54.0,15.0,-12.5,14.345766139401146,14.978789808454223
401858252,-1.0,-0.3,5.5,-2.399129610644527,-2.2875602108161406
401858474,6.0,0.5,5.5,0.2958342694991627,1.4082573735140533
401862791,5.0,6.0,-2.5,6.771450737303027,5.357604979717294
401858479,28.0,11.9,-10.5,11.795464360726509,14.170793687439078
401856705,24.0,27.2,-24.5,19.753993511180866,22.648601307210967
401866432,-3.0,-6.5,14.5,-7.182952407808651,-6.015748519079972
401866431,-15.0,-9.8,18.5,-11.803616943252704,-16.640557667294495
401858473,-17.0,-9.9,13.5,-7.140041260791692,-7.052822298040509
401856708,28.0,-4.6,4.5,1.0357507117705445,0.25003761834467086
401856710,10.0,11.2,-7.5,10.476101873697488,9.365042951194127
401858247,8.0,3.0,-2.5,2.6942095361965395,3.5073492565578386
401858248,3.0,3.9,6.5,3.666276611008028,3.431649168047561
401858253,31.0,-0.6,2.5,-1.8507862323400874,-3.8560913618282466
401862787,-51.0,-8.2,20.5,-8.153158680565015,-10.971396176372158
401864515,28.0,15.2,-19.5,16.205558570243667,17.64469343939675
401866430,24.0,4.3,-5.5,4.86451899447232,5.664348412538981
401866433,-24.0,8.1,-4.5,10.511988013331809,13.42383437793813
401866434,-3.0,-3.8,5.5,-4.974187920647383,-6.579258418783009
401866477,-4.0,13.8,-14.5,11.981240642134125,14.327700877378748
401869956,32.0,7.7,1.5,6.3381626182347235,10.390765734500784
401869962,28.0,12.3,-18.5,13.320977429428337,16.583496113044546
401858475,25.0,15.9,-14.5,15.892246264943784,16.53948567918092
401864514,54.0,21.0,-22.5,21.256473336839104,24.485688996983512
401856709,-1.0,13.1,-3.5,13.068642875050005,13.390164950620687
401858472,-7.0,15.9,,15.060601840803617,15.978177720793536
401860899,-30.0,2.4,4.5,2.326611281679333,4.442966705016533
401856818,-7.0,-9.2,6.5,-5.375759483138513,-4.654689822177303
401856711,27.0,15.4,-14.5,14.34101796946094,12.095330392338996
401862788,-2.0,-3.4,10.5,-2.850908559806396,-4.212137571034571
401869942,-7.0,0.5,1.5,0.07377802151790869,-0.563219307569792
401871089,17.0,14.2,-13.5,14.529344996610703,15.970351564484941
401858249,-28.0,-23.1,16.5,-17.36685907041799,-21.978829516116313
401856821,-22.0,-19.0,13.5,-14.969967217683713,-15.9226113301292
401858478,4.0,6.5,-9.5,2.31771102031722,4.144396491256363
401860898,19.0,15.8,-20.5,14.297768214749794,16.802080361126457
401862792,-4.0,8.3,-5.5,8.48759798494639,8.902787981770626
401869842,2.0,1.7,3.5,0.9915441166232859,2.9746030613430148
401858477,-32.0,-22.9,24.5,-17.045710934337944,-18.643474507857825
401869932,3.0,4.8,-6.5,5.348931241907998,8.3516932599897
401860921,-20.0,-3.9,1.5,-3.6812684083840863,-4.39623458466577
401856817,-36.0,4.6,-4.5,6.600518157318602,6.490468385486588
401860900,2.0,0.2,3.5,-1.3435868601230179,-4.452337591278955
401856820,27.0,5.0,-7.5,5.349285614008155,6.4836070606825995
401864513,-4.0,5.2,-3.5,5.320721507306458,3.2780449195985266
