game_id,temperature,precipitation,wind_speed
401403853,80.1,0.0,15.7
401403854,82.2,0.0,5.6
401403855,84.7,0.0,4.7
401403857,75.0,0.004,4.7
401403858,86.5,0.0,9.2
401403859,76.8,0.0,8.1
401403860,87.6,0.0,7.0
401403861,84.0,0.02,5.6
401403863,79.9,0.0,7.0
401403864,83.8,0.0,0.2
401403867,80.2,0.012,7.1
401403966,78.6,0.0,19.9
401403967,88.9,0.0,9.3
401403969,66.4,0.0,9.3
401403971,102.7,0.0,8.1
401403973,66.2,0.0,5.6
401404059,77.5,0.024,4.3
401404124,73.8,0.0,3.4
401404134,77.0,0.0,3.8
401404146,88.2,0.0,10.3
401404157,77.9,0.0,0.0
401405058,82.9,0.0,4.7
401405059,64.8,0.0,6.8
401405060,78.3,0.0,5.8
401405061,73.8,0.0,2.9
401405064,72.9,0.0,0.0
401405066,82.2,0.004,5.6
401405067,82.4,0.0,4.9
401405069,73.6,0.0,17.4
401409235,73.4,0.0,6.8
401411092,77.4,0.0,5.8
401411094,83.8,0.0,3.4
401411095,74.5,0.0,3.7
401411096,87.6,0.0,3.7
401411099,72.9,0.0,4.3
401411101,74.5,0.0,0.0
401414778,79.0,0.012,4.7
401415211,82.6,0.0,12.4
401415212,98.2,0.0,19.7
401415612,84.2,0.079,6.8
401416569,80.4,0.0,11.4
401416591,80.2,0.0,6.3
401426330,79.9,0.0,8.7
401426530,84.2,0.335,11.4
401426531,74.1,0.0,21.9
401426536,75.7,0.0,3.7
401426537,79.7,0.0,7.0
401426538,83.5,0.0,4.7
401426539,93.0,0.0,8.1
401426540,91.6,0.0,14.1
401426541,92.3,0.0,6.3
401426542,85.6,0.008,13.7
401426543,77.7,0.008,14.1
401442010,61.0,0.016,9.3
401403868,88.3,0.0,4.3
401403869,81.9,0.0,3.4
401403870,75.6,0.0,5.6
401403871,75.2,0.016,3.7
401403875,84.9,0.0,9.3
401403876,59.0,0.079,7.0
401403877,74.8,0.0,8.1
401403878,93.0,0.0,1.1
401403879,69.6,0.059,5.8
401403975,72.0,0.0,14.9
401403976,71.6,0.0,10.3
401403977,48.2,0.008,5.8
401403979,84.9,0.0,11.4
401403980,81.3,0.0,8.1
401403984,68.2,0.016,10.6
401404062,69.4,0.0,7.0
401404063,85.1,0.0,4.7
401404064,70.9,0.0,7.0
401404065,69.6,0.008,4.7
401404066,84.2,0.0,10.3
401404125,86.2,0.0,9.2
401404148,73.0,0.0,4.7
401405070,82.4,0.02,3.7
401405072,66.2,0.0,10.3
401405073,80.2,0.0,5.8
401405077,69.8,0.0,4.3
401405078,84.9,0.012,14.9
401405079,79.7,0.0,9.2
401405080,72.0,0.0,5.8
401411103,71.6,0.0,7.0
401411105,91.0,0.0,14.9
401411108,66.4,0.055,8.1
401414779,79.2,0.0,5.6
401415024,73.2,0.039,6.8
401415214,82.9,0.0,7.0
401415613,79.0,0.0,6.8
401415617,79.0,0.0,4.7
401415620,85.6,0.0,0.0
401416594,82.0,0.0,7.0
401416597,82.2,0.0,6.8
401416598,84.4,0.02,6.8
401426544,86.5,0.0,5.8
401426545,73.8,0.012,3.4
401426548,53.6,0.0,10.3
401426551,70.0,0.181,9.3
401426552,87.4,0.0,8.1
401426553,81.1,0.0,0.0
401403880,86.9,0.0,4.7
401403882,82.8,0.0,4.3
401403883,77.0,0.0,3.7
401403885,88.0,0.0,8.1
401403886,81.7,0.0,5.8
401403888,82.9,0.0,3.4
401403889,75.0,0.0,0.0
401403890,82.8,0.0,9.2
401403891,77.2,0.0,9.3
401403986,89.4,0.0,6.8
401403987,85.1,0.0,16.2
401403988,82.6,0.0,11.8
401403989,69.6,0.0,6.8
401403991,70.9,0.0,3.4
401403992,68.2,0.0,0.0
401403993,64.8,0.0,5.6
401403994,62.1,0.0,22.4
401403995,71.6,0.0,3.7
401404068,88.5,0.063,17.4
401404069,77.2,0.0,4.7
401404070,75.2,0.02,7.0
401404071,91.6,0.0,13.9
401404072,72.1,0.0,0.0
401404074,95.0,0.0,19.7
401404149,79.0,0.0,10.3
401404159,79.2,0.0,4.7
401405082,69.8,0.0,8.1
401405084,72.9,0.0,5.6
401405085,77.2,0.0,10.6
401405087,71.4,0.0,0.0
401405088,77.7,0.0,5.8
401405089,81.0,0.0,5.8
401411109,80.2,0.0,4.7
401411113,81.3,0.0,3.4
401411115,75.4,0.0,8.1
401415029,84.0,0.0,10.6
401415217,62.8,0.0,16.2
401415622,84.4,0.0,8.1
401415623,80.1,0.0,10.3
401416601,78.8,0.0,10.3
401426333,70.9,0.0,4.3
401426554,78.4,0.0,5.6
401426555,78.8,0.0,5.6
401426556,72.3,0.0,5.2
401426558,,,
401426559,86.7,0.0,11.8
401426560,84.6,0.0,6.8
401426561,85.1,0.0,16.2
401426562,86.5,0.0,10.6
401426563,82.4,0.0,9.2
401403892,75.0,0.0,0.2
401403893,91.4,0.0,3.7
401403894,76.3,0.0,3.4
401403895,77.7,0.0,4.7
401403896,66.7,0.0,7.0
401403897,86.2,0.0,0.0
401403898,91.2,0.0,5.8
401403899,82.2,0.0,7.0
401403901,75.0,0.0,3.7
401403996,73.8,0.0,14.9
401403997,93.0,0.0,8.1
401403998,73.2,0.0,3.7
401403999,71.6,0.0,5.6
401404000,61.0,0.0,5.6
401404001,64.4,0.0,7.4
401404078,88.9,0.0,7.0
401404079,80.4,0.0,5.6
401404080,73.6,0.0,4.3
401404081,84.2,0.0,4.3
401404082,91.6,0.0,6.8
401404126,75.0,0.0,5.8
401404150,70.0,0.0,4.3
401404160,68.2,0.0,4.3
401405091,66.2,0.0,3.7
401405092,60.8,0.0,5.6
401405093,62.8,0.0,5.6
401405095,67.6,0.0,5.8
401405096,74.1,0.0,14.9
401405097,57.9,0.0,4.7
401405098,59.4,0.0,3.4
401409237,87.8,0.0,10.6
401411116,61.0,0.0,12.4
401411117,49.5,0.0,8.1
401411118,77.0,0.0,3.7
401411119,73.6,0.004,13.7
401411122,87.3,0.0,11.4
401411123,70.0,0.0,8.1
401414781,69.1,0.0,9.2
401415037,61.9,0.0,5.6
401415040,86.5,0.0,2.9
401415220,69.6,0.0,9.3
401415222,74.1,0.0,5.8
401415223,65.5,0.0,8.1
401415224,78.1,0.0,11.8
401415225,73.6,0.0,0.0
401415624,67.8,0.0,4.0
401416604,58.1,0.0,4.7
401416605,78.8,0.0,2.0
401426334,80.2,0.0,10.6
401426335,71.6,0.0,6.8
401426336,80.6,0.0,2.0
401426393,74.8,0.0,3.4
401426564,73.9,0.0,0.0
401426565,83.1,0.0,12.7
401426566,70.9,0.0,3.4
401426567,80.8,0.0,3.4
401426568,79.0,0.071,3.4
401426569,93.4,0.0,8.1
401426570,92.1,0.0,11.8
401426571,84.2,0.0,5.8
401403902,79.9,0.0,9.2
401403903,72.0,0.0,5.6
401403905,73.2,0.0,12.4
401403906,78.6,0.0,5.6
401403907,66.9,0.0,8.1
401404002,79.5,0.0,5.6
401404003,66.2,0.0,3.7
401404004,73.4,0.0,6.0
401404005,64.8,0.0,7.0
401404006,66.6,0.0,5.8
401404007,67.8,0.0,8.1
401404083,86.5,0.0,7.0
401404084,78.8,0.0,7.0
401404085,75.0,0.0,8.1
401404086,74.3,0.0,5.8
401404087,82.9,0.0,3.4
401404137,57.7,0.043,9.2
401404151,61.0,0.0,12.7
401404161,68.0,0.0,10.6
401405099,63.1,0.0,0.0
401405100,67.8,0.0,7.0
401405101,69.3,0.0,4.7
401405102,75.4,0.0,8.1
401405103,60.6,0.0,9.3
401405104,65.7,0.0,13.7
401405105,52.2,0.008,5.8
401411124,55.6,0.051,10.3
401411125,63.3,0.0,6.8
401411126,63.0,0.0,5.6
401411127,87.1,0.0,8.1
401411128,63.0,0.0,3.4
401411129,54.9,0.028,11.4
401414782,69.3,0.0,13.7
401415226,74.7,0.0,11.8
401415227,58.8,0.0,5.6
401415228,68.5,0.0,16.2
401415229,,,
401415230,55.6,0.0,10.6
401415625,81.3,0.0,4.7
401415626,82.4,0.0,13.9
401415627,77.7,0.0,5.8
401415628,73.2,0.0,11.4
401416607,69.6,0.0,7.0
401416608,73.4,0.0,17.4
401416609,63.0,0.0,12.7
401416610,61.3,0.0,18.6
401416611,61.3,0.0,5.6
401426337,66.2,0.0,4.2
401426338,52.9,0.02,8.1
401426340,71.4,0.0,3.7
401426341,82.6,0.0,10.6
401426573,63.0,0.0,1.4
401426574,82.4,0.0,11.8
401426575,80.6,0.0,9.3
401426576,71.6,0.0,10.6
401426577,81.3,0.0,5.6
401426578,71.2,0.0,4.7
401403909,60.8,0.0,5.8
401403910,86.0,0.0,7.0
401403911,79.7,0.0,5.8
401403912,52.9,0.0,3.4
401403913,84.2,0.0,11.4
401403914,69.6,0.0,9.2
401403915,64.2,0.0,5.8
401404008,72.7,0.0,10.3
401404009,85.8,0.0,5.8
401404010,57.0,0.0,5.8
401404011,88.9,0.0,9.2
401404012,73.2,0.0,4.7
401404088,53.2,0.0,4.7
401404089,57.7,0.0,3.1
401404090,74.1,0.0,9.2
401404091,72.0,0.0,5.6
401404127,,,
401404138,57.4,0.0,4.7
401404164,56.5,0.0,10.3
401405106,50.0,0.0,5.6
401405107,58.1,0.0,13.9
401405108,51.4,0.0,11.8
401405109,55.2,0.0,6.8
401405110,53.1,0.0,20.5
401405111,68.4,0.0,7.0
401411131,55.0,0.0,11.8
401411132,72.7,0.0,14.9
401411133,82.4,0.004,16.2
401411134,55.2,0.0,3.4
401411135,54.9,0.0,10.3
401411136,61.3,0.0,9.2
401415231,74.1,0.0,0.0
401415232,63.5,0.0,3.7
401415233,67.3,0.0,0.0
401415234,56.3,0.0,13.7
401415235,67.3,0.0,0.0
401415236,66.4,0.0,4.7
401415629,73.2,0.0,8.1
401415630,71.2,0.0,12.7
401415631,82.4,0.0,7.1
401415632,57.9,0.0,10.3
401415633,56.1,0.0,5.6
401416613,51.6,0.0,19.9
401416614,50.2,0.0,15.0
401416615,55.6,0.0,18.6
401416616,57.7,0.0,9.3
401416617,52.9,0.0,13.7
401416618,59.9,0.0,0.0
401426342,72.7,0.0,11.4
401426343,60.8,0.0,4.7
401426344,64.9,0.0,3.4
401426345,86.0,0.0,10.3
401426346,69.6,0.0,5.8
401426579,82.0,0.0,9.2
401426580,73.8,0.0,4.7
401426581,75.2,0.0,9.2
401426582,87.6,0.0,8.1
401403916,68.5,0.0,5.8
401403917,69.8,0.0,4.7
401403918,81.7,0.0,8.1
401403919,61.9,0.0,0.0
401403920,73.2,0.0,6.8
401403921,78.6,0.0,11.5
401404013,71.1,0.0,5.8
401404014,58.8,0.0,3.4
401404015,66.4,0.0,5.8
401404016,46.6,0.0,8.1
401404017,62.6,0.0,7.0
401404092,56.5,0.0,4.7
401404093,84.7,0.0,5.6
401404094,82.4,0.0,13.9
401404095,91.8,0.0,11.8
401404153,55.9,0.0,11.4
401405112,50.0,0.0,11.4
401405113,49.8,0.0,4.7
401405114,61.3,0.0,7.0
401405115,51.1,0.0,17.4
401405116,51.8,0.0,14.9
401409239,79.7,0.0,5.8
401411137,67.3,0.0,0.0
401411138,75.2,0.0,2.3
401411139,59.5,0.0,15.0
401411140,73.6,0.0,11.8
401414783,65.5,0.0,7.0
401415237,,,
401415238,60.1,0.0,10.3
401415239,71.1,0.0,12.7
401415240,77.2,0.0,10.9
401415634,79.2,0.0,5.8
401415635,83.8,0.0,4.7
401415636,84.0,0.0,7.0
401415637,62.4,0.0,0.0
401416619,55.0,0.0,16.2
401416620,52.2,0.0,15.0
401416621,54.0,0.0,8.1
401416622,50.9,0.0,16.1
401416623,53.2,0.0,15.0
401426347,69.1,0.0,3.4
401426348,73.4,0.0,0.0
401426349,80.6,0.0,1.8
401426350,71.8,0.0,4.7
401426351,72.9,0.0,0.0
401426352,86.7,0.0,0.0
401426583,82.2,0.0,8.1
401426584,82.4,0.0,4.3
401426585,80.6,0.0,12.7
401426586,93.9,0.0,17.2
401426587,73.4,0.0,9.2
401403922,68.9,0.0,0.0
401403923,79.0,0.0,14.9
401403924,84.7,0.0,25.5
401403925,59.0,0.0,5.6
401404018,66.0,0.0,8.1
401404019,59.4,0.0,12.4
401404020,50.2,0.0,4.3
401404021,50.9,0.043,7.0
401404096,81.1,0.0,25.5
401404097,81.0,0.0,18.6
401404098,90.3,0.0,21.7
401404099,85.1,0.0,24.2
401404128,77.2,0.0,16.2
401404140,64.9,0.0,6.8
401404163,72.1,0.0,0.0
401405117,79.0,0.0,13.7
401405118,66.4,0.0,2.7
401405119,71.8,0.0,8.1
401405120,59.4,0.0,4.3
401405121,66.2,0.0,4.3
401411141,51.4,0.0,4.9
401411142,65.7,0.0,3.4
401411143,66.4,0.0,6.8
401411144,81.0,0.0,16.2
401411145,72.1,0.0,0.0
401415241,66.0,0.0,13.7
401415242,75.0,0.0,3.4
401415243,74.3,0.0,19.9
401415244,52.0,0.0,11.8
401415245,43.9,0.0,3.7
401415638,57.2,0.0,8.1
401415639,77.2,0.0,10.8
401415640,61.0,0.0,9.2
401415641,76.8,0.0,13.9
401415642,58.8,0.0,3.7
401416624,75.2,0.0,12.4
401416625,77.5,0.0,3.7
401416626,72.5,0.0,16.2
401416627,81.5,0.0,10.6
401416628,66.2,0.0,5.8
401416629,71.4,0.0,10.6
401426353,38.5,0.0,8.1
401426354,56.1,0.0,4.3
401426355,69.3,0.0,3.8
401426356,64.4,0.0,9.3
401426357,79.0,0.0,16.2
401426358,86.0,0.0,19.9
401426588,72.0,0.0,0.0
401426589,83.1,0.0,16.2
401426590,84.4,0.0,16.2
401426591,87.6,0.0,12.7
401426592,61.0,0.0,3.7
401403927,66.4,0.0,9.2
401403928,69.8,0.0,11.8
401403929,62.1,0.0,4.7
401403930,58.8,0.0,0.0
401403931,63.9,0.0,5.8
401404022,80.8,0.0,7.0
401404023,53.4,0.0,0.0
401404024,63.0,0.0,4.3
401404025,66.0,0.0,7.8
401404026,42.8,0.0,9.3
401404100,59.2,0.0,3.4
401404101,60.3,0.0,4.7
401404102,69.8,0.0,8.1
401404103,61.3,0.0,5.6
401404129,57.4,0.0,0.0
401404154,55.4,0.0,2.7
401405122,65.8,0.0,4.7
401405123,68.2,0.0,10.3
401405124,71.2,0.0,3.4
401405125,44.6,0.0,3.7
401405126,54.0,0.0,0.0
401409242,61.2,0.0,4.3
401411146,56.1,0.0,0.0
401411147,70.0,0.0,7.0
401411148,71.2,0.0,3.4
401411149,59.0,0.0,3.4
401411150,59.7,0.0,4.5
401415246,54.1,0.0,5.6
401415247,77.7,0.0,11.9
401415248,62.6,0.0,2.3
401415249,57.4,0.0,3.4
401415643,63.3,0.0,11.8
401415644,84.4,0.0,12.4
401415645,45.5,0.0,12.7
401415646,60.8,0.0,5.6
401415647,67.6,0.0,7.0
401416630,55.2,0.0,4.7
401416631,62.1,0.0,4.7
401426359,62.8,0.0,0.0
401426361,65.7,0.0,11.4
401426362,62.1,0.0,4.7
401426363,62.4,0.004,4.3
401426593,63.3,0.0,16.2
401426594,80.1,0.0,5.8
401426595,80.6,0.008,17.4
401426596,60.3,0.0,5.8
401426597,73.2,0.0,12.7
401403932,57.7,0.0,10.3
401403933,74.7,0.0,0.0
401403934,63.1,0.0,3.4
401403935,62.4,0.0,4.9
401403936,44.8,0.0,19.7
401403937,60.8,0.0,7.0
401403938,65.5,0.004,11.2
401404027,48.6,0.0,13.9
401404028,60.8,0.0,0.0
401404029,57.2,0.0,0.0
401404030,55.2,0.0,14.9
401404031,57.2,0.008,18.6
401404032,62.4,0.008,3.4
401404104,59.0,0.0,18.3
401404105,49.1,0.0,12.7
401404106,56.8,0.0,16.1
401404107,54.0,0.0,10.3
401404108,54.3,0.0,3.4
401404130,52.2,0.0,27.3
401404141,62.4,0.0,1.6
401404155,63.0,0.0,7.0
401405127,57.0,0.0,29.8
401405128,47.1,0.0,5.8
401405129,65.1,0.0,31.1
401405130,64.2,0.051,18.6
401405131,57.4,0.067,19.9
401405132,67.3,0.004,15.0
401405133,68.0,0.0,5.6
401411151,62.6,0.0,10.3
401411152,69.3,0.0,15.0
401411153,78.1,0.0,5.8
401411154,73.6,0.0,9.3
401411155,80.6,0.012,19.9
401411156,76.3,0.0,9.2
401411157,66.4,0.012,8.1
401415250,44.6,0.0,4.7
401415251,61.0,0.035,0.0
401415252,49.1,0.0,32.3
401415253,55.9,0.0,0.0
401415254,65.3,0.0,5.8
401415648,77.0,0.0,13.9
401415649,53.6,0.0,5.8
401415650,73.9,0.008,19.9
401415651,62.2,0.0,10.3
401415652,61.9,0.0,9.2
401416632,57.7,0.0,3.7
401416633,57.7,0.0,5.3
401416634,55.6,0.0,7.0
401416635,54.9,0.0,5.8
401426364,59.0,0.0,0.0
401426365,75.2,0.0,4.3
401426366,78.8,0.0,11.8
401426367,70.0,0.0,8.1
401426368,66.0,0.0,5.8
401426369,67.8,0.028,9.3
401426598,77.4,0.008,11.8
401426599,66.0,0.0,11.4
401426600,68.2,0.0,6.8
401426601,77.7,0.0,16.2
401426602,69.1,0.031,10.3
401403939,37.8,0.0,10.3
401403940,46.8,0.0,13.9
401403941,77.0,0.0,10.3
401403942,33.6,0.004,11.8
401403943,42.6,0.0,8.1
401403944,39.0,0.0,10.6
401403945,49.8,0.0,3.7
401404033,57.2,0.0,0.0
401404034,55.8,0.0,0.0
401404035,33.8,0.0,10.6
401404036,39.4,0.0,4.0
401404037,44.4,0.0,3.7
401404038,32.5,0.0,3.4
401404109,41.5,0.0,5.8
401404110,47.3,0.0,8.1
401404111,43.0,0.0,9.3
401404112,50.5,0.02,5.8
401404113,48.2,0.0,4.6
401404131,71.1,0.0,5.6
401404142,60.4,0.004,12.4
401404156,69.1,0.0,13.9
401405134,34.0,0.0,16.1
401405135,31.8,0.0,12.4
401405136,28.2,0.0,11.4
401405137,34.0,0.02,7.0
401405138,39.9,0.0,12.7
401405139,36.3,0.043,5.6
401405140,50.4,0.004,3.1
401411158,64.8,0.004,12.7
401411159,72.3,0.0,13.7
401411160,52.7,0.0,12.7
401411161,70.2,0.0,9.2
401411162,44.1,0.0,11.8
401411163,73.8,0.0,10.6
401411164,64.2,0.004,8.1
401414784,36.9,0.0,11.4
401415255,33.3,0.028,8.1
401415256,44.4,0.0,12.4
401415257,75.0,0.0,11.6
401415258,39.2,0.0,3.6
401415259,,,
401415260,54.3,0.0,0.0
401415653,62.2,0.0,0.0
401415654,50.9,0.0,8.1
401415655,56.1,0.0,20.5
401415656,80.6,0.0,5.6
401415657,59.4,0.0,16.5
401416636,47.8,0.0,8.1
401416637,46.0,0.0,8.1
401416638,54.0,0.0,8.1
401416639,62.2,0.0,4.7
401416640,57.9,0.0,3.4
401416641,54.9,0.0,5.8
401426370,63.1,0.0,0.0
401426371,66.2,0.0,5.8
401426372,65.7,0.0,5.8
401426373,38.5,0.0,5.6
401426374,77.0,0.0,9.3
401426375,54.7,0.0,11.4
401426603,35.6,0.0,10.4
401426604,75.2,0.0,4.3
401426605,62.6,0.0,13.9
401426606,47.1,0.0,14.9
401426607,34.2,0.0,4.7
401403947,26.4,0.0,6.5
401403949,36.9,0.0,16.1
401403952,25.5,0.0,5.6
401403953,53.6,0.0,5.6
401403954,39.7,0.067,10.3
401403955,39.0,0.0,12.7
401404039,69.8,0.0,8.1
401404040,70.9,0.0,12.7
401404041,59.4,0.0,4.6
401404042,37.0,0.0,6.3
401404043,26.4,0.0,3.7
401404044,63.9,0.0,7.0
401404114,39.6,0.0,13.9
401404115,17.8,0.0,8.1
401404116,34.9,0.0,13.9
401404117,34.3,0.0,10.6
401404118,33.8,0.0,3.7
401404132,25.0,0.0,14.9
401404143,36.1,0.0,9.2
401404165,48.4,0.0,10.6
401405141,16.0,0.0,16.2
401405142,28.6,0.0,21.7
401405143,30.0,0.0,16.2
401405144,44.4,0.0,5.6
401405145,27.0,0.0,18.3
401405146,24.8,0.0,27.3
401405147,39.2,0.0,6.8
401411165,51.8,0.0,7.0
401411166,59.0,0.0,7.0
401411167,37.6,0.0,18.6
401411168,48.2,0.0,3.7
401411169,29.8,0.0,13.9
401411171,48.4,0.0,4.3
401415261,14.2,0.0,6.8
401415262,13.8,0.0,5.8
401415263,27.3,0.0,0.0
401415264,31.8,0.0,0.0
401415265,20.1,0.0,0.0
401415266,76.5,0.0,14.5
401415658,50.2,0.0,5.8
401415659,29.7,0.0,7.0
401415660,58.8,0.0,3.7
401415661,71.8,0.0,9.3
401415663,41.0,0.0,12.7
401416642,34.2,0.0,0.0
401416643,35.1,0.016,5.8
401416644,32.5,0.0,10.6
401416645,30.0,0.02,4.3
401416646,31.3,0.008,10.3
401426376,40.1,0.0,7.0
401426377,48.2,0.0,4.2
401426378,42.3,0.0,11.8
401426379,46.8,0.02,5.8
401426380,41.0,0.02,18.6
401426381,54.7,0.0,3.4
401426608,54.0,0.0,5.6
401426609,47.1,0.0,13.9
401426610,44.6,0.0,10.4
401426611,45.3,0.079,12.4
401426612,44.2,0.008,4.7
401426613,52.2,0.0,5.6
401403956,60.6,0.0,0.0
401403957,61.9,0.0,10.3
401403958,66.0,0.0,7.0
401403959,63.3,0.0,5.6
401403960,55.8,0.0,7.0
401403961,54.3,0.0,4.3
401403962,63.3,0.0,3.7
401403963,50.9,0.0,5.8
401403964,53.4,0.016,9.3
401404045,66.7,0.0,4.7
401404046,67.6,0.0,4.7
401404047,46.6,0.0,5.6
401404048,49.3,0.0,3.6
401404049,46.2,0.0,3.4
401404051,32.0,0.0,7.0
401404119,57.6,0.0,10.3
401404120,48.6,0.012,10.6
401404121,45.0,0.047,4.7
401404122,39.4,0.0,6.8
401404123,50.4,0.051,14.9
401404133,61.2,0.0,0.0
401404144,50.4,0.0,11.8
401404166,61.2,0.0,3.4
401405148,49.8,0.0,6.8
401405149,54.1,0.0,9.2
401405150,52.3,0.0,7.0
401405151,52.2,0.0,4.3
401405152,57.0,0.0,10.6
401405153,53.8,0.0,10.3
401405154,48.6,0.0,9.2
401411172,57.9,0.0,4.7
401411173,46.6,0.0,11.4
401411174,57.4,0.0,7.0
401411175,77.0,0.0,3.7
401415267,60.3,0.0,4.7
401415268,59.0,0.0,10.6
401415269,34.3,0.0,4.3
401415270,53.1,0.0,0.0
401415271,62.8,0.0,5.8
401415272,,,
401415664,57.0,0.0,7.0
401415665,52.9,0.0,9.2
401415666,49.8,0.008,12.4
401415667,75.9,0.0,0.0
401415668,59.7,0.0,13.7
401416648,47.5,0.0,5.8
401416649,30.7,0.0,3.7
401416650,48.4,0.0,12.4
401416651,48.4,0.0,10.6
401416652,53.8,0.0,17.4
401416653,48.6,0.0,21.9
401426382,62.8,0.0,0.0
401426383,56.7,0.0,6.8
401426384,47.8,0.008,13.9
401426385,64.9,0.311,7.0
401426386,59.0,0.0,9.2
401426389,65.7,0.0,9.2
401426390,54.1,0.0,5.8
401426614,80.1,0.0,5.8
401426615,87.8,0.0,8.1
401426616,62.8,0.134,9.3
401426617,53.6,0.008,10.6
401426618,63.7,0.0,18.3
401437008,74.1,0.004,0.0
401437009,53.6,0.0,4.6
401437030,51.8,0.0,12.7
401437031,27.0,0.0,6.8
401437032,63.7,0.0,0.0
401437033,39.0,0.0,17.2
401437034,36.5,0.0,4.7
401437035,,,
401437036,60.4,0.0,0.0
401437037,69.6,0.0,3.4
401506450,46.6,0.0,16.2
401404145,42.8,0.0,8.1
