team,season,role,name,source
ARI,2006,oc,"Mike Kruczek, Keith Rowen",pfr-derived (jchernak96/NFL_Coordinator_Data)
ARI,2006,dc,Clancy Pendergast,pfr-derived (jchernak96/NFL_Coordinator_Data)
ARI,2007,oc,Todd Haley,pfr-derived (jchernak96/NFL_Coordinator_Data)
ARI,2007,dc,Clancy Pendergast,pfr-derived (jchernak96/NFL_Coordinator_Data)
ARI,2008,oc,Todd Haley,pfr-derived (jchernak96/NFL_Coordinator_Data)
ARI,2008,dc,Clancy Pendergast,pfr-derived (jchernak96/NFL_Coordinator_Data)
ARI,2009,oc,Ken Whisenhunt,pfr-derived (jchernak96/NFL_Coordinator_Data)
ARI,2009,dc,Bill Davis,pfr-derived (jchernak96/NFL_Coordinator_Data)
ARI,2010,oc,Ken Whisenhunt,pfr-derived (jchernak96/NFL_Coordinator_Data)
ARI,2010,dc,Bill Davis,pfr-derived (jchernak96/NFL_Coordinator_Data)
ARI,2011,oc,Mike Miller,pfr-derived (jchernak96/NFL_Coordinator_Data)
ARI,2011,dc,Ray Horton,pfr-derived (jchernak96/NFL_Coordinator_Data)
ARI,2012,oc,Mike Miller,pfr-derived (jchernak96/NFL_Coordinator_Data)
ARI,2012,dc,Ray Horton,pfr-derived (jchernak96/NFL_Coordinator_Data)
ARI,2013,oc,Harold Goodwin,pfr-derived (jchernak96/NFL_Coordinator_Data)
ARI,2013,dc,Todd Bowles,pfr-derived (jchernak96/NFL_Coordinator_Data)
ARI,2014,oc,Harold Goodwin,pfr-derived (jchernak96/NFL_Coordinator_Data)
ARI,2014,dc,Todd Bowles,pfr-derived (jchernak96/NFL_Coordinator_Data)
ARI,2015,oc,Harold Goodwin,pfr-derived (jchernak96/NFL_Coordinator_Data)
ARI,2015,dc,James Bettcher,pfr-derived (jchernak96/NFL_Coordinator_Data)
ARI,2016,oc,Harold Goodwin,pfr-derived (jchernak96/NFL_Coordinator_Data)
ARI,2016,dc,James Bettcher,pfr-derived (jchernak96/NFL_Coordinator_Data)
ARI,2017,oc,Harold Goodwin,pfr-derived (jchernak96/NFL_Coordinator_Data)
ARI,2017,dc,James Bettcher,pfr-derived (jchernak96/NFL_Coordinator_Data)
ARI,2018,oc,"Byron Leftwich, Mike McCoy",pfr-derived (jchernak96/NFL_Coordinator_Data)
ARI,2018,dc,Al Holcomb,pfr-derived (jchernak96/NFL_Coordinator_Data)
ARI,2019,oc,Kliff Kingsbury,pfr-derived (jchernak96/NFL_Coordinator_Data)
ARI,2019,dc,Vance Joseph,pfr-derived (jchernak96/NFL_Coordinator_Data)
ARI,2020,oc,Kliff Kingsbury,pfr-derived (jchernak96/NFL_Coordinator_Data)
ARI,2020,dc,Vance Joseph,pfr-derived (jchernak96/NFL_Coordinator_Data)
ARI,2021,oc,Kliff Kingsbury,pfr-derived (jchernak96/NFL_Coordinator_Data)
ARI,2021,dc,Vance Joseph,pfr-derived (jchernak96/NFL_Coordinator_Data)
ATL,2006,oc,Greg Knapp,pfr-derived (jchernak96/NFL_Coordinator_Data)
ATL,2006,dc,Ed Donatell,pfr-derived (jchernak96/NFL_Coordinator_Data)
ATL,2007,oc,Hue Jackson,pfr-derived (jchernak96/NFL_Coordinator_Data)
ATL,2007,dc,Mike Zimmer,pfr-derived (jchernak96/NFL_Coordinator_Data)
ATL,2008,oc,Mike Mularkey,pfr-derived (jchernak96/NFL_Coordinator_Data)
ATL,2008,dc,Brian VanGorder,pfr-derived (jchernak96/NFL_Coordinator_Data)
ATL,2009,oc,Mike Mularkey,pfr-derived (jchernak96/NFL_Coordinator_Data)
ATL,2009,dc,Brian VanGorder,pfr-derived (jchernak96/NFL_Coordinator_Data)
ATL,2010,oc,Mike Mularkey,pfr-derived (jchernak96/NFL_Coordinator_Data)
ATL,2010,dc,Brian VanGorder,pfr-derived (jchernak96/NFL_Coordinator_Data)
ATL,2011,oc,Mike Mularkey,pfr-derived (jchernak96/NFL_Coordinator_Data)
ATL,2011,dc,Brian VanGorder,pfr-derived (jchernak96/NFL_Coordinator_Data)
ATL,2012,oc,Dirk Koetter,pfr-derived (jchernak96/NFL_Coordinator_Data)
ATL,2012,dc,Mike Nolan,pfr-derived (jchernak96/NFL_Coordinator_Data)
ATL,2013,oc,Dirk Koetter,pfr-derived (jchernak96/NFL_Coordinator_Data)
ATL,2013,dc,Mike Nolan,pfr-derived (jchernak96/NFL_Coordinator_Data)
ATL,2014,oc,Dirk Koetter,pfr-derived (jchernak96/NFL_Coordinator_Data)
ATL,2014,dc,Mike Nolan,pfr-derived (jchernak96/NFL_Coordinator_Data)
ATL,2015,oc,Kyle Shanahan,pfr-derived (jchernak96/NFL_Coordinator_Data)
ATL,2015,dc,Richard Smith,pfr-derived (jchernak96/NFL_Coordinator_Data)
ATL,2016,oc,Kyle Shanahan,pfr-derived (jchernak96/NFL_Coordinator_Data)
ATL,2016,dc,Richard Smith,pfr-derived (jchernak96/NFL_Coordinator_Data)
ATL,2017,oc,Steve Sarkisian,pfr-derived (jchernak96/NFL_Coordinator_Data)
ATL,2017,dc,Marquand Manuel,pfr-derived (jchernak96/NFL_Coordinator_Data)
ATL,2018,oc,Steve Sarkisian,pfr-derived (jchernak96/NFL_Coordinator_Data)
ATL,2018,dc,Marquand Manuel,pfr-derived (jchernak96/NFL_Coordinator_Data)
ATL,2019,oc,Dirk Koetter,pfr-derived (jchernak96/NFL_Coordinator_Data)
ATL,2019,dc,Dan Quinn,pfr-derived (jchernak96/NFL_Coordinator_Data)
ATL,2020,oc,Dirk Koetter,pfr-derived (jchernak96/NFL_Coordinator_Data)
ATL,2020,dc,"Raheem Morris, Jeff Ulbrich",pfr-derived (jchernak96/NFL_Coordinator_Data)
ATL,2021,oc,Dave Ragone,pfr-derived (jchernak96/NFL_Coordinator_Data)
ATL,2021,dc,Dean Pees,pfr-derived (jchernak96/NFL_Coordinator_Data)
BAL,2006,oc,Jim Fassel,pfr-derived (jchernak96/NFL_Coordinator_Data)
BAL,2006,dc,Rex Ryan,pfr-derived (jchernak96/NFL_Coordinator_Data)
BAL,2007,oc,Rick Neuheisel,pfr-derived (jchernak96/NFL_Coordinator_Data)
BAL,2007,dc,Rex Ryan,pfr-derived (jchernak96/NFL_Coordinator_Data)
BAL,2008,oc,Cam Cameron,pfr-derived (jchernak96/NFL_Coordinator_Data)
BAL,2008,dc,Rex Ryan,pfr-derived (jchernak96/NFL_Coordinator_Data)
BAL,2009,oc,Cam Cameron,pfr-derived (jchernak96/NFL_Coordinator_Data)
BAL,2009,dc,Greg Mattison,pfr-derived (jchernak96/NFL_Coordinator_Data)
BAL,2010,oc,Cam Cameron,pfr-derived (jchernak96/NFL_Coordinator_Data)
BAL,2010,dc,Greg Mattison,pfr-derived (jchernak96/NFL_Coordinator_Data)
BAL,2011,oc,Cam Cameron,pfr-derived (jchernak96/NFL_Coordinator_Data)
BAL,2011,dc,Chuck Pagano,pfr-derived (jchernak96/NFL_Coordinator_Data)
BAL,2012,oc,"Jim Caldwell, Cam Cameron",pfr-derived (jchernak96/NFL_Coordinator_Data)
BAL,2012,dc,Dean Pees,pfr-derived (jchernak96/NFL_Coordinator_Data)
BAL,2013,oc,Jim Caldwell,pfr-derived (jchernak96/NFL_Coordinator_Data)
BAL,2013,dc,Dean Pees,pfr-derived (jchernak96/NFL_Coordinator_Data)
BAL,2014,oc,Gary Kubiak,pfr-derived (jchernak96/NFL_Coordinator_Data)
BAL,2014,dc,Dean Pees,pfr-derived (jchernak96/NFL_Coordinator_Data)
BAL,2015,oc,Marc Trestman,pfr-derived (jchernak96/NFL_Coordinator_Data)
BAL,2015,dc,Dean Pees,pfr-derived (jchernak96/NFL_Coordinator_Data)
BAL,2016,oc,"Marty Mornhinweg, Marc Trestman",pfr-derived (jchernak96/NFL_Coordinator_Data)
BAL,2016,dc,Dean Pees,pfr-derived (jchernak96/NFL_Coordinator_Data)
BAL,2017,oc,Marty Mornhinweg,pfr-derived (jchernak96/NFL_Coordinator_Data)
BAL,2017,dc,Dean Pees,pfr-derived (jchernak96/NFL_Coordinator_Data)
BAL,2018,oc,Marty Mornhinweg,pfr-derived (jchernak96/NFL_Coordinator_Data)
BAL,2018,dc,Don Martindale,pfr-derived (jchernak96/NFL_Coordinator_Data)
BAL,2019,oc,Greg Roman,pfr-derived (jchernak96/NFL_Coordinator_Data)
BAL,2019,dc,Don Martindale,pfr-derived (jchernak96/NFL_Coordinator_Data)
BAL,2020,oc,Greg Roman,pfr-derived (jchernak96/NFL_Coordinator_Data)
BAL,2020,dc,Don Martindale,pfr-derived (jchernak96/NFL_Coordinator_Data)
BAL,2021,oc,Greg Roman,pfr-derived (jchernak96/NFL_Coordinator_Data)
BAL,2021,dc,Don Martindale,pfr-derived (jchernak96/NFL_Coordinator_Data)
BUF,2006,oc,Steve Fairchild,pfr-derived (jchernak96/NFL_Coordinator_Data)
BUF,2006,dc,Perry Fewell,pfr-derived (jchernak96/NFL_Coordinator_Data)
BUF,2007,oc,Steve Fairchild,pfr-derived (jchernak96/NFL_Coordinator_Data)
BUF,2007,dc,Perry Fewell,pfr-derived (jchernak96/NFL_Coordinator_Data)
BUF,2008,oc,Turk Schonert,pfr-derived (jchernak96/NFL_Coordinator_Data)
BUF,2008,dc,Perry Fewell,pfr-derived (jchernak96/NFL_Coordinator_Data)
BUF,2009,oc,Alex Van Pelt,pfr-derived (jchernak96/NFL_Coordinator_Data)
BUF,2009,dc,Perry Fewell,pfr-derived (jchernak96/NFL_Coordinator_Data)
BUF,2010,oc,Curtis Modkins,pfr-derived (jchernak96/NFL_Coordinator_Data)
BUF,2010,dc,George Edwards,pfr-derived (jchernak96/NFL_Coordinator_Data)
BUF,2011,oc,Curtis Modkins,pfr-derived (jchernak96/NFL_Coordinator_Data)
BUF,2011,dc,George Edwards,pfr-derived (jchernak96/NFL_Coordinator_Data)
BUF,2012,oc,Curtis Modkins,pfr-derived (jchernak96/NFL_Coordinator_Data)
BUF,2012,dc,Dave Wannstedt,pfr-derived (jchernak96/NFL_Coordinator_Data)
BUF,2013,oc,Nathaniel Hackett,pfr-derived (jchernak96/NFL_Coordinator_Data)
BUF,2013,dc,Mike Pettine,pfr-derived (jchernak96/NFL_Coordinator_Data)
BUF,2014,oc,Nathaniel Hackett,pfr-derived (jchernak96/NFL_Coordinator_Data)
BUF,2014,dc,Jim Schwartz,pfr-derived (jchernak96/NFL_Coordinator_Data)
BUF,2015,oc,Greg Roman,pfr-derived (jchernak96/NFL_Coordinator_Data)
BUF,2015,dc,Dennis Thurman,pfr-derived (jchernak96/NFL_Coordinator_Data)
BUF,2016,oc,"Anthony Lynn, Greg Roman",pfr-derived (jchernak96/NFL_Coordinator_Data)
BUF,2016,dc,Dennis Thurman,pfr-derived (jchernak96/NFL_Coordinator_Data)
BUF,2017,oc,Rick Dennison,pfr-derived (jchernak96/NFL_Coordinator_Data)
BUF,2017,dc,Leslie Frazier,pfr-derived (jchernak96/NFL_Coordinator_Data)
BUF,2018,oc,Brian Daboll,pfr-derived (jchernak96/NFL_Coordinator_Data)
BUF,2018,dc,Leslie Frazier,pfr-derived (jchernak96/NFL_Coordinator_Data)
BUF,2019,oc,Brian Daboll,pfr-derived (jchernak96/NFL_Coordinator_Data)
BUF,2019,dc,Leslie Frazier,pfr-derived (jchernak96/NFL_Coordinator_Data)
BUF,2020,oc,Brian Daboll,pfr-derived (jchernak96/NFL_Coordinator_Data)
BUF,2020,dc,Leslie Frazier,pfr-derived (jchernak96/NFL_Coordinator_Data)
BUF,2021,oc,Brian Daboll,pfr-derived (jchernak96/NFL_Coordinator_Data)
BUF,2021,dc,Leslie Frazier,pfr-derived (jchernak96/NFL_Coordinator_Data)
CAR,2006,oc,Dan Henning,pfr-derived (jchernak96/NFL_Coordinator_Data)
CAR,2006,dc,Mike Trgovac,pfr-derived (jchernak96/NFL_Coordinator_Data)
CAR,2007,oc,Jeff Davidson,pfr-derived (jchernak96/NFL_Coordinator_Data)
CAR,2007,dc,Mike Trgovac,pfr-derived (jchernak96/NFL_Coordinator_Data)
CAR,2008,oc,Jeff Davidson,pfr-derived (jchernak96/NFL_Coordinator_Data)
CAR,2008,dc,Mike Trgovac,pfr-derived (jchernak96/NFL_Coordinator_Data)
CAR,2009,oc,Jeff Davidson,pfr-derived (jchernak96/NFL_Coordinator_Data)
CAR,2009,dc,Ron Meeks,pfr-derived (jchernak96/NFL_Coordinator_Data)
CAR,2010,oc,Jeff Davidson,pfr-derived (jchernak96/NFL_Coordinator_Data)
CAR,2010,dc,Ron Meeks,pfr-derived (jchernak96/NFL_Coordinator_Data)
CAR,2011,oc,Rob Chudzinski,pfr-derived (jchernak96/NFL_Coordinator_Data)
CAR,2011,dc,Sean McDermott,pfr-derived (jchernak96/NFL_Coordinator_Data)
CAR,2012,oc,Rob Chudzinski,pfr-derived (jchernak96/NFL_Coordinator_Data)
CAR,2012,dc,Sean McDermott,pfr-derived (jchernak96/NFL_Coordinator_Data)
CAR,2013,oc,Mike Shula,pfr-derived (jchernak96/NFL_Coordinator_Data)
CAR,2013,dc,Sean McDermott,pfr-derived (jchernak96/NFL_Coordinator_Data)
CAR,2014,oc,Mike Shula,pfr-derived (jchernak96/NFL_Coordinator_Data)
CAR,2014,dc,Sean McDermott,pfr-derived (jchernak96/NFL_Coordinator_Data)
CAR,2015,oc,Mike Shula,pfr-derived (jchernak96/NFL_Coordinator_Data)
CAR,2015,dc,Sean McDermott,pfr-derived (jchernak96/NFL_Coordinator_Data)
CAR,2016,oc,Mike Shula,pfr-derived (jchernak96/NFL_Coordinator_Data)
CAR,2016,dc,Sean McDermott,pfr-derived (jchernak96/NFL_Coordinator_Data)
CAR,2017,oc,Mike Shula,pfr-derived (jchernak96/NFL_Coordinator_Data)
CAR,2017,dc,Steve Wilks,pfr-derived (jchernak96/NFL_Coordinator_Data)
CAR,2018,oc,Norv Turner,pfr-derived (jchernak96/NFL_Coordinator_Data)
CAR,2018,dc,Eric Washington,pfr-derived (jchernak96/NFL_Coordinator_Data)
CAR,2019,oc,"Norv Turner, Scott Turner",pfr-derived (jchernak96/NFL_Coordinator_Data)
CAR,2019,dc,Eric Washington,pfr-derived (jchernak96/NFL_Coordinator_Data)
CAR,2020,oc,Joe Brady,pfr-derived (jchernak96/NFL_Coordinator_Data)
CAR,2020,dc,Phil Snow,pfr-derived (jchernak96/NFL_Coordinator_Data)
CAR,2021,oc,Joe Brady,pfr-derived (jchernak96/NFL_Coordinator_Data)
CAR,2021,dc,Phil Snow,pfr-derived (jchernak96/NFL_Coordinator_Data)
CHI,2006,oc,Ron Turner,pfr-derived (jchernak96/NFL_Coordinator_Data)
CHI,2006,dc,Ron Rivera,pfr-derived (jchernak96/NFL_Coordinator_Data)
CHI,2007,oc,Ron Turner,pfr-derived (jchernak96/NFL_Coordinator_Data)
CHI,2007,dc,Bob Babich,pfr-derived (jchernak96/NFL_Coordinator_Data)
CHI,2008,oc,Ron Turner,pfr-derived (jchernak96/NFL_Coordinator_Data)
CHI,2008,dc,Bob Babich,pfr-derived (jchernak96/NFL_Coordinator_Data)
CHI,2009,oc,Ron Turner,pfr-derived (jchernak96/NFL_Coordinator_Data)
CHI,2009,dc,Bob Babich,pfr-derived (jchernak96/NFL_Coordinator_Data)
CHI,2010,oc,Mike Martz,pfr-derived (jchernak96/NFL_Coordinator_Data)
CHI,2010,dc,Rod Marinelli,pfr-derived (jchernak96/NFL_Coordinator_Data)
CHI,2011,oc,Mike Martz,pfr-derived (jchernak96/NFL_Coordinator_Data)
CHI,2011,dc,Rod Marinelli,pfr-derived (jchernak96/NFL_Coordinator_Data)
CHI,2012,oc,Mike Tice,pfr-derived (jchernak96/NFL_Coordinator_Data)
CHI,2012,dc,Rod Marinelli,pfr-derived (jchernak96/NFL_Coordinator_Data)
CHI,2013,oc,Aaron Kromer,pfr-derived (jchernak96/NFL_Coordinator_Data)
CHI,2013,dc,Mel Tucker,pfr-derived (jchernak96/NFL_Coordinator_Data)
CHI,2014,oc,Aaron Kromer,pfr-derived (jchernak96/NFL_Coordinator_Data)
CHI,2014,dc,Mel Tucker,pfr-derived (jchernak96/NFL_Coordinator_Data)
CHI,2015,oc,Adam Gase,pfr-derived (jchernak96/NFL_Coordinator_Data)
CHI,2015,dc,Vic Fangio,pfr-derived (jchernak96/NFL_Coordinator_Data)
CHI,2016,oc,Dowell Loggains,pfr-derived (jchernak96/NFL_Coordinator_Data)
CHI,2016,dc,Vic Fangio,pfr-derived (jchernak96/NFL_Coordinator_Data)
CHI,2017,oc,Dowell Loggains,pfr-derived (jchernak96/NFL_Coordinator_Data)
CHI,2017,dc,Vic Fangio,pfr-derived (jchernak96/NFL_Coordinator_Data)
CHI,2018,oc,Mark Helfrich,pfr-derived (jchernak96/NFL_Coordinator_Data)
CHI,2018,dc,Vic Fangio,pfr-derived (jchernak96/NFL_Coordinator_Data)
CHI,2019,oc,Mark Helfrich,pfr-derived (jchernak96/NFL_Coordinator_Data)
CHI,2019,dc,Chuck Pagano,pfr-derived (jchernak96/NFL_Coordinator_Data)
CHI,2020,oc,Bill Lazor,pfr-derived (jchernak96/NFL_Coordinator_Data)
CHI,2020,dc,Chuck Pagano,pfr-derived (jchernak96/NFL_Coordinator_Data)
CHI,2021,oc,Bill Lazor,pfr-derived (jchernak96/NFL_Coordinator_Data)
CHI,2021,dc,Sean Desai,pfr-derived (jchernak96/NFL_Coordinator_Data)
CIN,2006,oc,Bob Bratkowski,pfr-derived (jchernak96/NFL_Coordinator_Data)
CIN,2006,dc,Chuck Bresnahan,pfr-derived (jchernak96/NFL_Coordinator_Data)
CIN,2007,oc,Bob Bratkowski,pfr-derived (jchernak96/NFL_Coordinator_Data)
CIN,2007,dc,Chuck Bresnahan,pfr-derived (jchernak96/NFL_Coordinator_Data)
CIN,2008,oc,Bob Bratkowski,pfr-derived (jchernak96/NFL_Coordinator_Data)
CIN,2008,dc,Mike Zimmer,pfr-derived (jchernak96/NFL_Coordinator_Data)
CIN,2009,oc,Bob Bratkowski,pfr-derived (jchernak96/NFL_Coordinator_Data)
CIN,2009,dc,Mike Zimmer,pfr-derived (jchernak96/NFL_Coordinator_Data)
CIN,2010,oc,Bob Bratkowski,pfr-derived (jchernak96/NFL_Coordinator_Data)
CIN,2010,dc,Mike Zimmer,pfr-derived (jchernak96/NFL_Coordinator_Data)
CIN,2011,oc,Jay Gruden,pfr-derived (jchernak96/NFL_Coordinator_Data)
CIN,2011,dc,Mike Zimmer,pfr-derived (jchernak96/NFL_Coordinator_Data)
CIN,2012,oc,Jay Gruden,pfr-derived (jchernak96/NFL_Coordinator_Data)
CIN,2012,dc,Mike Zimmer,pfr-derived (jchernak96/NFL_Coordinator_Data)
CIN,2013,oc,Jay Gruden,pfr-derived (jchernak96/NFL_Coordinator_Data)
CIN,2013,dc,Mike Zimmer,pfr-derived (jchernak96/NFL_Coordinator_Data)
CIN,2014,oc,Hue Jackson,pfr-derived (jchernak96/NFL_Coordinator_Data)
CIN,2014,dc,Paul Guenther,pfr-derived (jchernak96/NFL_Coordinator_Data)
CIN,2015,oc,Hue Jackson,pfr-derived (jchernak96/NFL_Coordinator_Data)
CIN,2015,dc,Paul Guenther,pfr-derived (jchernak96/NFL_Coordinator_Data)
CIN,2016,oc,Ken Zampese,pfr-derived (jchernak96/NFL_Coordinator_Data)
CIN,2016,dc,Paul Guenther,pfr-derived (jchernak96/NFL_Coordinator_Data)
CIN,2017,oc,"Bill Lazor, Ken Zampese",pfr-derived (jchernak96/NFL_Coordinator_Data)
CIN,2017,dc,Paul Guenther,pfr-derived (jchernak96/NFL_Coordinator_Data)
CIN,2018,oc,Bill Lazor,pfr-derived (jchernak96/NFL_Coordinator_Data)
CIN,2018,dc,Teryl Austin,pfr-derived (jchernak96/NFL_Coordinator_Data)
CIN,2019,oc,Brian Callahan,pfr-derived (jchernak96/NFL_Coordinator_Data)
CIN,2019,dc,Lou Anarumo,pfr-derived (jchernak96/NFL_Coordinator_Data)
CIN,2020,oc,Brian Callahan,pfr-derived (jchernak96/NFL_Coordinator_Data)
CIN,2020,dc,Lou Anarumo,pfr-derived (jchernak96/NFL_Coordinator_Data)
CIN,2021,oc,Brian Callahan,pfr-derived (jchernak96/NFL_Coordinator_Data)
CIN,2021,dc,Lou Anarumo,pfr-derived (jchernak96/NFL_Coordinator_Data)
CLE,2006,oc,"Maurice Carthon, Jeff Davidson",pfr-derived (jchernak96/NFL_Coordinator_Data)
CLE,2006,dc,Todd Grantham,pfr-derived (jchernak96/NFL_Coordinator_Data)
CLE,2007,oc,Rob Chudzinski,pfr-derived (jchernak96/NFL_Coordinator_Data)
CLE,2007,dc,Todd Grantham,pfr-derived (jchernak96/NFL_Coordinator_Data)
CLE,2008,oc,Rob Chudzinski,pfr-derived (jchernak96/NFL_Coordinator_Data)
CLE,2008,dc,Mel Tucker,pfr-derived (jchernak96/NFL_Coordinator_Data)
CLE,2009,oc,Brian Daboll,pfr-derived (jchernak96/NFL_Coordinator_Data)
CLE,2009,dc,Rob Ryan,pfr-derived (jchernak96/NFL_Coordinator_Data)
CLE,2010,oc,Brian Daboll,pfr-derived (jchernak96/NFL_Coordinator_Data)
CLE,2010,dc,Rob Ryan,pfr-derived (jchernak96/NFL_Coordinator_Data)
CLE,2011,oc,Pat Shurmur,pfr-derived (jchernak96/NFL_Coordinator_Data)
CLE,2011,dc,Dick Jauron,pfr-derived (jchernak96/NFL_Coordinator_Data)
CLE,2012,oc,Brad Childress,pfr-derived (jchernak96/NFL_Coordinator_Data)
CLE,2012,dc,Dick Jauron,pfr-derived (jchernak96/NFL_Coordinator_Data)
CLE,2013,oc,Norv Turner,pfr-derived (jchernak96/NFL_Coordinator_Data)
CLE,2013,dc,Ray Horton,pfr-derived (jchernak96/NFL_Coordinator_Data)
CLE,2014,oc,Kyle Shanahan,pfr-derived (jchernak96/NFL_Coordinator_Data)
CLE,2014,dc,Jim O'Neil,pfr-derived (jchernak96/NFL_Coordinator_Data)
CLE,2015,oc,John DeFilippo,pfr-derived (jchernak96/NFL_Coordinator_Data)
CLE,2015,dc,Jim O'Neil,pfr-derived (jchernak96/NFL_Coordinator_Data)
CLE,2016,oc,Hue Jackson,pfr-derived (jchernak96/NFL_Coordinator_Data)
CLE,2016,dc,Ray Horton,pfr-derived (jchernak96/NFL_Coordinator_Data)
CLE,2017,oc,Hue Jackson,pfr-derived (jchernak96/NFL_Coordinator_Data)
CLE,2017,dc,Gregg Williams,pfr-derived (jchernak96/NFL_Coordinator_Data)
CLE,2018,oc,"Todd Haley, Freddie Kitchens",pfr-derived (jchernak96/NFL_Coordinator_Data)
CLE,2018,dc,Gregg Williams,pfr-derived (jchernak96/NFL_Coordinator_Data)
CLE,2019,oc,Todd Monken,pfr-derived (jchernak96/NFL_Coordinator_Data)
CLE,2019,dc,Steve Wilks,pfr-derived (jchernak96/NFL_Coordinator_Data)
CLE,2020,oc,Alex Van Pelt,pfr-derived (jchernak96/NFL_Coordinator_Data)
CLE,2020,dc,Joe Woods,pfr-derived (jchernak96/NFL_Coordinator_Data)
CLE,2021,oc,Alex Van Pelt,pfr-derived (jchernak96/NFL_Coordinator_Data)
CLE,2021,dc,Joe Woods,pfr-derived (jchernak96/NFL_Coordinator_Data)
DAL,2006,oc,Bill Parcells,pfr-derived (jchernak96/NFL_Coordinator_Data)
DAL,2006,dc,Mike Zimmer,pfr-derived (jchernak96/NFL_Coordinator_Data)
DAL,2007,oc,Jason Garrett,pfr-derived (jchernak96/NFL_Coordinator_Data)
DAL,2007,dc,Brian Stewart,pfr-derived (jchernak96/NFL_Coordinator_Data)
DAL,2008,oc,Jason Garrett,pfr-derived (jchernak96/NFL_Coordinator_Data)
DAL,2008,dc,Brian Stewart,pfr-derived (jchernak96/NFL_Coordinator_Data)
DAL,2009,oc,Jason Garrett,pfr-derived (jchernak96/NFL_Coordinator_Data)
DAL,2009,dc,Wade Phillips,pfr-derived (jchernak96/NFL_Coordinator_Data)
DAL,2010,oc,Jason Garrett,pfr-derived (jchernak96/NFL_Coordinator_Data)
DAL,2010,dc,Paul Pasqualoni,pfr-derived (jchernak96/NFL_Coordinator_Data)
DAL,2011,oc,Jason Garrett,pfr-derived (jchernak96/NFL_Coordinator_Data)
DAL,2011,dc,Rob Ryan,pfr-derived (jchernak96/NFL_Coordinator_Data)
DAL,2012,oc,Bill Callahan,pfr-derived (jchernak96/NFL_Coordinator_Data)
DAL,2012,dc,Rob Ryan,pfr-derived (jchernak96/NFL_Coordinator_Data)
DAL,2013,oc,Bill Callahan,pfr-derived (jchernak96/NFL_Coordinator_Data)
DAL,2013,dc,Monte Kiffin,pfr-derived (jchernak96/NFL_Coordinator_Data)
DAL,2014,oc,Bill Callahan,pfr-derived (jchernak96/NFL_Coordinator_Data)
DAL,2014,dc,Rod Marinelli,pfr-derived (jchernak96/NFL_Coordinator_Data)
DAL,2015,oc,Scott Linehan,pfr-derived (jchernak96/NFL_Coordinator_Data)
DAL,2015,dc,Rod Marinelli,pfr-derived (jchernak96/NFL_Coordinator_Data)
DAL,2016,oc,Scott Linehan,pfr-derived (jchernak96/NFL_Coordinator_Data)
DAL,2016,dc,Rod Marinelli,pfr-derived (jchernak96/NFL_Coordinator_Data)
DAL,2017,oc,Scott Linehan,pfr-derived (jchernak96/NFL_Coordinator_Data)
DAL,2017,dc,Rod Marinelli,pfr-derived (jchernak96/NFL_Coordinator_Data)
DAL,2018,oc,Scott Linehan,pfr-derived (jchernak96/NFL_Coordinator_Data)
DAL,2018,dc,Rod Marinelli,pfr-derived (jchernak96/NFL_Coordinator_Data)
DAL,2019,oc,Kellen Moore,pfr-derived (jchernak96/NFL_Coordinator_Data)
DAL,2019,dc,Rod Marinelli,pfr-derived (jchernak96/NFL_Coordinator_Data)
DAL,2020,oc,Kellen Moore,pfr-derived (jchernak96/NFL_Coordinator_Data)
DAL,2020,dc,Mike Nolan,pfr-derived (jchernak96/NFL_Coordinator_Data)
DAL,2021,oc,Kellen Moore,pfr-derived (jchernak96/NFL_Coordinator_Data)
DAL,2021,dc,Dan Quinn,pfr-derived (jchernak96/NFL_Coordinator_Data)
DEN,2006,oc,Rick Dennison,pfr-derived (jchernak96/NFL_Coordinator_Data)
DEN,2006,dc,Larry Coyer,pfr-derived (jchernak96/NFL_Coordinator_Data)
DEN,2007,oc,Rick Dennison,pfr-derived (jchernak96/NFL_Coordinator_Data)
DEN,2007,dc,Bob Slowik,pfr-derived (jchernak96/NFL_Coordinator_Data)
DEN,2008,oc,Rick Dennison,pfr-derived (jchernak96/NFL_Coordinator_Data)
DEN,2008,dc,Bob Slowik,pfr-derived (jchernak96/NFL_Coordinator_Data)
DEN,2009,oc,Mike McCoy,pfr-derived (jchernak96/NFL_Coordinator_Data)
DEN,2009,dc,Mike Nolan,pfr-derived (jchernak96/NFL_Coordinator_Data)
DEN,2010,oc,Mike McCoy,pfr-derived (jchernak96/NFL_Coordinator_Data)
DEN,2010,dc,Don Martindale,pfr-derived (jchernak96/NFL_Coordinator_Data)
DEN,2011,oc,Mike McCoy,pfr-derived (jchernak96/NFL_Coordinator_Data)
DEN,2011,dc,Dennis Allen,pfr-derived (jchernak96/NFL_Coordinator_Data)
DEN,2012,oc,Mike McCoy,pfr-derived (jchernak96/NFL_Coordinator_Data)
DEN,2012,dc,Jack Del Rio,pfr-derived (jchernak96/NFL_Coordinator_Data)
DEN,2013,oc,Adam Gase,pfr-derived (jchernak96/NFL_Coordinator_Data)
DEN,2013,dc,Jack Del Rio,pfr-derived (jchernak96/NFL_Coordinator_Data)
DEN,2014,oc,Adam Gase,pfr-derived (jchernak96/NFL_Coordinator_Data)
DEN,2014,dc,Jack Del Rio,pfr-derived (jchernak96/NFL_Coordinator_Data)
DEN,2015,oc,Rick Dennison,pfr-derived (jchernak96/NFL_Coordinator_Data)
DEN,2015,dc,Wade Phillips,pfr-derived (jchernak96/NFL_Coordinator_Data)
DEN,2016,oc,Rick Dennison,pfr-derived (jchernak96/NFL_Coordinator_Data)
DEN,2016,dc,Wade Phillips,pfr-derived (jchernak96/NFL_Coordinator_Data)
DEN,2017,oc,"Mike McCoy, Bill Musgrave",pfr-derived (jchernak96/NFL_Coordinator_Data)
DEN,2017,dc,Joe Woods,pfr-derived (jchernak96/NFL_Coordinator_Data)
DEN,2018,oc,Bill Musgrave,pfr-derived (jchernak96/NFL_Coordinator_Data)
DEN,2018,dc,Joe Woods,pfr-derived (jchernak96/NFL_Coordinator_Data)
DEN,2019,oc,Rich Scangarello,pfr-derived (jchernak96/NFL_Coordinator_Data)
DEN,2019,dc,Ed Donatell,pfr-derived (jchernak96/NFL_Coordinator_Data)
DEN,2020,oc,Pat Shurmur,pfr-derived (jchernak96/NFL_Coordinator_Data)
DEN,2020,dc,Ed Donatell,pfr-derived (jchernak96/NFL_Coordinator_Data)
DEN,2021,oc,Pat Shurmur,pfr-derived (jchernak96/NFL_Coordinator_Data)
DEN,2021,dc,Ed Donatell,pfr-derived (jchernak96/NFL_Coordinator_Data)
DET,2006,oc,Mike Martz,pfr-derived (jchernak96/NFL_Coordinator_Data)
DET,2006,dc,Donnie Henderson,pfr-derived (jchernak96/NFL_Coordinator_Data)
DET,2007,oc,Mike Martz,pfr-derived (jchernak96/NFL_Coordinator_Data)
DET,2007,dc,Joe Barry,pfr-derived (jchernak96/NFL_Coordinator_Data)
DET,2008,oc,Jim Colletto,pfr-derived (jchernak96/NFL_Coordinator_Data)
DET,2008,dc,Joe Barry,pfr-derived (jchernak96/NFL_Coordinator_Data)
DET,2009,oc,Scott Linehan,pfr-derived (jchernak96/NFL_Coordinator_Data)
DET,2009,dc,Gunther Cunningham,pfr-derived (jchernak96/NFL_Coordinator_Data)
DET,2010,oc,Scott Linehan,pfr-derived (jchernak96/NFL_Coordinator_Data)
DET,2010,dc,Gunther Cunningham,pfr-derived (jchernak96/NFL_Coordinator_Data)
DET,2011,oc,Scott Linehan,pfr-derived (jchernak96/NFL_Coordinator_Data)
DET,2011,dc,Gunther Cunningham,pfr-derived (jchernak96/NFL_Coordinator_Data)
DET,2012,oc,Scott Linehan,pfr-derived (jchernak96/NFL_Coordinator_Data)
DET,2012,dc,Gunther Cunningham,pfr-derived (jchernak96/NFL_Coordinator_Data)
DET,2013,oc,Scott Linehan,pfr-derived (jchernak96/NFL_Coordinator_Data)
DET,2013,dc,Gunther Cunningham,pfr-derived (jchernak96/NFL_Coordinator_Data)
DET,2014,oc,Joe Lombardi,pfr-derived (jchernak96/NFL_Coordinator_Data)
DET,2014,dc,Teryl Austin,pfr-derived (jchernak96/NFL_Coordinator_Data)
DET,2015,oc,"Jim Bob Cooter, Joe Lombardi",pfr-derived (jchernak96/NFL_Coordinator_Data)
DET,2015,dc,Teryl Austin,pfr-derived (jchernak96/NFL_Coordinator_Data)
DET,2016,oc,Jim Bob Cooter,pfr-derived (jchernak96/NFL_Coordinator_Data)
DET,2016,dc,Teryl Austin,pfr-derived (jchernak96/NFL_Coordinator_Data)
DET,2017,oc,Jim Bob Cooter,pfr-derived (jchernak96/NFL_Coordinator_Data)
DET,2017,dc,Teryl Austin,pfr-derived (jchernak96/NFL_Coordinator_Data)
DET,2018,oc,Jim Bob Cooter,pfr-derived (jchernak96/NFL_Coordinator_Data)
DET,2018,dc,Paul Pasqualoni,pfr-derived (jchernak96/NFL_Coordinator_Data)
DET,2019,oc,Darrell Bevell,pfr-derived (jchernak96/NFL_Coordinator_Data)
DET,2019,dc,Paul Pasqualoni,pfr-derived (jchernak96/NFL_Coordinator_Data)
DET,2020,oc,Darrell Bevell,pfr-derived (jchernak96/NFL_Coordinator_Data)
DET,2020,dc,Cory Undlin,pfr-derived (jchernak96/NFL_Coordinator_Data)
DET,2021,oc,Anthony Lynn,pfr-derived (jchernak96/NFL_Coordinator_Data)
DET,2021,dc,Aaron Glenn,pfr-derived (jchernak96/NFL_Coordinator_Data)
GB,2006,oc,Jeff Jagodzinski,pfr-derived (jchernak96/NFL_Coordinator_Data)
GB,2006,dc,Bob Sanders,pfr-derived (jchernak96/NFL_Coordinator_Data)
GB,2007,oc,Joe Philbin,pfr-derived (jchernak96/NFL_Coordinator_Data)
GB,2007,dc,Bob Sanders,pfr-derived (jchernak96/NFL_Coordinator_Data)
GB,2008,oc,Joe Philbin,pfr-derived (jchernak96/NFL_Coordinator_Data)
GB,2008,dc,Bob Sanders,pfr-derived (jchernak96/NFL_Coordinator_Data)
GB,2009,oc,Joe Philbin,pfr-derived (jchernak96/NFL_Coordinator_Data)
GB,2009,dc,Dom Capers,pfr-derived (jchernak96/NFL_Coordinator_Data)
GB,2010,oc,Joe Philbin,pfr-derived (jchernak96/NFL_Coordinator_Data)
GB,2010,dc,Dom Capers,pfr-derived (jchernak96/NFL_Coordinator_Data)
GB,2011,oc,Joe Philbin,pfr-derived (jchernak96/NFL_Coordinator_Data)
GB,2011,dc,Dom Capers,pfr-derived (jchernak96/NFL_Coordinator_Data)
GB,2012,oc,Tom Clements,pfr-derived (jchernak96/NFL_Coordinator_Data)
GB,2012,dc,Dom Capers,pfr-derived (jchernak96/NFL_Coordinator_Data)
GB,2013,oc,Tom Clements,pfr-derived (jchernak96/NFL_Coordinator_Data)
GB,2013,dc,Dom Capers,pfr-derived (jchernak96/NFL_Coordinator_Data)
GB,2014,oc,Tom Clements,pfr-derived (jchernak96/NFL_Coordinator_Data)
GB,2014,dc,Dom Capers,pfr-derived (jchernak96/NFL_Coordinator_Data)
GB,2015,oc,Edgar Bennett,pfr-derived (jchernak96/NFL_Coordinator_Data)
GB,2015,dc,Dom Capers,pfr-derived (jchernak96/NFL_Coordinator_Data)
GB,2016,oc,Edgar Bennett,pfr-derived (jchernak96/NFL_Coordinator_Data)
GB,2016,dc,Dom Capers,pfr-derived (jchernak96/NFL_Coordinator_Data)
GB,2017,oc,Edgar Bennett,pfr-derived (jchernak96/NFL_Coordinator_Data)
GB,2017,dc,Dom Capers,pfr-derived (jchernak96/NFL_Coordinator_Data)
GB,2018,oc,Joe Philbin,pfr-derived (jchernak96/NFL_Coordinator_Data)
GB,2018,dc,Mike Pettine,pfr-derived (jchernak96/NFL_Coordinator_Data)
GB,2019,oc,Nathaniel Hackett,pfr-derived (jchernak96/NFL_Coordinator_Data)
GB,2019,dc,Mike Pettine,pfr-derived (jchernak96/NFL_Coordinator_Data)
GB,2020,oc,Nathaniel Hackett,pfr-derived (jchernak96/NFL_Coordinator_Data)
GB,2020,dc,Mike Pettine,pfr-derived (jchernak96/NFL_Coordinator_Data)
GB,2021,oc,Nathaniel Hackett,pfr-derived (jchernak96/NFL_Coordinator_Data)
GB,2021,dc,Joe Barry,pfr-derived (jchernak96/NFL_Coordinator_Data)
HOU,2006,oc,Troy Calhoun,pfr-derived (jchernak96/NFL_Coordinator_Data)
HOU,2006,dc,Richard Smith,pfr-derived (jchernak96/NFL_Coordinator_Data)
HOU,2007,oc,Mike Sherman,pfr-derived (jchernak96/NFL_Coordinator_Data)
HOU,2007,dc,Richard Smith,pfr-derived (jchernak96/NFL_Coordinator_Data)
HOU,2008,oc,Kyle Shanahan,pfr-derived (jchernak96/NFL_Coordinator_Data)
HOU,2008,dc,Richard Smith,pfr-derived (jchernak96/NFL_Coordinator_Data)
HOU,2009,oc,Kyle Shanahan,pfr-derived (jchernak96/NFL_Coordinator_Data)
HOU,2009,dc,Frank Bush,pfr-derived (jchernak96/NFL_Coordinator_Data)
HOU,2010,oc,Rick Dennison,pfr-derived (jchernak96/NFL_Coordinator_Data)
HOU,2010,dc,Frank Bush,pfr-derived (jchernak96/NFL_Coordinator_Data)
HOU,2011,oc,Rick Dennison,pfr-derived (jchernak96/NFL_Coordinator_Data)
HOU,2011,dc,Wade Phillips,pfr-derived (jchernak96/NFL_Coordinator_Data)
HOU,2012,oc,Rick Dennison,pfr-derived (jchernak96/NFL_Coordinator_Data)
HOU,2012,dc,Wade Phillips,pfr-derived (jchernak96/NFL_Coordinator_Data)
HOU,2013,oc,Rick Dennison,pfr-derived (jchernak96/NFL_Coordinator_Data)
HOU,2013,dc,Wade Phillips,pfr-derived (jchernak96/NFL_Coordinator_Data)
HOU,2014,oc,Bill O'Brien,pfr-derived (jchernak96/NFL_Coordinator_Data)
HOU,2014,dc,Romeo Crennel,pfr-derived (jchernak96/NFL_Coordinator_Data)
HOU,2015,oc,George Godsey,pfr-derived (jchernak96/NFL_Coordinator_Data)
HOU,2015,dc,Romeo Crennel,pfr-derived (jchernak96/NFL_Coordinator_Data)
HOU,2016,oc,George Godsey,pfr-derived (jchernak96/NFL_Coordinator_Data)
HOU,2016,dc,Romeo Crennel,pfr-derived (jchernak96/NFL_Coordinator_Data)
HOU,2017,oc,Bill O'Brien,pfr-derived (jchernak96/NFL_Coordinator_Data)
HOU,2017,dc,Mike Vrabel,pfr-derived (jchernak96/NFL_Coordinator_Data)
HOU,2018,oc,Bill O'Brien,pfr-derived (jchernak96/NFL_Coordinator_Data)
HOU,2018,dc,Romeo Crennel,pfr-derived (jchernak96/NFL_Coordinator_Data)
HOU,2019,oc,Tim Kelly,pfr-derived (jchernak96/NFL_Coordinator_Data)
HOU,2019,dc,Romeo Crennel,pfr-derived (jchernak96/NFL_Coordinator_Data)
HOU,2020,oc,Tim Kelly,pfr-derived (jchernak96/NFL_Coordinator_Data)
HOU,2020,dc,Anthony Weaver,pfr-derived (jchernak96/NFL_Coordinator_Data)
HOU,2021,oc,Tim Kelly,pfr-derived (jchernak96/NFL_Coordinator_Data)
HOU,2021,dc,Lovie Smith,pfr-derived (jchernak96/NFL_Coordinator_Data)
IND,2006,oc,Tom Moore,pfr-derived (jchernak96/NFL_Coordinator_Data)
IND,2006,dc,Ron Meeks,pfr-derived (jchernak96/NFL_Coordinator_Data)
IND,2007,oc,Tom Moore,pfr-derived (jchernak96/NFL_Coordinator_Data)
IND,2007,dc,Ron Meeks,pfr-derived (jchernak96/NFL_Coordinator_Data)
IND,2008,oc,Tom Moore,pfr-derived (jchernak96/NFL_Coordinator_Data)
IND,2008,dc,Ron Meeks,pfr-derived (jchernak96/NFL_Coordinator_Data)
IND,2009,oc,Tom Moore,pfr-derived (jchernak96/NFL_Coordinator_Data)
IND,2009,dc,Larry Coyer,pfr-derived (jchernak96/NFL_Coordinator_Data)
IND,2010,oc,Clyde Christensen,pfr-derived (jchernak96/NFL_Coordinator_Data)
IND,2010,dc,Larry Coyer,pfr-derived (jchernak96/NFL_Coordinator_Data)
IND,2011,oc,Clyde Christensen,pfr-derived (jchernak96/NFL_Coordinator_Data)
IND,2011,dc,Larry Coyer,pfr-derived (jchernak96/NFL_Coordinator_Data)
IND,2012,oc,Bruce Arians,pfr-derived (jchernak96/NFL_Coordinator_Data)
IND,2012,dc,Greg Manusky,pfr-derived (jchernak96/NFL_Coordinator_Data)
IND,2013,oc,Pep Hamilton,pfr-derived (jchernak96/NFL_Coordinator_Data)
IND,2013,dc,Greg Manusky,pfr-derived (jchernak96/NFL_Coordinator_Data)
IND,2014,oc,Pep Hamilton,pfr-derived (jchernak96/NFL_Coordinator_Data)
IND,2014,dc,Greg Manusky,pfr-derived (jchernak96/NFL_Coordinator_Data)
IND,2015,oc,"Rob Chudzinski, Pep Hamilton",pfr-derived (jchernak96/NFL_Coordinator_Data)
IND,2015,dc,Greg Manusky,pfr-derived (jchernak96/NFL_Coordinator_Data)
IND,2016,oc,Rob Chudzinski,pfr-derived (jchernak96/NFL_Coordinator_Data)
IND,2016,dc,Ted Monachino,pfr-derived (jchernak96/NFL_Coordinator_Data)
IND,2017,oc,Rob Chudzinski,pfr-derived (jchernak96/NFL_Coordinator_Data)
IND,2017,dc,Ted Monachino,pfr-derived (jchernak96/NFL_Coordinator_Data)
IND,2018,oc,Nick Sirianni,pfr-derived (jchernak96/NFL_Coordinator_Data)
IND,2018,dc,Matt Eberflus,pfr-derived (jchernak96/NFL_Coordinator_Data)
IND,2019,oc,Nick Sirianni,pfr-derived (jchernak96/NFL_Coordinator_Data)
IND,2019,dc,Matt Eberflus,pfr-derived (jchernak96/NFL_Coordinator_Data)
IND,2020,oc,Nick Sirianni,pfr-derived (jchernak96/NFL_Coordinator_Data)
IND,2020,dc,Matt Eberflus,pfr-derived (jchernak96/NFL_Coordinator_Data)
IND,2021,oc,Marcus Brady,pfr-derived (jchernak96/NFL_Coordinator_Data)
IND,2021,dc,Matt Eberflus,pfr-derived (jchernak96/NFL_Coordinator_Data)
JAX,2006,oc,Carl Smith,pfr-derived (jchernak96/NFL_Coordinator_Data)
JAX,2006,dc,Mike Smith,pfr-derived (jchernak96/NFL_Coordinator_Data)
JAX,2007,oc,Dirk Koetter,pfr-derived (jchernak96/NFL_Coordinator_Data)
JAX,2007,dc,Mike Smith,pfr-derived (jchernak96/NFL_Coordinator_Data)
JAX,2008,oc,Dirk Koetter,pfr-derived (jchernak96/NFL_Coordinator_Data)
JAX,2008,dc,Gregg Williams,pfr-derived (jchernak96/NFL_Coordinator_Data)
JAX,2009,oc,Dirk Koetter,pfr-derived (jchernak96/NFL_Coordinator_Data)
JAX,2009,dc,Mel Tucker,pfr-derived (jchernak96/NFL_Coordinator_Data)
JAX,2010,oc,Dirk Koetter,pfr-derived (jchernak96/NFL_Coordinator_Data)
JAX,2010,dc,Mel Tucker,pfr-derived (jchernak96/NFL_Coordinator_Data)
JAX,2011,oc,Dirk Koetter,pfr-derived (jchernak96/NFL_Coordinator_Data)
JAX,2011,dc,Mel Tucker,pfr-derived (jchernak96/NFL_Coordinator_Data)
JAX,2012,oc,Bob Bratkowski,pfr-derived (jchernak96/NFL_Coordinator_Data)
JAX,2012,dc,Mel Tucker,pfr-derived (jchernak96/NFL_Coordinator_Data)
JAX,2013,oc,Jedd Fisch,pfr-derived (jchernak96/NFL_Coordinator_Data)
JAX,2013,dc,Bob Babich,pfr-derived (jchernak96/NFL_Coordinator_Data)
JAX,2014,oc,Jedd Fisch,pfr-derived (jchernak96/NFL_Coordinator_Data)
JAX,2014,dc,Bob Babich,pfr-derived (jchernak96/NFL_Coordinator_Data)
JAX,2015,oc,Greg Olson,pfr-derived (jchernak96/NFL_Coordinator_Data)
JAX,2015,dc,Bob Babich,pfr-derived (jchernak96/NFL_Coordinator_Data)
JAX,2016,oc,"Nathaniel Hackett, Greg Olson",pfr-derived (jchernak96/NFL_Coordinator_Data)
JAX,2016,dc,Todd Wash,pfr-derived (jchernak96/NFL_Coordinator_Data)
JAX,2017,oc,Nathaniel Hackett,pfr-derived (jchernak96/NFL_Coordinator_Data)
JAX,2017,dc,Todd Wash,pfr-derived (jchernak96/NFL_Coordinator_Data)
JAX,2018,oc,Nathaniel Hackett,pfr-derived (jchernak96/NFL_Coordinator_Data)
JAX,2018,dc,Todd Wash,pfr-derived (jchernak96/NFL_Coordinator_Data)
JAX,2019,oc,John DeFilippo,pfr-derived (jchernak96/NFL_Coordinator_Data)
JAX,2019,dc,Todd Wash,pfr-derived (jchernak96/NFL_Coordinator_Data)
JAX,2020,oc,Jay Gruden,pfr-derived (jchernak96/NFL_Coordinator_Data)
JAX,2020,dc,Todd Wash,pfr-derived (jchernak96/NFL_Coordinator_Data)
JAX,2021,oc,Darrell Bevell,pfr-derived (jchernak96/NFL_Coordinator_Data)
JAX,2021,dc,Joe Cullen,pfr-derived (jchernak96/NFL_Coordinator_Data)
KC,2006,oc,Mike Solari,pfr-derived (jchernak96/NFL_Coordinator_Data)
KC,2006,dc,Gunther Cunningham,pfr-derived (jchernak96/NFL_Coordinator_Data)
KC,2007,oc,Mike Solari,pfr-derived (jchernak96/NFL_Coordinator_Data)
KC,2007,dc,Gunther Cunningham,pfr-derived (jchernak96/NFL_Coordinator_Data)
KC,2008,oc,Chan Gailey,pfr-derived (jchernak96/NFL_Coordinator_Data)
KC,2008,dc,Gunther Cunningham,pfr-derived (jchernak96/NFL_Coordinator_Data)
KC,2009,oc,Todd Haley,pfr-derived (jchernak96/NFL_Coordinator_Data)
KC,2009,dc,Clancy Pendergast,pfr-derived (jchernak96/NFL_Coordinator_Data)
KC,2010,oc,Charlie Weis,pfr-derived (jchernak96/NFL_Coordinator_Data)
KC,2010,dc,Romeo Crennel,pfr-derived (jchernak96/NFL_Coordinator_Data)
KC,2011,oc,Bill Muir,pfr-derived (jchernak96/NFL_Coordinator_Data)
KC,2011,dc,Romeo Crennel,pfr-derived (jchernak96/NFL_Coordinator_Data)
KC,2012,oc,Brian Daboll,pfr-derived (jchernak96/NFL_Coordinator_Data)
KC,2012,dc,Romeo Crennel,pfr-derived (jchernak96/NFL_Coordinator_Data)
KC,2013,oc,Doug Pederson,pfr-derived (jchernak96/NFL_Coordinator_Data)
KC,2013,dc,Bob Sutton,pfr-derived (jchernak96/NFL_Coordinator_Data)
KC,2014,oc,Doug Pederson,pfr-derived (jchernak96/NFL_Coordinator_Data)
KC,2014,dc,Bob Sutton,pfr-derived (jchernak96/NFL_Coordinator_Data)
KC,2015,oc,Doug Pederson,pfr-derived (jchernak96/NFL_Coordinator_Data)
KC,2015,dc,Bob Sutton,pfr-derived (jchernak96/NFL_Coordinator_Data)
KC,2016,oc,Brad Childress,pfr-derived (jchernak96/NFL_Coordinator_Data)
KC,2016,dc,Bob Sutton,pfr-derived (jchernak96/NFL_Coordinator_Data)
KC,2017,oc,Matt Nagy,pfr-derived (jchernak96/NFL_Coordinator_Data)
KC,2017,dc,Bob Sutton,pfr-derived (jchernak96/NFL_Coordinator_Data)
KC,2018,oc,Eric Bieniemy,pfr-derived (jchernak96/NFL_Coordinator_Data)
KC,2018,dc,Bob Sutton,pfr-derived (jchernak96/NFL_Coordinator_Data)
KC,2019,oc,Eric Bieniemy,pfr-derived (jchernak96/NFL_Coordinator_Data)
KC,2019,dc,Steve Spagnuolo,pfr-derived (jchernak96/NFL_Coordinator_Data)
KC,2020,oc,Eric Bieniemy,pfr-derived (jchernak96/NFL_Coordinator_Data)
KC,2020,dc,Steve Spagnuolo,pfr-derived (jchernak96/NFL_Coordinator_Data)
KC,2021,oc,Eric Bieniemy,pfr-derived (jchernak96/NFL_Coordinator_Data)
KC,2021,dc,Steve Spagnuolo,pfr-derived (jchernak96/NFL_Coordinator_Data)
LAC,2006,oc,Cam Cameron,pfr-derived (jchernak96/NFL_Coordinator_Data)
LAC,2006,dc,Wade Phillips,pfr-derived (jchernak96/NFL_Coordinator_Data)
LAC,2007,oc,Clarence Shelmon,pfr-derived (jchernak96/NFL_Coordinator_Data)
LAC,2007,dc,Ted Cottrell,pfr-derived (jchernak96/NFL_Coordinator_Data)
LAC,2008,oc,Clarence Shelmon,pfr-derived (jchernak96/NFL_Coordinator_Data)
LAC,2008,dc,"Ted Cottrell, Ron Rivera",pfr-derived (jchernak96/NFL_Coordinator_Data)
LAC,2009,oc,Clarence Shelmon,pfr-derived (jchernak96/NFL_Coordinator_Data)
LAC,2009,dc,Ron Rivera,pfr-derived (jchernak96/NFL_Coordinator_Data)
LAC,2010,oc,Clarence Shelmon,pfr-derived (jchernak96/NFL_Coordinator_Data)
LAC,2010,dc,Ron Rivera,pfr-derived (jchernak96/NFL_Coordinator_Data)
LAC,2011,oc,Clarence Shelmon,pfr-derived (jchernak96/NFL_Coordinator_Data)
LAC,2011,dc,Greg Manusky,pfr-derived (jchernak96/NFL_Coordinator_Data)
LAC,2012,oc,Hal Hunter,pfr-derived (jchernak96/NFL_Coordinator_Data)
LAC,2012,dc,John Pagano,pfr-derived (jchernak96/NFL_Coordinator_Data)
LAC,2013,oc,Ken Whisenhunt,pfr-derived (jchernak96/NFL_Coordinator_Data)
LAC,2013,dc,John Pagano,pfr-derived (jchernak96/NFL_Coordinator_Data)
LAC,2014,oc,Frank Reich,pfr-derived (jchernak96/NFL_Coordinator_Data)
LAC,2014,dc,John Pagano,pfr-derived (jchernak96/NFL_Coordinator_Data)
LAC,2015,oc,Frank Reich,pfr-derived (jchernak96/NFL_Coordinator_Data)
LAC,2015,dc,John Pagano,pfr-derived (jchernak96/NFL_Coordinator_Data)
LAC,2016,oc,Ken Whisenhunt,pfr-derived (jchernak96/NFL_Coordinator_Data)
LAC,2016,dc,John Pagano,pfr-derived (jchernak96/NFL_Coordinator_Data)
LAC,2017,oc,Ken Whisenhunt,pfr-derived (jchernak96/NFL_Coordinator_Data)
LAC,2017,dc,Gus Bradley,pfr-derived (jchernak96/NFL_Coordinator_Data)
LAC,2018,oc,Ken Whisenhunt,pfr-derived (jchernak96/NFL_Coordinator_Data)
LAC,2018,dc,Gus Bradley,pfr-derived (jchernak96/NFL_Coordinator_Data)
LAC,2019,oc,Ken Whisenhunt,pfr-derived (jchernak96/NFL_Coordinator_Data)
LAC,2019,dc,Gus Bradley,pfr-derived (jchernak96/NFL_Coordinator_Data)
LAC,2020,oc,Shane Steichen,pfr-derived (jchernak96/NFL_Coordinator_Data)
LAC,2020,dc,Gus Bradley,pfr-derived (jchernak96/NFL_Coordinator_Data)
LAC,2021,oc,Joe Lombardi,pfr-derived (jchernak96/NFL_Coordinator_Data)
LAC,2021,dc,Renaldo Hill,pfr-derived (jchernak96/NFL_Coordinator_Data)
LA,2006,oc,Greg Olson,pfr-derived (jchernak96/NFL_Coordinator_Data)
LA,2006,dc,Jim Haslett,pfr-derived (jchernak96/NFL_Coordinator_Data)
LA,2007,oc,Greg Olson,pfr-derived (jchernak96/NFL_Coordinator_Data)
LA,2007,dc,Jim Haslett,pfr-derived (jchernak96/NFL_Coordinator_Data)
LA,2008,oc,Al Saunders,pfr-derived (jchernak96/NFL_Coordinator_Data)
LA,2008,dc,"Jim Haslett, Rick Venturi",pfr-derived (jchernak96/NFL_Coordinator_Data)
LA,2009,oc,Pat Shurmur,pfr-derived (jchernak96/NFL_Coordinator_Data)
LA,2009,dc,Ken Flajole,pfr-derived (jchernak96/NFL_Coordinator_Data)
LA,2010,oc,Pat Shurmur,pfr-derived (jchernak96/NFL_Coordinator_Data)
LA,2010,dc,Ken Flajole,pfr-derived (jchernak96/NFL_Coordinator_Data)
LA,2011,oc,Josh McDaniels,pfr-derived (jchernak96/NFL_Coordinator_Data)
LA,2011,dc,Ken Flajole,pfr-derived (jchernak96/NFL_Coordinator_Data)
LA,2012,oc,Brian Schottenheimer,pfr-derived (jchernak96/NFL_Coordinator_Data)
LA,2012,dc,Jeff Fisher,pfr-derived (jchernak96/NFL_Coordinator_Data)
LA,2013,oc,Brian Schottenheimer,pfr-derived (jchernak96/NFL_Coordinator_Data)
LA,2013,dc,Tim Walton,pfr-derived (jchernak96/NFL_Coordinator_Data)
LA,2014,oc,Brian Schottenheimer,pfr-derived (jchernak96/NFL_Coordinator_Data)
LA,2014,dc,Gregg Williams,pfr-derived (jchernak96/NFL_Coordinator_Data)
LA,2015,oc,"Rob Boras, Frank Cignetti",pfr-derived (jchernak96/NFL_Coordinator_Data)
LA,2015,dc,Gregg Williams,pfr-derived (jchernak96/NFL_Coordinator_Data)
LA,2016,oc,Rob Boras,pfr-derived (jchernak96/NFL_Coordinator_Data)
LA,2016,dc,Gregg Williams,pfr-derived (jchernak96/NFL_Coordinator_Data)
LA,2017,oc,Matt LaFleur,pfr-derived (jchernak96/NFL_Coordinator_Data)
LA,2017,dc,Wade Phillips,pfr-derived (jchernak96/NFL_Coordinator_Data)
LA,2018,oc,Sean McVay,pfr-derived (jchernak96/NFL_Coordinator_Data)
LA,2018,dc,Wade Phillips,pfr-derived (jchernak96/NFL_Coordinator_Data)
LA,2019,oc,Sean McVay,pfr-derived (jchernak96/NFL_Coordinator_Data)
LA,2019,dc,Wade Phillips,pfr-derived (jchernak96/NFL_Coordinator_Data)
LA,2020,oc,Kevin O'Connell,pfr-derived (jchernak96/NFL_Coordinator_Data)
LA,2020,dc,Brandon Staley,pfr-derived (jchernak96/NFL_Coordinator_Data)
LA,2021,oc,Kevin O'Connell,pfr-derived (jchernak96/NFL_Coordinator_Data)
LA,2021,dc,Raheem Morris,pfr-derived (jchernak96/NFL_Coordinator_Data)
LV,2006,oc,"John Shoop, Tom Walsh",pfr-derived (jchernak96/NFL_Coordinator_Data)
LV,2006,dc,Rob Ryan,pfr-derived (jchernak96/NFL_Coordinator_Data)
LV,2007,oc,Greg Knapp,pfr-derived (jchernak96/NFL_Coordinator_Data)
LV,2007,dc,Rob Ryan,pfr-derived (jchernak96/NFL_Coordinator_Data)
LV,2008,oc,Greg Knapp,pfr-derived (jchernak96/NFL_Coordinator_Data)
LV,2008,dc,Rob Ryan,pfr-derived (jchernak96/NFL_Coordinator_Data)
LV,2009,oc,Tom Cable,pfr-derived (jchernak96/NFL_Coordinator_Data)
LV,2009,dc,John Marshall,pfr-derived (jchernak96/NFL_Coordinator_Data)
LV,2010,oc,Hue Jackson,pfr-derived (jchernak96/NFL_Coordinator_Data)
LV,2010,dc,John Marshall,pfr-derived (jchernak96/NFL_Coordinator_Data)
LV,2011,oc,Al Saunders,pfr-derived (jchernak96/NFL_Coordinator_Data)
LV,2011,dc,Chuck Bresnahan,pfr-derived (jchernak96/NFL_Coordinator_Data)
LV,2012,oc,Greg Knapp,pfr-derived (jchernak96/NFL_Coordinator_Data)
LV,2012,dc,Jason Tarver,pfr-derived (jchernak96/NFL_Coordinator_Data)
LV,2013,oc,Greg Olson,pfr-derived (jchernak96/NFL_Coordinator_Data)
LV,2013,dc,Jason Tarver,pfr-derived (jchernak96/NFL_Coordinator_Data)
LV,2014,oc,Greg Olson,pfr-derived (jchernak96/NFL_Coordinator_Data)
LV,2014,dc,Jason Tarver,pfr-derived (jchernak96/NFL_Coordinator_Data)
LV,2015,oc,Bill Musgrave,pfr-derived (jchernak96/NFL_Coordinator_Data)
LV,2015,dc,Ken Norton,pfr-derived (jchernak96/NFL_Coordinator_Data)
LV,2016,oc,Bill Musgrave,pfr-derived (jchernak96/NFL_Coordinator_Data)
LV,2016,dc,Ken Norton,pfr-derived (jchernak96/NFL_Coordinator_Data)
LV,2017,oc,Todd Downing,pfr-derived (jchernak96/NFL_Coordinator_Data)
LV,2017,dc,"Ken Norton, John Pagano",pfr-derived (jchernak96/NFL_Coordinator_Data)
LV,2018,oc,Greg Olson,pfr-derived (jchernak96/NFL_Coordinator_Data)
LV,2018,dc,Paul Guenther,pfr-derived (jchernak96/NFL_Coordinator_Data)
LV,2019,oc,Greg Olson,pfr-derived (jchernak96/NFL_Coordinator_Data)
LV,2019,dc,Paul Guenther,pfr-derived (jchernak96/NFL_Coordinator_Data)
LV,2020,oc,Greg Olson,pfr-derived (jchernak96/NFL_Coordinator_Data)
LV,2020,dc,"Paul Guenther, Rod Marinelli",pfr-derived (jchernak96/NFL_Coordinator_Data)
LV,2021,oc,Greg Olson,pfr-derived (jchernak96/NFL_Coordinator_Data)
LV,2021,dc,Gus Bradley,pfr-derived (jchernak96/NFL_Coordinator_Data)
MIA,2006,oc,Mike Mularkey,pfr-derived (jchernak96/NFL_Coordinator_Data)
MIA,2006,dc,Dom Capers,pfr-derived (jchernak96/NFL_Coordinator_Data)
MIA,2007,oc,Cam Cameron,pfr-derived (jchernak96/NFL_Coordinator_Data)
MIA,2007,dc,Dom Capers,pfr-derived (jchernak96/NFL_Coordinator_Data)
MIA,2008,oc,Dan Henning,pfr-derived (jchernak96/NFL_Coordinator_Data)
MIA,2008,dc,Paul Pasqualoni,pfr-derived (jchernak96/NFL_Coordinator_Data)
MIA,2009,oc,Dan Henning,pfr-derived (jchernak96/NFL_Coordinator_Data)
MIA,2009,dc,Paul Pasqualoni,pfr-derived (jchernak96/NFL_Coordinator_Data)
MIA,2010,oc,Dan Henning,pfr-derived (jchernak96/NFL_Coordinator_Data)
MIA,2010,dc,Mike Nolan,pfr-derived (jchernak96/NFL_Coordinator_Data)
MIA,2011,oc,Brian Daboll,pfr-derived (jchernak96/NFL_Coordinator_Data)
MIA,2011,dc,Mike Nolan,pfr-derived (jchernak96/NFL_Coordinator_Data)
MIA,2012,oc,Mike Sherman,pfr-derived (jchernak96/NFL_Coordinator_Data)
MIA,2012,dc,Kevin Coyle,pfr-derived (jchernak96/NFL_Coordinator_Data)
MIA,2013,oc,Mike Sherman,pfr-derived (jchernak96/NFL_Coordinator_Data)
MIA,2013,dc,Kevin Coyle,pfr-derived (jchernak96/NFL_Coordinator_Data)
MIA,2014,oc,Bill Lazor,pfr-derived (jchernak96/NFL_Coordinator_Data)
MIA,2014,dc,Kevin Coyle,pfr-derived (jchernak96/NFL_Coordinator_Data)
MIA,2015,oc,"Bill Lazor, Zac Taylor",pfr-derived (jchernak96/NFL_Coordinator_Data)
MIA,2015,dc,"Lou Anarumo, Kevin Coyle",pfr-derived (jchernak96/NFL_Coordinator_Data)
MIA,2016,oc,Clyde Christensen,pfr-derived (jchernak96/NFL_Coordinator_Data)
MIA,2016,dc,Vance Joseph,pfr-derived (jchernak96/NFL_Coordinator_Data)
MIA,2017,oc,Clyde Christensen,pfr-derived (jchernak96/NFL_Coordinator_Data)
MIA,2017,dc,Matt Burke,pfr-derived (jchernak96/NFL_Coordinator_Data)
MIA,2018,oc,Dowell Loggains,pfr-derived (jchernak96/NFL_Coordinator_Data)
MIA,2018,dc,Matt Burke,pfr-derived (jchernak96/NFL_Coordinator_Data)
MIA,2019,oc,Chad O'Shea,pfr-derived (jchernak96/NFL_Coordinator_Data)
MIA,2019,dc,Patrick Graham,pfr-derived (jchernak96/NFL_Coordinator_Data)
MIA,2020,oc,Chan Gailey,pfr-derived (jchernak96/NFL_Coordinator_Data)
MIA,2020,dc,Josh Boyer,pfr-derived (jchernak96/NFL_Coordinator_Data)
MIA,2021,oc,"George Godsey, Eric Studesville",pfr-derived (jchernak96/NFL_Coordinator_Data)
MIA,2021,dc,Josh Boyer,pfr-derived (jchernak96/NFL_Coordinator_Data)
MIN,2006,oc,Darrell Bevell,pfr-derived (jchernak96/NFL_Coordinator_Data)
MIN,2006,dc,Mike Tomlin,pfr-derived (jchernak96/NFL_Coordinator_Data)
MIN,2007,oc,Darrell Bevell,pfr-derived (jchernak96/NFL_Coordinator_Data)
MIN,2007,dc,Leslie Frazier,pfr-derived (jchernak96/NFL_Coordinator_Data)
MIN,2008,oc,Darrell Bevell,pfr-derived (jchernak96/NFL_Coordinator_Data)
MIN,2008,dc,Leslie Frazier,pfr-derived (jchernak96/NFL_Coordinator_Data)
MIN,2009,oc,Darrell Bevell,pfr-derived (jchernak96/NFL_Coordinator_Data)
MIN,2009,dc,Leslie Frazier,pfr-derived (jchernak96/NFL_Coordinator_Data)
MIN,2010,oc,Darrell Bevell,pfr-derived (jchernak96/NFL_Coordinator_Data)
MIN,2010,dc,"Leslie Frazier, Fred Pagac",pfr-derived (jchernak96/NFL_Coordinator_Data)
MIN,2011,oc,Bill Musgrave,pfr-derived (jchernak96/NFL_Coordinator_Data)
MIN,2011,dc,Fred Pagac,pfr-derived (jchernak96/NFL_Coordinator_Data)
MIN,2012,oc,Bill Musgrave,pfr-derived (jchernak96/NFL_Coordinator_Data)
MIN,2012,dc,Alan Williams,pfr-derived (jchernak96/NFL_Coordinator_Data)
MIN,2013,oc,Bill Musgrave,pfr-derived (jchernak96/NFL_Coordinator_Data)
MIN,2013,dc,Alan Williams,pfr-derived (jchernak96/NFL_Coordinator_Data)
MIN,2014,oc,Norv Turner,pfr-derived (jchernak96/NFL_Coordinator_Data)
MIN,2014,dc,George Edwards,pfr-derived (jchernak96/NFL_Coordinator_Data)
MIN,2015,oc,Norv Turner,pfr-derived (jchernak96/NFL_Coordinator_Data)
MIN,2015,dc,George Edwards,pfr-derived (jchernak96/NFL_Coordinator_Data)
MIN,2016,oc,"Pat Shurmur, Norv Turner",pfr-derived (jchernak96/NFL_Coordinator_Data)
MIN,2016,dc,George Edwards,pfr-derived (jchernak96/NFL_Coordinator_Data)
MIN,2017,oc,Pat Shurmur,pfr-derived (jchernak96/NFL_Coordinator_Data)
MIN,2017,dc,George Edwards,pfr-derived (jchernak96/NFL_Coordinator_Data)
MIN,2018,oc,John DeFilippo,pfr-derived (jchernak96/NFL_Coordinator_Data)
MIN,2018,dc,George Edwards,pfr-derived (jchernak96/NFL_Coordinator_Data)
MIN,2019,oc,Kevin Stefanski,pfr-derived (jchernak96/NFL_Coordinator_Data)
MIN,2019,dc,George Edwards,pfr-derived (jchernak96/NFL_Coordinator_Data)
MIN,2020,oc,Gary Kubiak,pfr-derived (jchernak96/NFL_Coordinator_Data)
MIN,2020,dc,"Andre Patterson, Adam Zimmer",pfr-derived (jchernak96/NFL_Coordinator_Data)
MIN,2021,oc,Klint Kubiak,pfr-derived (jchernak96/NFL_Coordinator_Data)
MIN,2021,dc,"Andre Patterson, Adam Zimmer",pfr-derived (jchernak96/NFL_Coordinator_Data)
NO,2006,oc,Doug Marrone,pfr-derived (jchernak96/NFL_Coordinator_Data)
NO,2006,dc,Gary Gibbs,pfr-derived (jchernak96/NFL_Coordinator_Data)
NO,2007,oc,Doug Marrone,pfr-derived (jchernak96/NFL_Coordinator_Data)
NO,2007,dc,Gary Gibbs,pfr-derived (jchernak96/NFL_Coordinator_Data)
NO,2008,oc,Doug Marrone,pfr-derived (jchernak96/NFL_Coordinator_Data)
NO,2008,dc,Gary Gibbs,pfr-derived (jchernak96/NFL_Coordinator_Data)
NO,2009,oc,Pete Carmichael,pfr-derived (jchernak96/NFL_Coordinator_Data)
NO,2009,dc,Gregg Williams,pfr-derived (jchernak96/NFL_Coordinator_Data)
NO,2010,oc,Pete Carmichael,pfr-derived (jchernak96/NFL_Coordinator_Data)
NO,2010,dc,Gregg Williams,pfr-derived (jchernak96/NFL_Coordinator_Data)
NO,2011,oc,Pete Carmichael,pfr-derived (jchernak96/NFL_Coordinator_Data)
NO,2011,dc,Gregg Williams,pfr-derived (jchernak96/NFL_Coordinator_Data)
NO,2012,oc,Pete Carmichael,pfr-derived (jchernak96/NFL_Coordinator_Data)
NO,2012,dc,Steve Spagnuolo,pfr-derived (jchernak96/NFL_Coordinator_Data)
NO,2013,oc,Pete Carmichael,pfr-derived (jchernak96/NFL_Coordinator_Data)
NO,2013,dc,Rob Ryan,pfr-derived (jchernak96/NFL_Coordinator_Data)
NO,2014,oc,Pete Carmichael,pfr-derived (jchernak96/NFL_Coordinator_Data)
NO,2014,dc,Rob Ryan,pfr-derived (jchernak96/NFL_Coordinator_Data)
NO,2015,oc,Pete Carmichael,pfr-derived (jchernak96/NFL_Coordinator_Data)
NO,2015,dc,"Dennis Allen, Rob Ryan",pfr-derived (jchernak96/NFL_Coordinator_Data)
NO,2016,oc,Pete Carmichael,pfr-derived (jchernak96/NFL_Coordinator_Data)
NO,2016,dc,Dennis Allen,pfr-derived (jchernak96/NFL_Coordinator_Data)
NO,2017,oc,Pete Carmichael,pfr-derived (jchernak96/NFL_Coordinator_Data)
NO,2017,dc,Dennis Allen,pfr-derived (jchernak96/NFL_Coordinator_Data)
NO,2018,oc,Pete Carmichael,pfr-derived (jchernak96/NFL_Coordinator_Data)
NO,2018,dc,Dennis Allen,pfr-derived (jchernak96/NFL_Coordinator_Data)
NO,2019,oc,Pete Carmichael,pfr-derived (jchernak96/NFL_Coordinator_Data)
NO,2019,dc,Dennis Allen,pfr-derived (jchernak96/NFL_Coordinator_Data)
NO,2020,oc,Pete Carmichael,pfr-derived (jchernak96/NFL_Coordinator_Data)
NO,2020,dc,Dennis Allen,pfr-derived (jchernak96/NFL_Coordinator_Data)
NO,2021,oc,Pete Carmichael,pfr-derived (jchernak96/NFL_Coordinator_Data)
NO,2021,dc,Dennis Allen,pfr-derived (jchernak96/NFL_Coordinator_Data)
NE,2006,oc,Josh McDaniels,pfr-derived (jchernak96/NFL_Coordinator_Data)
NE,2006,dc,Dean Pees,pfr-derived (jchernak96/NFL_Coordinator_Data)
NE,2007,oc,Josh McDaniels,pfr-derived (jchernak96/NFL_Coordinator_Data)
NE,2007,dc,Dean Pees,pfr-derived (jchernak96/NFL_Coordinator_Data)
NE,2008,oc,Josh McDaniels,pfr-derived (jchernak96/NFL_Coordinator_Data)
NE,2008,dc,Dean Pees,pfr-derived (jchernak96/NFL_Coordinator_Data)
NE,2009,oc,Bill Belichick,pfr-derived (jchernak96/NFL_Coordinator_Data)
NE,2009,dc,Dean Pees,pfr-derived (jchernak96/NFL_Coordinator_Data)
NE,2010,oc,Bill Belichick,pfr-derived (jchernak96/NFL_Coordinator_Data)
NE,2010,dc,Bill Belichick,pfr-derived (jchernak96/NFL_Coordinator_Data)
NE,2011,oc,Bill O'Brien,pfr-derived (jchernak96/NFL_Coordinator_Data)
NE,2011,dc,Bill Belichick,pfr-derived (jchernak96/NFL_Coordinator_Data)
NE,2012,oc,Josh McDaniels,pfr-derived (jchernak96/NFL_Coordinator_Data)
NE,2012,dc,Matt Patricia,pfr-derived (jchernak96/NFL_Coordinator_Data)
NE,2013,oc,Josh McDaniels,pfr-derived (jchernak96/NFL_Coordinator_Data)
NE,2013,dc,Matt Patricia,pfr-derived (jchernak96/NFL_Coordinator_Data)
NE,2014,oc,Josh McDaniels,pfr-derived (jchernak96/NFL_Coordinator_Data)
NE,2014,dc,Matt Patricia,pfr-derived (jchernak96/NFL_Coordinator_Data)
NE,2015,oc,Josh McDaniels,pfr-derived (jchernak96/NFL_Coordinator_Data)
NE,2015,dc,Matt Patricia,pfr-derived (jchernak96/NFL_Coordinator_Data)
NE,2016,oc,Josh McDaniels,pfr-derived (jchernak96/NFL_Coordinator_Data)
NE,2016,dc,Matt Patricia,pfr-derived (jchernak96/NFL_Coordinator_Data)
NE,2017,oc,Josh McDaniels,pfr-derived (jchernak96/NFL_Coordinator_Data)
NE,2017,dc,Matt Patricia,pfr-derived (jchernak96/NFL_Coordinator_Data)
NE,2018,oc,Josh McDaniels,pfr-derived (jchernak96/NFL_Coordinator_Data)
NE,2018,dc,Bill Belichick,pfr-derived (jchernak96/NFL_Coordinator_Data)
NE,2019,oc,Josh McDaniels,pfr-derived (jchernak96/NFL_Coordinator_Data)
NE,2019,dc,Bill Belichick,pfr-derived (jchernak96/NFL_Coordinator_Data)
NE,2020,oc,Josh McDaniels,pfr-derived (jchernak96/NFL_Coordinator_Data)
NE,2020,dc,Bill Belichick,pfr-derived (jchernak96/NFL_Coordinator_Data)
NE,2021,oc,Josh McDaniels,pfr-derived (jchernak96/NFL_Coordinator_Data)
NE,2021,dc,Bill Belichick,pfr-derived (jchernak96/NFL_Coordinator_Data)
NYG,2006,oc,John Hufnagel,pfr-derived (jchernak96/NFL_Coordinator_Data)
NYG,2006,dc,Tim Lewis,pfr-derived (jchernak96/NFL_Coordinator_Data)
NYG,2007,oc,Kevin Gilbride,pfr-derived (jchernak96/NFL_Coordinator_Data)
NYG,2007,dc,Steve Spagnuolo,pfr-derived (jchernak96/NFL_Coordinator_Data)
NYG,2008,oc,Kevin Gilbride,pfr-derived (jchernak96/NFL_Coordinator_Data)
NYG,2008,dc,Steve Spagnuolo,pfr-derived (jchernak96/NFL_Coordinator_Data)
NYG,2009,oc,Kevin Gilbride,pfr-derived (jchernak96/NFL_Coordinator_Data)
NYG,2009,dc,Bill Sheridan,pfr-derived (jchernak96/NFL_Coordinator_Data)
NYG,2010,oc,Kevin Gilbride,pfr-derived (jchernak96/NFL_Coordinator_Data)
NYG,2010,dc,Perry Fewell,pfr-derived (jchernak96/NFL_Coordinator_Data)
NYG,2011,oc,Kevin Gilbride,pfr-derived (jchernak96/NFL_Coordinator_Data)
NYG,2011,dc,Perry Fewell,pfr-derived (jchernak96/NFL_Coordinator_Data)
NYG,2012,oc,Kevin Gilbride,pfr-derived (jchernak96/NFL_Coordinator_Data)
NYG,2012,dc,Perry Fewell,pfr-derived (jchernak96/NFL_Coordinator_Data)
NYG,2013,oc,Kevin Gilbride,pfr-derived (jchernak96/NFL_Coordinator_Data)
NYG,2013,dc,Perry Fewell,pfr-derived (jchernak96/NFL_Coordinator_Data)
NYG,2014,oc,Ben McAdoo,pfr-derived (jchernak96/NFL_Coordinator_Data)
NYG,2014,dc,Perry Fewell,pfr-derived (jchernak96/NFL_Coordinator_Data)
NYG,2015,oc,Ben McAdoo,pfr-derived (jchernak96/NFL_Coordinator_Data)
NYG,2015,dc,Steve Spagnuolo,pfr-derived (jchernak96/NFL_Coordinator_Data)
NYG,2016,oc,Mike Sullivan,pfr-derived (jchernak96/NFL_Coordinator_Data)
NYG,2016,dc,Steve Spagnuolo,pfr-derived (jchernak96/NFL_Coordinator_Data)
NYG,2017,oc,Mike Sullivan,pfr-derived (jchernak96/NFL_Coordinator_Data)
NYG,2017,dc,Steve Spagnuolo,pfr-derived (jchernak96/NFL_Coordinator_Data)
NYG,2018,oc,Mike Shula,pfr-derived (jchernak96/NFL_Coordinator_Data)
NYG,2018,dc,James Bettcher,pfr-derived (jchernak96/NFL_Coordinator_Data)
NYG,2019,oc,Mike Shula,pfr-derived (jchernak96/NFL_Coordinator_Data)
NYG,2019,dc,James Bettcher,pfr-derived (jchernak96/NFL_Coordinator_Data)
NYG,2020,oc,Jason Garrett,pfr-derived (jchernak96/NFL_Coordinator_Data)
NYG,2020,dc,Patrick Graham,pfr-derived (jchernak96/NFL_Coordinator_Data)
NYG,2021,oc,Jason Garrett,pfr-derived (jchernak96/NFL_Coordinator_Data)
NYG,2021,dc,Patrick Graham,pfr-derived (jchernak96/NFL_Coordinator_Data)
NYJ,2006,oc,Brian Schottenheimer,pfr-derived (jchernak96/NFL_Coordinator_Data)
NYJ,2006,dc,Bob Sutton,pfr-derived (jchernak96/NFL_Coordinator_Data)
NYJ,2007,oc,Brian Schottenheimer,pfr-derived (jchernak96/NFL_Coordinator_Data)
NYJ,2007,dc,Bob Sutton,pfr-derived (jchernak96/NFL_Coordinator_Data)
NYJ,2008,oc,Brian Schottenheimer,pfr-derived (jchernak96/NFL_Coordinator_Data)
NYJ,2008,dc,Bob Sutton,pfr-derived (jchernak96/NFL_Coordinator_Data)
NYJ,2009,oc,Brian Schottenheimer,pfr-derived (jchernak96/NFL_Coordinator_Data)
NYJ,2009,dc,Mike Pettine,pfr-derived (jchernak96/NFL_Coordinator_Data)
NYJ,2010,oc,Brian Schottenheimer,pfr-derived (jchernak96/NFL_Coordinator_Data)
NYJ,2010,dc,Mike Pettine,pfr-derived (jchernak96/NFL_Coordinator_Data)
NYJ,2011,oc,Brian Schottenheimer,pfr-derived (jchernak96/NFL_Coordinator_Data)
NYJ,2011,dc,Mike Pettine,pfr-derived (jchernak96/NFL_Coordinator_Data)
NYJ,2012,oc,Tony Sparano,pfr-derived (jchernak96/NFL_Coordinator_Data)
NYJ,2012,dc,Mike Pettine,pfr-derived (jchernak96/NFL_Coordinator_Data)
NYJ,2013,oc,Marty Mornhinweg,pfr-derived (jchernak96/NFL_Coordinator_Data)
NYJ,2013,dc,Dennis Thurman,pfr-derived (jchernak96/NFL_Coordinator_Data)
NYJ,2014,oc,Marty Mornhinweg,pfr-derived (jchernak96/NFL_Coordinator_Data)
NYJ,2014,dc,Dennis Thurman,pfr-derived (jchernak96/NFL_Coordinator_Data)
NYJ,2015,oc,Chan Gailey,pfr-derived (jchernak96/NFL_Coordinator_Data)
NYJ,2015,dc,Kacy Rodgers,pfr-derived (jchernak96/NFL_Coordinator_Data)
NYJ,2016,oc,Chan Gailey,pfr-derived (jchernak96/NFL_Coordinator_Data)
NYJ,2016,dc,Kacy Rodgers,pfr-derived (jchernak96/NFL_Coordinator_Data)
NYJ,2017,oc,John Morton,pfr-derived (jchernak96/NFL_Coordinator_Data)
NYJ,2017,dc,Kacy Rodgers,pfr-derived (jchernak96/NFL_Coordinator_Data)
NYJ,2018,oc,Jeremy Bates,pfr-derived (jchernak96/NFL_Coordinator_Data)
NYJ,2018,dc,Kacy Rodgers,pfr-derived (jchernak96/NFL_Coordinator_Data)
NYJ,2019,oc,Dowell Loggains,pfr-derived (jchernak96/NFL_Coordinator_Data)
NYJ,2019,dc,Gregg Williams,pfr-derived (jchernak96/NFL_Coordinator_Data)
NYJ,2020,oc,Dowell Loggains,pfr-derived (jchernak96/NFL_Coordinator_Data)
NYJ,2020,dc,"Gregg Williams, Frank Bush",pfr-derived (jchernak96/NFL_Coordinator_Data)
NYJ,2021,oc,Mike LaFleur,pfr-derived (jchernak96/NFL_Coordinator_Data)
NYJ,2021,dc,Jeff Ulbrich,pfr-derived (jchernak96/NFL_Coordinator_Data)
PHI,2006,oc,Marty Mornhinweg,pfr-derived (jchernak96/NFL_Coordinator_Data)
PHI,2006,dc,Jim Johnson,pfr-derived (jchernak96/NFL_Coordinator_Data)
PHI,2007,oc,Marty Mornhinweg,pfr-derived (jchernak96/NFL_Coordinator_Data)
PHI,2007,dc,Jim Johnson,pfr-derived (jchernak96/NFL_Coordinator_Data)
PHI,2008,oc,Marty Mornhinweg,pfr-derived (jchernak96/NFL_Coordinator_Data)
PHI,2008,dc,Jim Johnson,pfr-derived (jchernak96/NFL_Coordinator_Data)
PHI,2009,oc,Marty Mornhinweg,pfr-derived (jchernak96/NFL_Coordinator_Data)
PHI,2009,dc,Sean McDermott,pfr-derived (jchernak96/NFL_Coordinator_Data)
PHI,2010,oc,Marty Mornhinweg,pfr-derived (jchernak96/NFL_Coordinator_Data)
PHI,2010,dc,Sean McDermott,pfr-derived (jchernak96/NFL_Coordinator_Data)
PHI,2011,oc,Marty Mornhinweg,pfr-derived (jchernak96/NFL_Coordinator_Data)
PHI,2011,dc,Juan Castillo,pfr-derived (jchernak96/NFL_Coordinator_Data)
PHI,2012,oc,Marty Mornhinweg,pfr-derived (jchernak96/NFL_Coordinator_Data)
PHI,2012,dc,"Todd Bowles, Juan Castillo",pfr-derived (jchernak96/NFL_Coordinator_Data)
PHI,2013,oc,Pat Shurmur,pfr-derived (jchernak96/NFL_Coordinator_Data)
PHI,2013,dc,Bill Davis,pfr-derived (jchernak96/NFL_Coordinator_Data)
PHI,2014,oc,Pat Shurmur,pfr-derived (jchernak96/NFL_Coordinator_Data)
PHI,2014,dc,Bill Davis,pfr-derived (jchernak96/NFL_Coordinator_Data)
PHI,2015,oc,Pat Shurmur,pfr-derived (jchernak96/NFL_Coordinator_Data)
PHI,2015,dc,Bill Davis,pfr-derived (jchernak96/NFL_Coordinator_Data)
PHI,2016,oc,Frank Reich,pfr-derived (jchernak96/NFL_Coordinator_Data)
PHI,2016,dc,Jim Schwartz,pfr-derived (jchernak96/NFL_Coordinator_Data)
PHI,2017,oc,Frank Reich,pfr-derived (jchernak96/NFL_Coordinator_Data)
PHI,2017,dc,Jim Schwartz,pfr-derived (jchernak96/NFL_Coordinator_Data)
PHI,2018,oc,Mike Groh,pfr-derived (jchernak96/NFL_Coordinator_Data)
PHI,2018,dc,Jim Schwartz,pfr-derived (jchernak96/NFL_Coordinator_Data)
PHI,2019,oc,Mike Groh,pfr-derived (jchernak96/NFL_Coordinator_Data)
PHI,2019,dc,Jim Schwartz,pfr-derived (jchernak96/NFL_Coordinator_Data)
PHI,2020,oc,Doug Pederson,pfr-derived (jchernak96/NFL_Coordinator_Data)
PHI,2020,dc,Jim Schwartz,pfr-derived (jchernak96/NFL_Coordinator_Data)
PHI,2021,oc,Shane Steichen,pfr-derived (jchernak96/NFL_Coordinator_Data)
PHI,2021,dc,Jonathan Gannon,pfr-derived (jchernak96/NFL_Coordinator_Data)
PIT,2006,oc,Ken Whisenhunt,pfr-derived (jchernak96/NFL_Coordinator_Data)
PIT,2006,dc,Dick LeBeau,pfr-derived (jchernak96/NFL_Coordinator_Data)
PIT,2007,oc,Bruce Arians,pfr-derived (jchernak96/NFL_Coordinator_Data)
PIT,2007,dc,Dick LeBeau,pfr-derived (jchernak96/NFL_Coordinator_Data)
PIT,2008,oc,Bruce Arians,pfr-derived (jchernak96/NFL_Coordinator_Data)
PIT,2008,dc,Dick LeBeau,pfr-derived (jchernak96/NFL_Coordinator_Data)
PIT,2009,oc,Bruce Arians,pfr-derived (jchernak96/NFL_Coordinator_Data)
PIT,2009,dc,Dick LeBeau,pfr-derived (jchernak96/NFL_Coordinator_Data)
PIT,2010,oc,Bruce Arians,pfr-derived (jchernak96/NFL_Coordinator_Data)
PIT,2010,dc,Dick LeBeau,pfr-derived (jchernak96/NFL_Coordinator_Data)
PIT,2011,oc,Bruce Arians,pfr-derived (jchernak96/NFL_Coordinator_Data)
PIT,2011,dc,Dick LeBeau,pfr-derived (jchernak96/NFL_Coordinator_Data)
PIT,2012,oc,Todd Haley,pfr-derived (jchernak96/NFL_Coordinator_Data)
PIT,2012,dc,Dick LeBeau,pfr-derived (jchernak96/NFL_Coordinator_Data)
PIT,2013,oc,Todd Haley,pfr-derived (jchernak96/NFL_Coordinator_Data)
PIT,2013,dc,Dick LeBeau,pfr-derived (jchernak96/NFL_Coordinator_Data)
PIT,2014,oc,Todd Haley,pfr-derived (jchernak96/NFL_Coordinator_Data)
PIT,2014,dc,Dick LeBeau,pfr-derived (jchernak96/NFL_Coordinator_Data)
PIT,2015,oc,Todd Haley,pfr-derived (jchernak96/NFL_Coordinator_Data)
PIT,2015,dc,Keith Butler,pfr-derived (jchernak96/NFL_Coordinator_Data)
PIT,2016,oc,Todd Haley,pfr-derived (jchernak96/NFL_Coordinator_Data)
PIT,2016,dc,Keith Butler,pfr-derived (jchernak96/NFL_Coordinator_Data)
PIT,2017,oc,Todd Haley,pfr-derived (jchernak96/NFL_Coordinator_Data)
PIT,2017,dc,Keith Butler,pfr-derived (jchernak96/NFL_Coordinator_Data)
PIT,2018,oc,Randy Fichtner,pfr-derived (jchernak96/NFL_Coordinator_Data)
PIT,2018,dc,Keith Butler,pfr-derived (jchernak96/NFL_Coordinator_Data)
PIT,2019,oc,Randy Fichtner,pfr-derived (jchernak96/NFL_Coordinator_Data)
PIT,2019,dc,Keith Butler,pfr-derived (jchernak96/NFL_Coordinator_Data)
PIT,2020,oc,Randy Fichtner,pfr-derived (jchernak96/NFL_Coordinator_Data)
PIT,2020,dc,Keith Butler,pfr-derived (jchernak96/NFL_Coordinator_Data)
PIT,2021,oc,Matt Canada,pfr-derived (jchernak96/NFL_Coordinator_Data)
PIT,2021,dc,Keith Butler,pfr-derived (jchernak96/NFL_Coordinator_Data)
SEA,2006,oc,Gil Haskell,pfr-derived (jchernak96/NFL_Coordinator_Data)
SEA,2006,dc,John Marshall,pfr-derived (jchernak96/NFL_Coordinator_Data)
SEA,2007,oc,Gil Haskell,pfr-derived (jchernak96/NFL_Coordinator_Data)
SEA,2007,dc,John Marshall,pfr-derived (jchernak96/NFL_Coordinator_Data)
SEA,2008,oc,Gil Haskell,pfr-derived (jchernak96/NFL_Coordinator_Data)
SEA,2008,dc,John Marshall,pfr-derived (jchernak96/NFL_Coordinator_Data)
SEA,2009,oc,Greg Knapp,pfr-derived (jchernak96/NFL_Coordinator_Data)
SEA,2009,dc,Gus Bradley,pfr-derived (jchernak96/NFL_Coordinator_Data)
SEA,2010,oc,Jeremy Bates,pfr-derived (jchernak96/NFL_Coordinator_Data)
SEA,2010,dc,Gus Bradley,pfr-derived (jchernak96/NFL_Coordinator_Data)
SEA,2011,oc,Darrell Bevell,pfr-derived (jchernak96/NFL_Coordinator_Data)
SEA,2011,dc,Gus Bradley,pfr-derived (jchernak96/NFL_Coordinator_Data)
SEA,2012,oc,Darrell Bevell,pfr-derived (jchernak96/NFL_Coordinator_Data)
SEA,2012,dc,Gus Bradley,pfr-derived (jchernak96/NFL_Coordinator_Data)
SEA,2013,oc,Darrell Bevell,pfr-derived (jchernak96/NFL_Coordinator_Data)
SEA,2013,dc,Dan Quinn,pfr-derived (jchernak96/NFL_Coordinator_Data)
SEA,2014,oc,Darrell Bevell,pfr-derived (jchernak96/NFL_Coordinator_Data)
SEA,2014,dc,Dan Quinn,pfr-derived (jchernak96/NFL_Coordinator_Data)
SEA,2015,oc,Darrell Bevell,pfr-derived (jchernak96/NFL_Coordinator_Data)
SEA,2015,dc,Kris Richard,pfr-derived (jchernak96/NFL_Coordinator_Data)
SEA,2016,oc,Darrell Bevell,pfr-derived (jchernak96/NFL_Coordinator_Data)
SEA,2016,dc,Kris Richard,pfr-derived (jchernak96/NFL_Coordinator_Data)
SEA,2017,oc,Darrell Bevell,pfr-derived (jchernak96/NFL_Coordinator_Data)
SEA,2017,dc,Kris Richard,pfr-derived (jchernak96/NFL_Coordinator_Data)
SEA,2018,oc,Brian Schottenheimer,pfr-derived (jchernak96/NFL_Coordinator_Data)
SEA,2018,dc,Ken Norton,pfr-derived (jchernak96/NFL_Coordinator_Data)
SEA,2019,oc,Brian Schottenheimer,pfr-derived (jchernak96/NFL_Coordinator_Data)
SEA,2019,dc,Ken Norton,pfr-derived (jchernak96/NFL_Coordinator_Data)
SEA,2020,oc,Brian Schottenheimer,pfr-derived (jchernak96/NFL_Coordinator_Data)
SEA,2020,dc,Ken Norton,pfr-derived (jchernak96/NFL_Coordinator_Data)
SEA,2021,oc,Shane Waldron,pfr-derived (jchernak96/NFL_Coordinator_Data)
SEA,2021,dc,Ken Norton,pfr-derived (jchernak96/NFL_Coordinator_Data)
SF,2006,oc,Norv Turner,pfr-derived (jchernak96/NFL_Coordinator_Data)
SF,2006,dc,Bill Davis,pfr-derived (jchernak96/NFL_Coordinator_Data)
SF,2007,oc,Jim Hostler,pfr-derived (jchernak96/NFL_Coordinator_Data)
SF,2007,dc,Greg Manusky,pfr-derived (jchernak96/NFL_Coordinator_Data)
SF,2008,oc,Mike Martz,pfr-derived (jchernak96/NFL_Coordinator_Data)
SF,2008,dc,Greg Manusky,pfr-derived (jchernak96/NFL_Coordinator_Data)
SF,2009,oc,Jimmy Raye,pfr-derived (jchernak96/NFL_Coordinator_Data)
SF,2009,dc,Greg Manusky,pfr-derived (jchernak96/NFL_Coordinator_Data)
SF,2010,oc,Jimmy Raye,pfr-derived (jchernak96/NFL_Coordinator_Data)
SF,2010,dc,Greg Manusky,pfr-derived (jchernak96/NFL_Coordinator_Data)
SF,2011,oc,Greg Roman,pfr-derived (jchernak96/NFL_Coordinator_Data)
SF,2011,dc,Vic Fangio,pfr-derived (jchernak96/NFL_Coordinator_Data)
SF,2012,oc,Greg Roman,pfr-derived (jchernak96/NFL_Coordinator_Data)
SF,2012,dc,Vic Fangio,pfr-derived (jchernak96/NFL_Coordinator_Data)
SF,2013,oc,Greg Roman,pfr-derived (jchernak96/NFL_Coordinator_Data)
SF,2013,dc,Vic Fangio,pfr-derived (jchernak96/NFL_Coordinator_Data)
SF,2014,oc,Greg Roman,pfr-derived (jchernak96/NFL_Coordinator_Data)
SF,2014,dc,Vic Fangio,pfr-derived (jchernak96/NFL_Coordinator_Data)
SF,2015,oc,Geep Chryst,pfr-derived (jchernak96/NFL_Coordinator_Data)
SF,2015,dc,Eric Mangini,pfr-derived (jchernak96/NFL_Coordinator_Data)
SF,2016,oc,Curtis Modkins,pfr-derived (jchernak96/NFL_Coordinator_Data)
SF,2016,dc,Jim O'Neil,pfr-derived (jchernak96/NFL_Coordinator_Data)
SF,2017,oc,Kyle Shanahan,pfr-derived (jchernak96/NFL_Coordinator_Data)
SF,2017,dc,Robert Saleh,pfr-derived (jchernak96/NFL_Coordinator_Data)
SF,2018,oc,Kyle Shanahan,pfr-derived (jchernak96/NFL_Coordinator_Data)
SF,2018,dc,Robert Saleh,pfr-derived (jchernak96/NFL_Coordinator_Data)
SF,2019,oc,Kyle Shanahan,pfr-derived (jchernak96/NFL_Coordinator_Data)
SF,2019,dc,Robert Saleh,pfr-derived (jchernak96/NFL_Coordinator_Data)
SF,2020,oc,Kyle Shanahan,pfr-derived (jchernak96/NFL_Coordinator_Data)
SF,2020,dc,Robert Saleh,pfr-derived (jchernak96/NFL_Coordinator_Data)
SF,2021,oc,Mike McDaniel,pfr-derived (jchernak96/NFL_Coordinator_Data)
SF,2021,dc,DeMeco Ryans,pfr-derived (jchernak96/NFL_Coordinator_Data)
TB,2006,oc,Bill Muir,pfr-derived (jchernak96/NFL_Coordinator_Data)
TB,2006,dc,Monte Kiffin,pfr-derived (jchernak96/NFL_Coordinator_Data)
TB,2007,oc,Bill Muir,pfr-derived (jchernak96/NFL_Coordinator_Data)
TB,2007,dc,Monte Kiffin,pfr-derived (jchernak96/NFL_Coordinator_Data)
TB,2008,oc,Bill Muir,pfr-derived (jchernak96/NFL_Coordinator_Data)
TB,2008,dc,Monte Kiffin,pfr-derived (jchernak96/NFL_Coordinator_Data)
TB,2009,oc,Greg Olson,pfr-derived (jchernak96/NFL_Coordinator_Data)
TB,2009,dc,"Jim Bates, Raheem Morris",pfr-derived (jchernak96/NFL_Coordinator_Data)
TB,2010,oc,Greg Olson,pfr-derived (jchernak96/NFL_Coordinator_Data)
TB,2010,dc,Raheem Morris,pfr-derived (jchernak96/NFL_Coordinator_Data)
TB,2011,oc,Greg Olson,pfr-derived (jchernak96/NFL_Coordinator_Data)
TB,2011,dc,Keith Millard,pfr-derived (jchernak96/NFL_Coordinator_Data)
TB,2012,oc,Mike Sullivan,pfr-derived (jchernak96/NFL_Coordinator_Data)
TB,2012,dc,Bill Sheridan,pfr-derived (jchernak96/NFL_Coordinator_Data)
TB,2013,oc,Mike Sullivan,pfr-derived (jchernak96/NFL_Coordinator_Data)
TB,2013,dc,Bill Sheridan,pfr-derived (jchernak96/NFL_Coordinator_Data)
TB,2014,oc,Jeff Tedford,pfr-derived (jchernak96/NFL_Coordinator_Data)
TB,2014,dc,Leslie Frazier,pfr-derived (jchernak96/NFL_Coordinator_Data)
TB,2015,oc,Dirk Koetter,pfr-derived (jchernak96/NFL_Coordinator_Data)
TB,2015,dc,Leslie Frazier,pfr-derived (jchernak96/NFL_Coordinator_Data)
TB,2016,oc,Todd Monken,pfr-derived (jchernak96/NFL_Coordinator_Data)
TB,2016,dc,Mike Smith,pfr-derived (jchernak96/NFL_Coordinator_Data)
TB,2017,oc,Todd Monken,pfr-derived (jchernak96/NFL_Coordinator_Data)
TB,2017,dc,Mike Smith,pfr-derived (jchernak96/NFL_Coordinator_Data)
TB,2018,oc,Todd Monken,pfr-derived (jchernak96/NFL_Coordinator_Data)
TB,2018,dc,"Mark Duffner, Mike Smith",pfr-derived (jchernak96/NFL_Coordinator_Data)
TB,2019,oc,Byron Leftwich,pfr-derived (jchernak96/NFL_Coordinator_Data)
TB,2019,dc,Todd Bowles,pfr-derived (jchernak96/NFL_Coordinator_Data)
TB,2020,oc,Byron Leftwich,pfr-derived (jchernak96/NFL_Coordinator_Data)
TB,2020,dc,Todd Bowles,pfr-derived (jchernak96/NFL_Coordinator_Data)
TB,2021,oc,Byron Leftwich,pfr-derived (jchernak96/NFL_Coordinator_Data)
TB,2021,dc,Todd Bowles,pfr-derived (jchernak96/NFL_Coordinator_Data)
TEN,2006,oc,Norm Chow,pfr-derived (jchernak96/NFL_Coordinator_Data)
TEN,2006,dc,Jim Schwartz,pfr-derived (jchernak96/NFL_Coordinator_Data)
TEN,2007,oc,Norm Chow,pfr-derived (jchernak96/NFL_Coordinator_Data)
TEN,2007,dc,Jim Schwartz,pfr-derived (jchernak96/NFL_Coordinator_Data)
TEN,2008,oc,Mike Heimerdinger,pfr-derived (jchernak96/NFL_Coordinator_Data)
TEN,2008,dc,Jim Schwartz,pfr-derived (jchernak96/NFL_Coordinator_Data)
TEN,2009,oc,Mike Heimerdinger,pfr-derived (jchernak96/NFL_Coordinator_Data)
TEN,2009,dc,Chuck Cecil,pfr-derived (jchernak96/NFL_Coordinator_Data)
TEN,2010,oc,Mike Heimerdinger,pfr-derived (jchernak96/NFL_Coordinator_Data)
TEN,2010,dc,Chuck Cecil,pfr-derived (jchernak96/NFL_Coordinator_Data)
TEN,2011,oc,Chris Palmer,pfr-derived (jchernak96/NFL_Coordinator_Data)
TEN,2011,dc,Jerry Gray,pfr-derived (jchernak96/NFL_Coordinator_Data)
TEN,2012,oc,Chris Palmer,pfr-derived (jchernak96/NFL_Coordinator_Data)
TEN,2012,dc,Jerry Gray,pfr-derived (jchernak96/NFL_Coordinator_Data)
TEN,2013,oc,Dowell Loggains,pfr-derived (jchernak96/NFL_Coordinator_Data)
TEN,2013,dc,Jerry Gray,pfr-derived (jchernak96/NFL_Coordinator_Data)
TEN,2014,oc,Jason Michael,pfr-derived (jchernak96/NFL_Coordinator_Data)
TEN,2014,dc,Ray Horton,pfr-derived (jchernak96/NFL_Coordinator_Data)
TEN,2015,oc,Jason Michael,pfr-derived (jchernak96/NFL_Coordinator_Data)
TEN,2015,dc,Ray Horton,pfr-derived (jchernak96/NFL_Coordinator_Data)
TEN,2016,oc,Terry Robiskie,pfr-derived (jchernak96/NFL_Coordinator_Data)
TEN,2016,dc,Dick LeBeau,pfr-derived (jchernak96/NFL_Coordinator_Data)
TEN,2017,oc,Terry Robiskie,pfr-derived (jchernak96/NFL_Coordinator_Data)
TEN,2017,dc,Dick LeBeau,pfr-derived (jchernak96/NFL_Coordinator_Data)
TEN,2018,oc,Matt LaFleur,pfr-derived (jchernak96/NFL_Coordinator_Data)
TEN,2018,dc,Dean Pees,pfr-derived (jchernak96/NFL_Coordinator_Data)
TEN,2019,oc,Arthur Smith,pfr-derived (jchernak96/NFL_Coordinator_Data)
TEN,2019,dc,Dean Pees,pfr-derived (jchernak96/NFL_Coordinator_Data)
TEN,2020,oc,Arthur Smith,pfr-derived (jchernak96/NFL_Coordinator_Data)
TEN,2020,dc,Mike Vrabel,pfr-derived (jchernak96/NFL_Coordinator_Data)
TEN,2021,oc,Todd Downing,pfr-derived (jchernak96/NFL_Coordinator_Data)
TEN,2021,dc,Shane Bowen,pfr-derived (jchernak96/NFL_Coordinator_Data)
WAS,2006,oc,"Don Breaux, Al Saunders",pfr-derived (jchernak96/NFL_Coordinator_Data)
WAS,2006,dc,Gregg Williams,pfr-derived (jchernak96/NFL_Coordinator_Data)
WAS,2007,oc,"Don Breaux, Al Saunders",pfr-derived (jchernak96/NFL_Coordinator_Data)
WAS,2007,dc,Gregg Williams,pfr-derived (jchernak96/NFL_Coordinator_Data)
WAS,2008,oc,Sherman Smith,pfr-derived (jchernak96/NFL_Coordinator_Data)
WAS,2008,dc,Greg Blache,pfr-derived (jchernak96/NFL_Coordinator_Data)
WAS,2009,oc,Sherman Smith,pfr-derived (jchernak96/NFL_Coordinator_Data)
WAS,2009,dc,Greg Blache,pfr-derived (jchernak96/NFL_Coordinator_Data)
WAS,2010,oc,Kyle Shanahan,pfr-derived (jchernak96/NFL_Coordinator_Data)
WAS,2010,dc,Jim Haslett,pfr-derived (jchernak96/NFL_Coordinator_Data)
WAS,2011,oc,Kyle Shanahan,pfr-derived (jchernak96/NFL_Coordinator_Data)
WAS,2011,dc,Jim Haslett,pfr-derived (jchernak96/NFL_Coordinator_Data)
WAS,2012,oc,Kyle Shanahan,pfr-derived (jchernak96/NFL_Coordinator_Data)
WAS,2012,dc,Jim Haslett,pfr-derived (jchernak96/NFL_Coordinator_Data)
WAS,2013,oc,Kyle Shanahan,pfr-derived (jchernak96/NFL_Coordinator_Data)
WAS,2013,dc,Jim Haslett,pfr-derived (jchernak96/NFL_Coordinator_Data)
WAS,2014,oc,Sean McVay,pfr-derived (jchernak96/NFL_Coordinator_Data)
WAS,2014,dc,Jim Haslett,pfr-derived (jchernak96/NFL_Coordinator_Data)
WAS,2015,oc,Sean McVay,pfr-derived (jchernak96/NFL_Coordinator_Data)
WAS,2015,dc,Joe Barry,pfr-derived (jchernak96/NFL_Coordinator_Data)
WAS,2016,oc,Sean McVay,pfr-derived (jchernak96/NFL_Coordinator_Data)
WAS,2016,dc,Joe Barry,pfr-derived (jchernak96/NFL_Coordinator_Data)
WAS,2017,oc,Matt Cavanaugh,pfr-derived (jchernak96/NFL_Coordinator_Data)
WAS,2017,dc,Greg Manusky,pfr-derived (jchernak96/NFL_Coordinator_Data)
WAS,2018,oc,Matt Cavanaugh,pfr-derived (jchernak96/NFL_Coordinator_Data)
WAS,2018,dc,Greg Manusky,pfr-derived (jchernak96/NFL_Coordinator_Data)
WAS,2019,oc,Kevin O'Connell,pfr-derived (jchernak96/NFL_Coordinator_Data)
WAS,2019,dc,Greg Manusky,pfr-derived (jchernak96/NFL_Coordinator_Data)
WAS,2020,oc,Scott Turner,pfr-derived (jchernak96/NFL_Coordinator_Data)
WAS,2020,dc,Jack Del Rio,pfr-derived (jchernak96/NFL_Coordinator_Data)
WAS,2021,oc,Scott Turner,pfr-derived (jchernak96/NFL_Coordinator_Data)
WAS,2021,dc,Jack Del Rio,pfr-derived (jchernak96/NFL_Coordinator_Data)
ARI,2022,dc,Vance Joseph,wikipedia team-season page
ARI,2022,hc,Kliff Kingsbury,wikipedia team-season page
ARI,2023,oc,Drew Petzing,wikipedia team-season page
ARI,2023,dc,Nick Rallis,wikipedia team-season page
ARI,2023,hc,Jonathan Gannon,wikipedia team-season page
ARI,2024,oc,Drew Petzing,wikipedia team-season page
ARI,2024,dc,Nick Rallis,wikipedia team-season page
ARI,2024,hc,Jonathan Gannon,wikipedia team-season page
ARI,2025,oc,Drew Petzing,wikipedia team-season page
ARI,2025,dc,Nick Rallis,wikipedia team-season page
ARI,2025,hc,Jonathan Gannon,wikipedia team-season page
ATL,2022,oc,Dave Ragone,wikipedia team-season page
ATL,2022,dc,Dean Pees,wikipedia team-season page
ATL,2022,hc,Arthur Smith,wikipedia team-season page
ATL,2023,oc,Dave Ragone,wikipedia team-season page
ATL,2023,dc,Ryan Nielsen,wikipedia team-season page
ATL,2023,hc,Arthur Smith,wikipedia team-season page
ATL,2024,oc,Zac Robinson,wikipedia team-season page
ATL,2024,dc,Jimmy Lake,wikipedia team-season page
ATL,2024,hc,Raheem Morris,wikipedia team-season page
ATL,2025,oc,Zac Robinson,wikipedia team-season page
ATL,2025,dc,Jeff Ulbrich,wikipedia team-season page
ATL,2025,hc,Raheem Morris,wikipedia team-season page
BAL,2022,oc,Greg Roman,wikipedia team-season page
BAL,2022,dc,Mike Macdonald,wikipedia team-season page
BAL,2022,hc,John Harbaugh,wikipedia team-season page
BAL,2023,oc,Todd Monken,wikipedia team-season page
BAL,2023,dc,Mike Macdonald,wikipedia team-season page
BAL,2023,hc,John Harbaugh,wikipedia team-season page
BAL,2024,oc,Todd Monken,wikipedia team-season page
BAL,2024,dc,Zach Orr,wikipedia team-season page
BAL,2024,hc,John Harbaugh,wikipedia team-season page
BAL,2025,oc,Todd Monken,wikipedia team-season page
BAL,2025,dc,Zach Orr,wikipedia team-season page
BAL,2025,hc,John Harbaugh,wikipedia team-season page
BUF,2022,oc,Ken Dorsey,wikipedia team-season page
BUF,2022,dc,Leslie Frazier,wikipedia team-season page
BUF,2022,hc,Sean McDermott,wikipedia team-season page
BUF,2023,oc,"Joe Brady, Ken Dorsey",wikipedia team-season page
BUF,2023,hc,Sean McDermott,wikipedia team-season page
BUF,2024,oc,Joe Brady,wikipedia team-season page
BUF,2024,dc,Bobby Babich,wikipedia team-season page
BUF,2024,hc,Sean McDermott,wikipedia team-season page
BUF,2025,oc,Joe Brady,wikipedia team-season page
BUF,2025,dc,Bobby Babich,wikipedia team-season page
BUF,2025,hc,Sean McDermott,wikipedia team-season page
CAR,2022,oc,Ben McAdoo,wikipedia team-season page
CAR,2022,dc,"Al Holcomb, Phil Snow",wikipedia team-season page
CAR,2022,hc,Matt Rhule,wikipedia team-season page
CAR,2023,oc,Thomas Brown,wikipedia team-season page
CAR,2023,dc,Ejiro Evero,wikipedia team-season page
CAR,2023,hc,Frank Reich; fired on November 27,wikipedia team-season page
CAR,2024,oc,Brad Idzik,wikipedia team-season page
CAR,2024,dc,Ejiro Evero,wikipedia team-season page
CAR,2024,hc,Dave Canales,wikipedia team-season page
CAR,2025,oc,Brad Idzik,wikipedia team-season page
CAR,2025,dc,Ejiro Evero,wikipedia team-season page
CAR,2025,hc,Dave Canales,wikipedia team-season page
CHI,2022,oc,Luke Getsy,wikipedia team-season page
CHI,2022,dc,Alan Williams,wikipedia team-season page
CHI,2022,hc,Matt Eberflus,wikipedia team-season page
CHI,2023,oc,Luke Getsy,wikipedia team-season page
CHI,2023,dc,Alan Williams,wikipedia team-season page
CHI,2023,hc,Matt Eberflus,wikipedia team-season page
CHI,2024,oc,Shane Waldron,wikipedia team-season page
CHI,2024,dc,Eric Washington,wikipedia team-season page
CHI,2024,hc,Matt Eberflus,wikipedia team-season page
CHI,2025,oc,Declan Doyle,wikipedia team-season page
CHI,2025,dc,Dennis Allen,wikipedia team-season page
CHI,2025,hc,Ben Johnson,wikipedia team-season page
CIN,2022,oc,Brian Callahan,wikipedia team-season page
CIN,2022,dc,Lou Anarumo,wikipedia team-season page
CIN,2022,hc,Zac Taylor,wikipedia team-season page
CIN,2023,oc,Brian Callahan,wikipedia team-season page
CIN,2023,dc,Lou Anarumo,wikipedia team-season page
CIN,2023,hc,Zac Taylor,wikipedia team-season page
CIN,2024,oc,Dan Pitcher,wikipedia team-season page
CIN,2024,dc,Lou Anarumo,wikipedia team-season page
CIN,2024,hc,Zac Taylor,wikipedia team-season page
CIN,2025,oc,Dan Pitcher,wikipedia team-season page
CIN,2025,dc,Al Golden,wikipedia team-season page
CIN,2025,hc,Zac Taylor,wikipedia team-season page
CLE,2022,oc,Alex Van Pelt,wikipedia team-season page
CLE,2022,dc,Joe Woods,wikipedia team-season page
CLE,2022,hc,Kevin Stefanski,wikipedia team-season page
CLE,2023,oc,Alex Van Pelt,wikipedia team-season page
CLE,2023,dc,Jim Schwartz,wikipedia team-season page
CLE,2023,hc,Kevin Stefanski,wikipedia team-season page
CLE,2024,oc,Ken Dorsey,wikipedia team-season page
CLE,2024,dc,Jim Schwartz,wikipedia team-season page
CLE,2024,hc,Kevin Stefanski,wikipedia team-season page
CLE,2025,oc,Tommy Rees,wikipedia team-season page
CLE,2025,dc,Jim Schwartz,wikipedia team-season page
CLE,2025,hc,Kevin Stefanski,wikipedia team-season page
DAL,2022,oc,Kellen Moore,wikipedia team-season page
DAL,2022,dc,Dan Quinn,wikipedia team-season page
DAL,2022,hc,Mike McCarthy,wikipedia team-season page
DAL,2023,oc,Brian Schottenheimer,wikipedia team-season page
DAL,2023,dc,Dan Quinn,wikipedia team-season page
DAL,2023,hc,Mike McCarthy,wikipedia team-season page
DAL,2024,oc,Brian Schottenheimer,wikipedia team-season page
DAL,2024,dc,Mike Zimmer,wikipedia team-season page
DAL,2024,hc,Mike McCarthy,wikipedia team-season page
DAL,2025,oc,Klayton Adams,wikipedia team-season page
DAL,2025,dc,Matt Eberflus,wikipedia team-season page
DAL,2025,hc,Brian Schottenheimer,wikipedia team-season page
DEN,2022,oc,Justin Outten,wikipedia team-season page
DEN,2022,dc,Ejiro Evero,wikipedia team-season page
DEN,2022,hc,Nathaniel Hackett,wikipedia team-season page
DEN,2023,oc,Joe Lombardi,wikipedia team-season page
DEN,2023,dc,Vance Joseph,wikipedia team-season page
DEN,2023,hc,Sean Payton,wikipedia team-season page
DEN,2024,oc,Joe Lombardi,wikipedia team-season page
DEN,2024,dc,Vance Joseph,wikipedia team-season page
DEN,2024,hc,Sean Payton,wikipedia team-season page
DEN,2025,oc,Joe Lombardi,wikipedia team-season page
DEN,2025,dc,Vance Joseph,wikipedia team-season page
DEN,2025,hc,Sean Payton,wikipedia team-season page
DET,2022,oc,Ben Johnson,wikipedia team-season page
DET,2022,dc,Aaron Glenn,wikipedia team-season page
DET,2022,hc,Dan Campbell,wikipedia team-season page
DET,2023,oc,Ben Johnson,wikipedia team-season page
DET,2023,dc,Aaron Glenn,wikipedia team-season page
DET,2023,hc,Dan Campbell,wikipedia team-season page
DET,2024,oc,Ben Johnson,wikipedia team-season page
DET,2024,dc,Aaron Glenn,wikipedia team-season page
DET,2024,hc,Dan Campbell,wikipedia team-season page
DET,2025,oc,John Morton,wikipedia team-season page
DET,2025,dc,Kelvin Sheppard,wikipedia team-season page
DET,2025,hc,Dan Campbell,wikipedia team-season page
GB,2022,oc,Adam Stenavich,wikipedia team-season page
GB,2022,dc,Joe Barry,wikipedia team-season page
GB,2022,hc,Matt LaFleur,wikipedia team-season page
GB,2023,oc,Adam Stenavich,wikipedia team-season page
GB,2023,dc,Joe Barry,wikipedia team-season page
GB,2023,hc,Matt LaFleur,wikipedia team-season page
GB,2024,oc,Adam Stenavich,wikipedia team-season page
GB,2024,dc,Jeff Hafley,wikipedia team-season page
GB,2024,hc,Matt LaFleur,wikipedia team-season page
GB,2025,oc,Adam Stenavich,wikipedia team-season page
GB,2025,hc,Matt LaFleur,wikipedia team-season page
HOU,2022,oc,Pep Hamilton,wikipedia team-season page
HOU,2022,hc,Lovie Smith,wikipedia team-season page
HOU,2023,oc,Bobby Slowik,wikipedia team-season page
HOU,2023,dc,Matt Burke,wikipedia team-season page
HOU,2023,hc,DeMeco Ryans,wikipedia team-season page
HOU,2024,oc,Bobby Slowik,wikipedia team-season page
HOU,2024,dc,Matt Burke,wikipedia team-season page
HOU,2024,hc,DeMeco Ryans,wikipedia team-season page
HOU,2025,oc,Nick Caley,wikipedia team-season page
HOU,2025,dc,Matt Burke,wikipedia team-season page
HOU,2025,hc,DeMeco Ryans,wikipedia team-season page
IND,2022,oc,Marcus Brady,wikipedia team-season page
IND,2022,dc,Gus Bradley,wikipedia team-season page
IND,2022,hc,Jeff Saturday,wikipedia team-season page
IND,2023,oc,Jim Bob Cooter,wikipedia team-season page
IND,2023,dc,Gus Bradley,wikipedia team-season page
IND,2023,hc,Shane Steichen,wikipedia team-season page
IND,2024,oc,Jim Bob Cooter,wikipedia team-season page
IND,2024,dc,Gus Bradley,wikipedia team-season page
IND,2024,hc,Shane Steichen,wikipedia team-season page
IND,2025,oc,Jim Bob Cooter,wikipedia team-season page
IND,2025,dc,Lou Anarumo,wikipedia team-season page
IND,2025,hc,Shane Steichen,wikipedia team-season page
JAX,2022,oc,Press Taylor,wikipedia team-season page
JAX,2022,dc,Mike Caldwell,wikipedia team-season page
JAX,2022,hc,Doug Pederson,wikipedia team-season page
JAX,2023,oc,Press Taylor,wikipedia team-season page
JAX,2023,dc,Mike Caldwell,wikipedia team-season page
JAX,2023,hc,Doug Pederson,wikipedia team-season page
JAX,2024,oc,Press Taylor,wikipedia team-season page
JAX,2024,dc,Ryan Nielsen,wikipedia team-season page
JAX,2024,hc,Doug Pederson,wikipedia team-season page
JAX,2025,oc,Grant Udinski,wikipedia team-season page
JAX,2025,dc,Anthony Campanile,wikipedia team-season page
JAX,2025,hc,Liam Coen,wikipedia team-season page
KC,2022,oc,Eric Bieniemy,wikipedia team-season page
KC,2022,dc,Steve Spagnuolo,wikipedia team-season page
KC,2022,hc,Andy Reid,wikipedia team-season page
KC,2023,oc,Matt Nagy,wikipedia team-season page
KC,2023,dc,Steve Spagnuolo,wikipedia team-season page
KC,2023,hc,Andy Reid,wikipedia team-season page
KC,2024,oc,Matt Nagy,wikipedia team-season page
KC,2024,dc,Steve Spagnuolo,wikipedia team-season page
KC,2024,hc,Andy Reid,wikipedia team-season page
KC,2025,oc,Matt Nagy,wikipedia team-season page
KC,2025,dc,Steve Spagnuolo,wikipedia team-season page
KC,2025,hc,Andy Reid,wikipedia team-season page
LAC,2022,oc,Joe Lombardi,wikipedia team-season page
LAC,2022,dc,Renaldo Hill,wikipedia team-season page
LAC,2022,hc,Brandon Staley,wikipedia team-season page
LAC,2023,oc,Kellen Moore,wikipedia team-season page
LAC,2023,dc,Derrick Ansley,wikipedia team-season page
LAC,2023,hc,Brandon Staley,wikipedia team-season page
LAC,2024,oc,Greg Roman,wikipedia team-season page
LAC,2024,dc,Jesse Minter,wikipedia team-season page
LAC,2024,hc,Jim Harbaugh,wikipedia team-season page
LAC,2025,oc,Greg Roman,wikipedia team-season page
LAC,2025,dc,Jesse Minter,wikipedia team-season page
LAC,2025,hc,Jim Harbaugh,wikipedia team-season page
LA,2022,oc,Liam Coen,wikipedia team-season page
LA,2022,dc,Raheem Morris,wikipedia team-season page
LA,2022,hc,Sean McVay,wikipedia team-season page
LA,2023,oc,Mike LaFleur,wikipedia team-season page
LA,2023,dc,Raheem Morris,wikipedia team-season page
LA,2023,hc,Sean McVay,wikipedia team-season page
LA,2024,oc,Mike LaFleur,wikipedia team-season page
LA,2024,dc,Chris Shula,wikipedia team-season page
LA,2024,hc,Sean McVay,wikipedia team-season page
LA,2025,oc,Mike LaFleur,wikipedia team-season page
LA,2025,dc,Chris Shula,wikipedia team-season page
LA,2025,hc,Sean McVay,wikipedia team-season page
LV,2022,oc,Mick Lombardi,wikipedia team-season page
LV,2022,dc,Patrick Graham,wikipedia team-season page
LV,2022,hc,Josh McDaniels,wikipedia team-season page
LV,2023,oc,Mick Lombardi,wikipedia team-season page
LV,2023,dc,Patrick Graham,wikipedia team-season page
LV,2023,hc,Josh McDaniels,wikipedia team-season page
LV,2024,oc,Luke Getsy,wikipedia team-season page
LV,2024,dc,Patrick Graham,wikipedia team-season page
LV,2024,hc,Antonio Pierce,wikipedia team-season page
LV,2025,oc,"Chip Kelly, Greg Olson",wikipedia team-season page
LV,2025,dc,Patrick Graham,wikipedia team-season page
LV,2025,hc,Pete Carroll,wikipedia team-season page
MIA,2022,oc,Frank Smith,wikipedia team-season page
MIA,2022,dc,Vic Fangio,wikipedia team-season page
MIA,2022,hc,Mike McDaniel,wikipedia team-season page
MIA,2023,oc,Frank Smith,wikipedia team-season page
MIA,2023,dc,Vic Fangio,wikipedia team-season page
MIA,2023,hc,Mike McDaniel,wikipedia team-season page
MIA,2024,oc,Frank Smith,wikipedia team-season page
MIA,2024,dc,Anthony Weaver,wikipedia team-season page
MIA,2024,hc,Mike McDaniel,wikipedia team-season page
MIA,2025,oc,Frank Smith,wikipedia team-season page
MIA,2025,dc,Anthony Weaver,wikipedia team-season page
MIA,2025,hc,Mike McDaniel,wikipedia team-season page
MIN,2022,oc,Wes Phillips,wikipedia team-season page
MIN,2022,dc,Ed Donatell,wikipedia team-season page
MIN,2022,hc,Kevin O'Connell,wikipedia team-season page
MIN,2023,oc,Wes Phillips,wikipedia team-season page
MIN,2023,dc,Brian Flores,wikipedia team-season page
MIN,2023,hc,Kevin O'Connell,wikipedia team-season page
MIN,2024,oc,Wes Phillips,wikipedia team-season page
MIN,2024,dc,Brian Flores,wikipedia team-season page
MIN,2024,hc,Kevin O'Connell,wikipedia team-season page
MIN,2025,oc,Wes Phillips,wikipedia team-season page
MIN,2025,dc,Brian Flores,wikipedia team-season page
MIN,2025,hc,Kevin O'Connell,wikipedia team-season page
NE,2022,hc,Bill Belichick,wikipedia team-season page
NE,2023,oc,Bill O'Brien,wikipedia team-season page
NE,2023,hc,Bill Belichick,wikipedia team-season page
NE,2024,oc,Alex Van Pelt,wikipedia team-season page
NE,2024,dc,DeMarcus Covington,wikipedia team-season page
NE,2024,hc,Jerod Mayo,wikipedia team-season page
NE,2025,oc,Josh McDaniels,wikipedia team-season page
NE,2025,dc,Terrell Williams,wikipedia team-season page
NE,2025,hc,Mike Vrabel,wikipedia team-season page
NO,2022,oc,Pete Carmichael Jr.,wikipedia team-season page
NO,2022,dc,Ryan Nielsen and Kris Richard,wikipedia team-season page
NO,2022,hc,Dennis Allen,wikipedia team-season page
NO,2023,oc,Pete Carmichael,wikipedia team-season page
NO,2023,dc,Joe Woods,wikipedia team-season page
NO,2023,hc,Dennis Allen,wikipedia team-season page
NO,2024,oc,Klint Kubiak,wikipedia team-season page
NO,2024,dc,Joe Woods,wikipedia team-season page
NO,2024,hc,Dennis Allen,wikipedia team-season page
NO,2025,oc,Doug Nussmeier,wikipedia team-season page
NO,2025,dc,Brandon Staley,wikipedia team-season page
NO,2025,hc,Kellen Moore,wikipedia team-season page
NYG,2022,oc,Mike Kafka,wikipedia team-season page
NYG,2022,dc,Don Martindale,wikipedia team-season page
NYG,2022,hc,Brian Daboll,wikipedia team-season page
NYG,2023,oc,Mike Kafka,wikipedia team-season page
NYG,2023,dc,Don Martindale,wikipedia team-season page
NYG,2023,hc,Brian Daboll,wikipedia team-season page
NYG,2024,oc,Mike Kafka,wikipedia team-season page
NYG,2024,dc,Shane Bowen,wikipedia team-season page
NYG,2024,hc,Brian Daboll,wikipedia team-season page
NYG,2025,oc,Mike Kafka,wikipedia team-season page
NYG,2025,dc,"Shane Bowen, Charlie Bullen",wikipedia team-season page
NYG,2025,hc,Brian Daboll,wikipedia team-season page
NYJ,2022,oc,Mike LaFleur,wikipedia team-season page
NYJ,2022,dc,Jeff Ulbrich,wikipedia team-season page
NYJ,2022,hc,Robert Saleh,wikipedia team-season page
NYJ,2023,oc,Nathaniel Hackett,wikipedia team-season page
NYJ,2023,dc,Jeff Ulbrich,wikipedia team-season page
NYJ,2023,hc,Robert Saleh,wikipedia team-season page
NYJ,2024,oc,Nathaniel Hackett,wikipedia team-season page
NYJ,2024,dc,Jeff Ulbrich,wikipedia team-season page
NYJ,2024,hc,Robert Saleh,wikipedia team-season page
NYJ,2025,oc,Tanner Engstrand,wikipedia team-season page
NYJ,2025,dc,Steve Wilks,wikipedia team-season page
NYJ,2025,hc,Aaron Glenn,wikipedia team-season page
PHI,2022,oc,Shane Steichen,wikipedia team-season page
PHI,2022,dc,Jonathan Gannon,wikipedia team-season page
PHI,2022,hc,Nick Sirianni,wikipedia team-season page
PHI,2023,oc,Brian Johnson,wikipedia team-season page
PHI,2023,dc,Sean Desai,wikipedia team-season page
PHI,2023,hc,Nick Sirianni,wikipedia team-season page
PHI,2024,oc,Kellen Moore,wikipedia team-season page
PHI,2024,dc,Vic Fangio,wikipedia team-season page
PHI,2024,hc,Nick Sirianni,wikipedia team-season page
PHI,2025,oc,Kevin Patullo,wikipedia team-season page
PHI,2025,dc,Vic Fangio,wikipedia team-season page
PHI,2025,hc,Nick Sirianni,wikipedia team-season page
PIT,2022,oc,Matt Canada,wikipedia team-season page
PIT,2022,dc,Teryl Austin,wikipedia team-season page
PIT,2022,hc,Mike Tomlin,wikipedia team-season page
PIT,2023,oc,Matt Canada,wikipedia team-season page
PIT,2023,dc,Teryl Austin,wikipedia team-season page
PIT,2023,hc,Mike Tomlin,wikipedia team-season page
PIT,2024,oc,Arthur Smith,wikipedia team-season page
PIT,2024,dc,Teryl Austin,wikipedia team-season page
PIT,2024,hc,Mike Tomlin,wikipedia team-season page
PIT,2025,oc,Arthur Smith,wikipedia team-season page
PIT,2025,dc,Teryl Austin,wikipedia team-season page
PIT,2025,hc,Mike Tomlin,wikipedia team-season page
SEA,2022,oc,Shane Waldron,wikipedia team-season page
SEA,2022,dc,Clint Hurtt,wikipedia team-season page
SEA,2022,hc,Pete Carroll,wikipedia team-season page
SEA,2023,oc,Shane Waldron,wikipedia team-season page
SEA,2023,dc,Clint Hurtt,wikipedia team-season page
SEA,2023,hc,Pete Carroll,wikipedia team-season page
SEA,2024,oc,Ryan Grubb,wikipedia team-season page
SEA,2024,dc,Aden Durde,wikipedia team-season page
SEA,2024,hc,Mike Macdonald,wikipedia team-season page
SEA,2025,oc,Klint Kubiak,wikipedia team-season page
SEA,2025,dc,Aden Durde,wikipedia team-season page
SEA,2025,hc,Mike Macdonald,wikipedia team-season page
SF,2022,oc,Kyle Shanahan,wikipedia team-season page
SF,2022,dc,DeMeco Ryans,wikipedia team-season page
SF,2022,hc,Kyle Shanahan,wikipedia team-season page
SF,2023,oc,Kyle Shanahan,wikipedia team-season page
SF,2023,dc,Steve Wilks,wikipedia team-season page
SF,2023,hc,Kyle Shanahan,wikipedia team-season page
SF,2024,oc,Kyle Shanahan,wikipedia team-season page
SF,2024,dc,Nick Sorensen,wikipedia team-season page
SF,2024,hc,Kyle Shanahan,wikipedia team-season page
SF,2025,oc,Klay Kubiak,wikipedia team-season page
SF,2025,dc,Robert Saleh,wikipedia team-season page
SF,2025,hc,Kyle Shanahan,wikipedia team-season page
TB,2022,oc,Byron Leftwich,wikipedia team-season page
TB,2022,hc,Todd Bowles,wikipedia team-season page
TB,2023,oc,Dave Canales,wikipedia team-season page
TB,2023,hc,Todd Bowles,wikipedia team-season page
TB,2024,oc,Liam Coen,wikipedia team-season page
TB,2024,hc,Todd Bowles,wikipedia team-season page
TB,2025,oc,Josh Grizzard,wikipedia team-season page
TB,2025,hc,Todd Bowles,wikipedia team-season page
TEN,2022,oc,Todd Downing,wikipedia team-season page
TEN,2022,dc,Shane Bowen,wikipedia team-season page
TEN,2022,hc,Mike Vrabel,wikipedia team-season page
TEN,2023,oc,Tim Kelly,wikipedia team-season page
TEN,2023,dc,Shane Bowen,wikipedia team-season page
TEN,2023,hc,Mike Vrabel,wikipedia team-season page
TEN,2024,oc,Nick Holz,wikipedia team-season page
TEN,2024,dc,Dennard Wilson,wikipedia team-season page
TEN,2024,hc,Brian Callahan,wikipedia team-season page
TEN,2025,oc,Nick Holz,wikipedia team-season page
TEN,2025,dc,Dennard Wilson,wikipedia team-season page
TEN,2025,hc,Brian Callahan,wikipedia team-season page
WAS,2022,oc,Scott Turner,wikipedia team-season page
WAS,2022,dc,Jack Del Rio,wikipedia team-season page
WAS,2022,hc,Ron Rivera,wikipedia team-season page
WAS,2023,oc,Eric Bieniemy,wikipedia team-season page
WAS,2023,hc,Ron Rivera,wikipedia team-season page
WAS,2024,oc,Kliff Kingsbury,wikipedia team-season page
WAS,2024,dc,Joe Whitt Jr.,wikipedia team-season page
WAS,2024,hc,Dan Quinn,wikipedia team-season page
WAS,2025,oc,Kliff Kingsbury,wikipedia team-season page
WAS,2025,dc,Joe Whitt Jr.,wikipedia team-season page
WAS,2025,hc,Dan Quinn,wikipedia team-season page
