event_id,league,season,date,name,away,home,away_score,home_score,completed,status
401207093,CFB,2020,2020-09-03T04:00Z,Jacksonville State Gamecocks at Florida International Panthers,Jacksonville State Gamecocks,Florida International Panthers,0,0,False,Postponed
401212549,CFB,2020,2020-09-03T04:00Z,Rice Owls at Houston Cougars,Rice Owls,Houston Cougars,0,0,False,Postponed
401238035,CFB,2020,2020-09-04T00:00Z,Central Arkansas Bears at UAB Blazers,Central Arkansas Bears,UAB Blazers,35,45,True,Final
401207101,CFB,2020,2020-09-04T01:00Z,South Alabama Jaguars at Southern Mississippi Golden Eagles,South Alabama Jaguars,Southern Mississippi Golden Eagles,32,21,True,Final
401237353,CFB,2020,2020-09-05T17:00Z,Eastern Kentucky Colonels at Marshall Thundering Herd,Eastern Kentucky Colonels,Marshall Thundering Herd,0,59,True,Final
401235700,CFB,2020,2020-09-05T17:30Z,Middle Tennessee Blue Raiders at Army Black Knights,Middle Tennessee Blue Raiders,Army Black Knights,0,42,True,Final
401212484,CFB,2020,2020-09-05T20:30Z,SMU Mustangs at Texas State Bobcats,SMU Mustangs,Texas State Bobcats,31,24,True,Final
401207098,CFB,2020,2020-09-05T23:30Z,Houston Baptist Huskies at North Texas Mean Green,Houston Baptist Huskies,North Texas Mean Green,31,57,True,Final
401212553,CFB,2020,2020-09-06T00:00Z,Arkansas State Red Wolves at Memphis Tigers,Arkansas State Red Wolves,Memphis Tigers,24,37,True,Final
401239884,CFB,2020,2020-09-06T01:00Z,Stephen F. Austin Lumberjacks at UTEP Miners,Stephen F. Austin Lumberjacks,UTEP Miners,14,24,True,Final
401234576,CFB,2020,2020-09-08T00:00Z,BYU Cougars at Navy Midshipmen,BYU Cougars,Navy Midshipmen,55,3,True,Final
401234559,CFB,2020,2020-09-11T00:00Z,UAB Blazers at Miami Hurricanes,UAB Blazers,Miami Hurricanes,14,31,True,Final
401236674,CFB,2020,2020-09-12T01:00Z,SMU Mustangs at TCU Horned Frogs,SMU Mustangs,TCU Horned Frogs,0,0,False,Postponed
401207105,CFB,2020,2020-09-12T04:00Z,Florida International Panthers at UCF Knights,Florida International Panthers,UCF Knights,0,0,False,Postponed
401236374,CFB,2020,2020-09-12T04:00Z,Marshall Thundering Herd at East Carolina Pirates,Marshall Thundering Herd,East Carolina Pirates,0,0,False,Postponed
401234565,CFB,2020,2020-09-12T16:00Z,Syracuse Orange at North Carolina Tar Heels,Syracuse Orange,North Carolina Tar Heels,6,31,True,Final
401236038,CFB,2020,2020-09-12T16:00Z,Eastern Kentucky Colonels at West Virginia Mountaineers,Eastern Kentucky Colonels,West Virginia Mountaineers,10,56,True,Final
401236053,CFB,2020,2020-09-12T16:00Z,Arkansas State Red Wolves at Kansas State Wildcats,Arkansas State Red Wolves,Kansas State Wildcats,35,31,True,Final
401236081,CFB,2020,2020-09-12T16:00Z,Charlotte 49ers at Appalachian State Mountaineers,Charlotte 49ers,Appalachian State Mountaineers,20,35,True,Final
401236221,CFB,2020,2020-09-12T16:00Z,Louisiana Ragin' Cajuns at Iowa State Cyclones,Louisiana Ragin' Cajuns,Iowa State Cyclones,31,14,True,Final
401240296,CFB,2020,2020-09-12T16:00Z,Louisiana Tech Bulldogs at Baylor Bears,Louisiana Tech Bulldogs,Baylor Bears,0,0,False,Postponed
401240113,CFB,2020,2020-09-12T17:30Z,UL Monroe Warhawks at Army Black Knights,UL Monroe Warhawks,Army Black Knights,7,37,True,Final
401234574,CFB,2020,2020-09-12T18:30Z,Duke Blue Devils at Notre Dame Fighting Irish,Duke Blue Devils,Notre Dame Fighting Irish,13,27,True,Final
401207113,CFB,2020,2020-09-12T19:30Z,UTSA Roadrunners at Texas State Bobcats,UTSA Roadrunners,Texas State Bobcats,51,48,True,Final
401234563,CFB,2020,2020-09-12T20:00Z,Georgia Tech Yellow Jackets at Florida State Seminoles,Georgia Tech Yellow Jackets,Florida State Seminoles,16,13,True,Final
401240233,CFB,2020,2020-09-12T20:00Z,Austin Peay Governors at Pittsburgh Panthers,Austin Peay Governors,Pittsburgh Panthers,0,55,True,Final
401215298,CFB,2020,2020-09-12T20:14Z,Campbell Fighting Camels at Georgia Southern Eagles,Campbell Fighting Camels,Georgia Southern Eagles,26,27,True,Final
401236054,CFB,2020,2020-09-12T23:00Z,Missouri State Bears at Oklahoma Sooners,Missouri State Bears,Oklahoma Sooners,0,48,True,Final
401240039,CFB,2020,2020-09-12T23:00Z,The Citadel Bulldogs at South Florida Bulls,The Citadel Bulldogs,South Florida Bulls,6,27,True,Final
401234562,CFB,2020,2020-09-12T23:30Z,Clemson Tigers at Wake Forest Demon Deacons,Clemson Tigers,Wake Forest Demon Deacons,37,13,True,Final
401239973,CFB,2020,2020-09-12T23:30Z,Tulane Green Wave at South Alabama Jaguars,Tulane Green Wave,South Alabama Jaguars,27,24,True,Final
401234564,CFB,2020,2020-09-13T00:00Z,Western Kentucky Hilltoppers at Louisville Cardinals,Western Kentucky Hilltoppers,Louisville Cardinals,21,35,True,Final
401236039,CFB,2020,2020-09-13T00:00Z,Houston Baptist Huskies at Texas Tech Red Raiders,Houston Baptist Huskies,Texas Tech Red Raiders,33,35,True,Final
401236222,CFB,2020,2020-09-13T00:00Z,UTEP Miners at Texas Longhorns,UTEP Miners,Texas Longhorns,3,59,True,Final
401236658,CFB,2020,2020-09-13T02:00Z,Coastal Carolina Chanticleers at Kansas Jayhawks,Coastal Carolina Chanticleers,Kansas Jayhawks,38,23,True,Final
401240126,CFB,2020,2020-09-18T23:30Z,Campbell Fighting Camels at Coastal Carolina Chanticleers,Campbell Fighting Camels,Coastal Carolina Chanticleers,21,43,True,Final
401207124,CFB,2020,2020-09-19T16:00Z,Liberty Flames at Western Kentucky Hilltoppers,Liberty Flames,Western Kentucky Hilltoppers,30,24,True,Final
401212522,CFB,2020,2020-09-19T16:00Z,Navy Midshipmen at Tulane Green Wave,Navy Midshipmen,Tulane Green Wave,27,24,True,Final
401212541,CFB,2020,2020-09-19T16:00Z,Austin Peay Governors at Cincinnati Bearcats,Austin Peay Governors,Cincinnati Bearcats,20,55,True,Final
401215301,CFB,2020,2020-09-19T16:00Z,Louisiana Ragin' Cajuns at Georgia State Panthers,Louisiana Ragin' Cajuns,Georgia State Panthers,34,31,True,Final
401234567,CFB,2020,2020-09-19T16:00Z,Boston College Eagles at Duke Blue Devils,Boston College Eagles,Duke Blue Devils,26,6,True,Final
401234571,CFB,2020,2020-09-19T16:00Z,Syracuse Orange at Pittsburgh Panthers,Syracuse Orange,Pittsburgh Panthers,10,21,True,Final
401236041,CFB,2020,2020-09-19T16:00Z,Tulsa Golden Hurricane at Oklahoma State Cowboys,Tulsa Golden Hurricane,Oklahoma State Cowboys,7,16,True,Final
401245593,CFB,2020,2020-09-19T16:00Z,Houston Cougars at Baylor Bears,Houston Cougars,Baylor Bears,0,0,False,Postponed
401241282,CFB,2020,2020-09-19T18:30Z,South Florida Bulls at Notre Dame Fighting Irish,South Florida Bulls,Notre Dame Fighting Irish,0,52,True,Final
401207116,CFB,2020,2020-09-19T19:30Z,Florida Atlantic Owls at Georgia Southern Eagles,Florida Atlantic Owls,Georgia Southern Eagles,0,0,False,Postponed
401234568,CFB,2020,2020-09-19T19:30Z,UCF Knights at Georgia Tech Yellow Jackets,UCF Knights,Georgia Tech Yellow Jackets,49,21,True,Final
401236939,CFB,2020,2020-09-19T19:30Z,Appalachian State Mountaineers at Marshall Thundering Herd,Appalachian State Mountaineers,Marshall Thundering Herd,7,17,True,Final
401239869,CFB,2020,2020-09-19T19:30Z,BYU Cougars at Army Black Knights,BYU Cougars,Army Black Knights,0,0,False,Postponed
401240041,CFB,2020,2020-09-19T19:30Z,Stephen F. Austin Lumberjacks at UTSA Roadrunners,Stephen F. Austin Lumberjacks,UTSA Roadrunners,10,24,True,Final
401240640,CFB,2020,2020-09-19T19:30Z,Troy Trojans at Middle Tennessee Blue Raiders,Troy Trojans,Middle Tennessee Blue Raiders,47,14,True,Final
401237492,CFB,2020,2020-09-19T20:00Z,The Citadel Bulldogs at Clemson Tigers,The Citadel Bulldogs,Clemson Tigers,0,49,True,Final
401207120,CFB,2020,2020-09-19T22:00Z,SMU Mustangs at North Texas Mean Green,SMU Mustangs,North Texas Mean Green,65,35,True,Final
401235041,CFB,2020,2020-09-19T23:00Z,Central Arkansas Bears at Arkansas State Red Wolves,Central Arkansas Bears,Arkansas State Red Wolves,0,0,False,Postponed
401207106,CFB,2020,2020-09-19T23:30Z,Louisiana Tech Bulldogs at Southern Mississippi Golden Eagles,Louisiana Tech Bulldogs,Southern Mississippi Golden Eagles,31,30,True,Final
401215302,CFB,2020,2020-09-19T23:30Z,Texas State Bobcats at UL Monroe Warhawks,Texas State Bobcats,UL Monroe Warhawks,38,17,True,Final
401234569,CFB,2020,2020-09-19T23:30Z,Miami Hurricanes at Louisville Cardinals,Miami Hurricanes,Louisville Cardinals,47,34,True,Final
401234570,CFB,2020,2020-09-20T00:00Z,Wake Forest Demon Deacons at NC State Wolfpack,Wake Forest Demon Deacons,NC State Wolfpack,42,45,True,Final
401239885,CFB,2020,2020-09-20T01:00Z,Abilene Christian Wildcats at UTEP Miners,Abilene Christian Wildcats,UTEP Miners,13,17,True,Final
401207132,CFB,2020,2020-09-24T23:30Z,UAB Blazers at South Alabama Jaguars,UAB Blazers,South Alabama Jaguars,42,10,True,Final
401207134,CFB,2020,2020-09-26T00:00Z,Middle Tennessee Blue Raiders at UTSA Roadrunners,Middle Tennessee Blue Raiders,UTSA Roadrunners,35,37,True,Final
401207125,CFB,2020,2020-09-26T16:00Z,Georgia State Panthers at Charlotte 49ers,Georgia State Panthers,Charlotte 49ers,0,0,False,Postponed
401212536,CFB,2020,2020-09-26T16:00Z,UCF Knights at East Carolina Pirates,UCF Knights,East Carolina Pirates,51,28,True,Final
401215303,CFB,2020,2020-09-26T16:00Z,Georgia Southern Eagles at Louisiana Ragin' Cajuns,Georgia Southern Eagles,Louisiana Ragin' Cajuns,18,20,True,Final
401234594,CFB,2020,2020-09-26T16:00Z,Georgia Tech Yellow Jackets at Syracuse Orange,Georgia Tech Yellow Jackets,Syracuse Orange,20,37,True,Final
401234595,CFB,2020,2020-09-26T16:00Z,Louisville Cardinals at Pittsburgh Panthers,Louisville Cardinals,Pittsburgh Panthers,20,23,True,Final
401234596,CFB,2020,2020-09-26T16:00Z,Notre Dame Fighting Irish at Wake Forest Demon Deacons,Notre Dame Fighting Irish,Wake Forest Demon Deacons,0,0,False,Postponed
401235996,CFB,2020,2020-09-26T16:00Z,Kansas State Wildcats at Oklahoma Sooners,Kansas State Wildcats,Oklahoma Sooners,38,35,True,Final
401236253,CFB,2020,2020-09-26T16:00Z,Campbell Fighting Camels at Appalachian State Mountaineers,Campbell Fighting Camels,Appalachian State Mountaineers,21,52,True,Final
401236952,CFB,2020,2020-09-26T16:00Z,Florida Gators at Ole Miss Rebels,Florida Gators,Ole Miss Rebels,51,35,True,Final
401237034,CFB,2020,2020-09-26T16:00Z,Kentucky Wildcats at Auburn Tigers,Kentucky Wildcats,Auburn Tigers,13,29,True,Final
401207126,CFB,2020,2020-09-26T17:00Z,Florida International Panthers at Liberty Flames,Florida International Panthers,Liberty Flames,34,36,True,Final
401235994,CFB,2020,2020-09-26T17:30Z,Iowa State Cyclones at TCU Horned Frogs,Iowa State Cyclones,TCU Horned Frogs,37,34,True,Final
401234734,CFB,2020,2020-09-26T18:30Z,Tulane Green Wave at Southern Mississippi Golden Eagles,Tulane Green Wave,Southern Mississippi Golden Eagles,66,24,True,Final
401212530,CFB,2020,2020-09-26T19:30Z,Tulsa Golden Hurricane at Arkansas State Red Wolves,Tulsa Golden Hurricane,Arkansas State Red Wolves,0,0,False,Postponed
401235995,CFB,2020,2020-09-26T19:30Z,Texas Longhorns at Texas Tech Red Raiders,Texas Longhorns,Texas Tech Red Raiders,63,56,True,Final
401235997,CFB,2020,2020-09-26T19:30Z,West Virginia Mountaineers at Oklahoma State Cowboys,West Virginia Mountaineers,Oklahoma State Cowboys,13,27,True,Final
401237035,CFB,2020,2020-09-26T19:30Z,Mississippi State Bulldogs at LSU Tigers,Mississippi State Bulldogs,LSU Tigers,44,34,True,Final
401240194,CFB,2020,2020-09-26T19:30Z,UTEP Miners at UL Monroe Warhawks,UTEP Miners,UL Monroe Warhawks,31,6,True,Final
401240996,CFB,2020,2020-09-26T19:30Z,Army Black Knights at Cincinnati Bearcats,Army Black Knights,Cincinnati Bearcats,10,24,True,Final
401234638,CFB,2020,2020-09-26T20:00Z,Duke Blue Devils at Virginia Cavaliers,Duke Blue Devils,Virginia Cavaliers,20,38,True,Final
401237033,CFB,2020,2020-09-26T20:00Z,Georgia Bulldogs at Arkansas Razorbacks,Georgia Bulldogs,Arkansas Razorbacks,37,10,True,Final
401207127,CFB,2020,2020-09-26T22:00Z,South Florida Bulls at Florida Atlantic Owls,South Florida Bulls,Florida Atlantic Owls,0,0,False,Postponed
401241303,CFB,2020,2020-09-26T22:00Z,Texas State Bobcats at Boston College Eagles,Texas State Bobcats,Boston College Eagles,21,24,True,Final
401207130,CFB,2020,2020-09-26T23:00Z,North Texas Mean Green at Houston Cougars,North Texas Mean Green,Houston Cougars,0,0,False,Postponed
401212485,CFB,2020,2020-09-26T23:00Z,Stephen F. Austin Lumberjacks at SMU Mustangs,Stephen F. Austin Lumberjacks,SMU Mustangs,7,50,True,Final
401232157,CFB,2020,2020-09-26T23:00Z,Houston Baptist Huskies at Louisiana Tech Bulldogs,Houston Baptist Huskies,Louisiana Tech Bulldogs,38,66,True,Final
401236951,CFB,2020,2020-09-26T23:00Z,Alabama Crimson Tide at Missouri Tigers,Alabama Crimson Tide,Missouri Tigers,38,19,True,Final
401234593,CFB,2020,2020-09-26T23:30Z,Florida State Seminoles at Miami Hurricanes,Florida State Seminoles,Miami Hurricanes,10,52,True,Final
401235993,CFB,2020,2020-09-26T23:30Z,Kansas Jayhawks at Baylor Bears,Kansas Jayhawks,Baylor Bears,14,47,True,Final
401237036,CFB,2020,2020-09-26T23:30Z,Tennessee Volunteers at South Carolina Gamecocks,Tennessee Volunteers,South Carolina Gamecocks,31,27,True,Final
401237037,CFB,2020,2020-09-26T23:30Z,Vanderbilt Commodores at Texas A&M Aggies,Vanderbilt Commodores,Texas A&M Aggies,12,17,True,Final
401234566,CFB,2020,2020-09-27T00:00Z,NC State Wolfpack at Virginia Tech Hokies,NC State Wolfpack,Virginia Tech Hokies,24,45,True,Final
401236381,CFB,2020,2020-09-27T00:00Z,Missouri State Bears at Central Arkansas Bears,Missouri State Bears,Central Arkansas Bears,20,27,True,Final
401236223,CFB,2020,2020-09-27T02:15Z,Troy Trojans at BYU Cougars,Troy Trojans,BYU Cougars,7,48,True,Final
401240282,CFB,2020,2020-10-02T23:00Z,Campbell Fighting Camels at Wake Forest Demon Deacons,Campbell Fighting Camels,Wake Forest Demon Deacons,14,66,True,Final
401246275,CFB,2020,2020-10-03T01:00Z,Louisiana Tech Bulldogs at BYU Cougars,Louisiana Tech Bulldogs,BYU Cougars,14,45,True,Final
401207137,CFB,2020,2020-10-03T04:00Z,Rice Owls at Marshall Thundering Herd,Rice Owls,Marshall Thundering Herd,0,0,False,Postponed
401212547,CFB,2020,2020-10-03T16:00Z,East Carolina Pirates at Georgia State Panthers,East Carolina Pirates,Georgia State Panthers,29,49,True,Final
401215304,CFB,2020,2020-10-03T16:00Z,Arkansas State Red Wolves at Coastal Carolina Chanticleers,Arkansas State Red Wolves,Coastal Carolina Chanticleers,23,52,True,Final
401234600,CFB,2020,2020-10-03T16:00Z,NC State Wolfpack at Pittsburgh Panthers,NC State Wolfpack,Pittsburgh Panthers,30,29,True,Final
401235998,CFB,2020,2020-10-03T16:00Z,Baylor Bears at West Virginia Mountaineers,Baylor Bears,West Virginia Mountaineers,21,27,True,Final
401236002,CFB,2020,2020-10-03T16:00Z,TCU Horned Frogs at Texas Longhorns,TCU Horned Frogs,Texas Longhorns,33,31,True,Final
401237096,CFB,2020,2020-10-03T16:00Z,South Carolina Gamecocks at Florida Gators,South Carolina Gamecocks,Florida Gators,24,38,True,Final
401237099,CFB,2020,2020-10-03T16:00Z,Missouri Tigers at Tennessee Volunteers,Missouri Tigers,Tennessee Volunteers,12,35,True,Final
401207141,CFB,2020,2020-10-03T16:30Z,UTSA Roadrunners at UAB Blazers,UTSA Roadrunners,UAB Blazers,13,21,True,Final
401237513,CFB,2020,2020-10-03T17:00Z,North Alabama Lions at Liberty Flames,North Alabama Lions,Liberty Flames,7,28,True,Final
401240040,CFB,2020,2020-10-03T17:30Z,Abilene Christian Wildcats at Army Black Knights,Abilene Christian Wildcats,Army Black Knights,23,55,True,Final
401212476,CFB,2020,2020-10-03T19:30Z,South Florida Bulls at Cincinnati Bearcats,South Florida Bulls,Cincinnati Bearcats,7,28,True,Final
401212486,CFB,2020,2020-10-03T19:30Z,Memphis Tigers at SMU Mustangs,Memphis Tigers,SMU Mustangs,27,30,True,Final
401234597,CFB,2020,2020-10-03T19:30Z,North Carolina Tar Heels at Boston College Eagles,North Carolina Tar Heels,Boston College Eagles,26,22,True,Final
401236000,CFB,2020,2020-10-03T19:30Z,Oklahoma State Cowboys at Kansas Jayhawks,Oklahoma State Cowboys,Kansas Jayhawks,47,7,True,Final
401236001,CFB,2020,2020-10-03T19:30Z,Texas Tech Red Raiders at Kansas State Wildcats,Texas Tech Red Raiders,Kansas State Wildcats,21,31,True,Final
401237093,CFB,2020,2020-10-03T19:30Z,Texas A&M Aggies at Alabama Crimson Tide,Texas A&M Aggies,Alabama Crimson Tide,24,52,True,Final
401240124,CFB,2020,2020-10-03T19:30Z,Central Arkansas Bears at North Dakota State Bison,Central Arkansas Bears,North Dakota State Bison,28,39,True,Final
401207136,CFB,2020,2020-10-03T20:00Z,Charlotte 49ers at Florida Atlantic Owls,Charlotte 49ers,Florida Atlantic Owls,17,21,True,Final
401234599,CFB,2020,2020-10-03T20:00Z,Virginia Tech Hokies at Duke Blue Devils,Virginia Tech Hokies,Duke Blue Devils,38,31,True,Final
401237097,CFB,2020,2020-10-03T20:00Z,Ole Miss Rebels at Kentucky Wildcats,Ole Miss Rebels,Kentucky Wildcats,42,41,True,Final
401238034,CFB,2020,2020-10-03T20:00Z,Jacksonville State Gamecocks at Florida State Seminoles,Jacksonville State Gamecocks,Florida State Seminoles,24,41,True,Final
401207138,CFB,2020,2020-10-03T21:00Z,Western Kentucky Hilltoppers at Middle Tennessee Blue Raiders,Western Kentucky Hilltoppers,Middle Tennessee Blue Raiders,20,17,True,Final
401212557,CFB,2020,2020-10-03T22:00Z,Navy Midshipmen at Air Force Falcons,Navy Midshipmen,Air Force Falcons,7,40,True,Final
401215305,CFB,2020,2020-10-03T23:00Z,Georgia Southern Eagles at UL Monroe Warhawks,Georgia Southern Eagles,UL Monroe Warhawks,35,30,True,Final
401207139,CFB,2020,2020-10-03T23:30Z,Southern Mississippi Golden Eagles at North Texas Mean Green,Southern Mississippi Golden Eagles,North Texas Mean Green,41,31,True,Final
401212531,CFB,2020,2020-10-03T23:30Z,Tulsa Golden Hurricane at UCF Knights,Tulsa Golden Hurricane,UCF Knights,34,26,True,Final
401235999,CFB,2020,2020-10-03T23:30Z,Oklahoma Sooners at Iowa State Cyclones,Oklahoma Sooners,Iowa State Cyclones,30,37,True,Final
401237094,CFB,2020,2020-10-03T23:30Z,Arkansas Razorbacks at Mississippi State Bulldogs,Arkansas Razorbacks,Mississippi State Bulldogs,21,14,True,Final
401237095,CFB,2020,2020-10-03T23:30Z,Auburn Tigers at Georgia Bulldogs,Auburn Tigers,Georgia Bulldogs,6,27,True,Final
401237098,CFB,2020,2020-10-03T23:30Z,LSU Tigers at Vanderbilt Commodores,LSU Tigers,Vanderbilt Commodores,41,7,True,Final
401215306,CFB,2020,2020-10-04T00:00Z,Troy Trojans at South Alabama Jaguars,Troy Trojans,South Alabama Jaguars,0,0,False,Postponed
401234598,CFB,2020,2020-10-04T00:00Z,Virginia Cavaliers at Clemson Tigers,Virginia Cavaliers,Clemson Tigers,23,41,True,Final
401212523,CFB,2020,2020-10-08T23:30Z,Tulane Green Wave at Houston Cougars,Tulane Green Wave,Houston Cougars,31,49,True,Final
401234601,CFB,2020,2020-10-09T23:00Z,Louisville Cardinals at Georgia Tech Yellow Jackets,Louisville Cardinals,Georgia Tech Yellow Jackets,27,46,True,Final
401207147,CFB,2020,2020-10-10T04:00Z,UAB Blazers at Rice Owls,UAB Blazers,Rice Owls,0,0,False,Postponed
401207215,CFB,2020,2020-10-10T16:00Z,UL Monroe Warhawks at Liberty Flames,UL Monroe Warhawks,Liberty Flames,7,40,True,Final
401234607,CFB,2020,2020-10-10T16:00Z,Virginia Tech Hokies at North Carolina Tar Heels,Virginia Tech Hokies,North Carolina Tar Heels,45,56,True,Final
401234608,CFB,2020,2020-10-10T16:00Z,NC State Wolfpack at Virginia Cavaliers,NC State Wolfpack,Virginia Cavaliers,38,21,True,Final
401236005,CFB,2020,2020-10-10T16:00Z,Texas Longhorns at Oklahoma Sooners,Texas Longhorns,Oklahoma Sooners,45,53,True,Final
401237102,CFB,2020,2020-10-10T16:00Z,Florida Gators at Texas A&M Aggies,Florida Gators,Texas A&M Aggies,38,41,True,Final
401237105,CFB,2020,2020-10-10T16:00Z,LSU Tigers at Missouri Tigers,LSU Tigers,Missouri Tigers,41,45,True,Final
401237106,CFB,2020,2020-10-10T16:00Z,South Carolina Gamecocks at Vanderbilt Commodores,South Carolina Gamecocks,Vanderbilt Commodores,41,7,True,Final
401234605,CFB,2020,2020-10-10T16:30Z,Duke Blue Devils at Syracuse Orange,Duke Blue Devils,Syracuse Orange,38,24,True,Final
401240114,CFB,2020,2020-10-10T17:30Z,The Citadel Bulldogs at Army Black Knights,The Citadel Bulldogs,Army Black Knights,9,14,True,Final
401240117,CFB,2020,2020-10-10T19:00Z,Mercer Bears at Jacksonville State Gamecocks,Mercer Bears,Jacksonville State Gamecocks,28,34,True,Final
401215308,CFB,2020,2020-10-10T19:30Z,Texas State Bobcats at Troy Trojans,Texas State Bobcats,Troy Trojans,17,37,True,Final
401236003,CFB,2020,2020-10-10T19:30Z,Texas Tech Red Raiders at Iowa State Cyclones,Texas Tech Red Raiders,Iowa State Cyclones,15,31,True,Final
401237103,CFB,2020,2020-10-10T19:30Z,Tennessee Volunteers at Georgia Bulldogs,Tennessee Volunteers,Georgia Bulldogs,21,44,True,Final
401240997,CFB,2020,2020-10-10T19:30Z,UTSA Roadrunners at BYU Cougars,UTSA Roadrunners,BYU Cougars,20,27,True,Final
401246425,CFB,2020,2020-10-10T19:30Z,Central Arkansas Bears at Arkansas State Red Wolves,Central Arkansas Bears,Arkansas State Red Wolves,27,50,True,Final
401207143,CFB,2020,2020-10-10T20:00Z,Middle Tennessee Blue Raiders at Florida International Panthers,Middle Tennessee Blue Raiders,Florida International Panthers,31,28,True,Final
401207144,CFB,2020,2020-10-10T20:00Z,Florida Atlantic Owls at Southern Mississippi Golden Eagles,Florida Atlantic Owls,Southern Mississippi Golden Eagles,0,0,False,Postponed
401234603,CFB,2020,2020-10-10T20:00Z,Pittsburgh Panthers at Boston College Eagles,Pittsburgh Panthers,Boston College Eagles,30,31,True,Final
401236004,CFB,2020,2020-10-10T20:00Z,Kansas State Wildcats at TCU Horned Frogs,Kansas State Wildcats,TCU Horned Frogs,21,14,True,Final
401237101,CFB,2020,2020-10-10T20:00Z,Arkansas Razorbacks at Auburn Tigers,Arkansas Razorbacks,Auburn Tigers,28,30,True,Final
401212515,CFB,2020,2020-10-10T22:00Z,Temple Owls at Navy Midshipmen,Temple Owls,Navy Midshipmen,29,31,True,Final
401212477,CFB,2020,2020-10-10T23:00Z,East Carolina Pirates at South Florida Bulls,East Carolina Pirates,South Florida Bulls,44,24,True,Final
401207145,CFB,2020,2020-10-10T23:30Z,UTEP Miners at Louisiana Tech Bulldogs,UTEP Miners,Louisiana Tech Bulldogs,17,21,True,Final
401207146,CFB,2020,2020-10-10T23:30Z,Marshall Thundering Herd at Western Kentucky Hilltoppers,Marshall Thundering Herd,Western Kentucky Hilltoppers,38,14,True,Final
401234604,CFB,2020,2020-10-10T23:30Z,Miami Hurricanes at Clemson Tigers,Miami Hurricanes,Clemson Tigers,17,42,True,Final
401234606,CFB,2020,2020-10-10T23:30Z,Florida State Seminoles at Notre Dame Fighting Irish,Florida State Seminoles,Notre Dame Fighting Irish,26,42,True,Final
401237100,CFB,2020,2020-10-10T23:30Z,Alabama Crimson Tide at Ole Miss Rebels,Alabama Crimson Tide,Ole Miss Rebels,63,48,True,Final
401237104,CFB,2020,2020-10-10T23:30Z,Mississippi State Bulldogs at Kentucky Wildcats,Mississippi State Bulldogs,Kentucky Wildcats,2,24,True,Final
401207142,CFB,2020,2020-10-11T00:00Z,Charlotte 49ers at North Texas Mean Green,Charlotte 49ers,North Texas Mean Green,49,21,True,Final
401215311,CFB,2020,2020-10-14T23:30Z,Coastal Carolina Chanticleers at Louisiana Ragin' Cajuns,Coastal Carolina Chanticleers,Louisiana Ragin' Cajuns,30,27,True,Final
401215310,CFB,2020,2020-10-15T23:30Z,Georgia State Panthers at Arkansas State Red Wolves,Georgia State Panthers,Arkansas State Red Wolves,52,59,True,Final
401212487,CFB,2020,2020-10-16T22:00Z,SMU Mustangs at Tulane Green Wave,SMU Mustangs,Tulane Green Wave,37,34,True,Final
401212551,CFB,2020,2020-10-17T01:30Z,BYU Cougars at Houston Cougars,BYU Cougars,Houston Cougars,43,26,True,Final
401212478,CFB,2020,2020-10-17T16:00Z,South Florida Bulls at Temple Owls,South Florida Bulls,Temple Owls,37,39,True,Final
401212532,CFB,2020,2020-10-17T16:00Z,Cincinnati Bearcats at Tulsa Golden Hurricane,Cincinnati Bearcats,Tulsa Golden Hurricane,0,0,False,Postponed
401212548,CFB,2020,2020-10-17T16:00Z,Navy Midshipmen at East Carolina Pirates,Navy Midshipmen,East Carolina Pirates,27,23,True,Final
401215313,CFB,2020,2020-10-17T16:00Z,Texas State Bobcats at South Alabama Jaguars,Texas State Bobcats,South Alabama Jaguars,20,30,True,Final
401234610,CFB,2020,2020-10-17T16:00Z,Clemson Tigers at Georgia Tech Yellow Jackets,Clemson Tigers,Georgia Tech Yellow Jackets,73,7,True,Final
401234614,CFB,2020,2020-10-17T16:00Z,Pittsburgh Panthers at Miami Hurricanes,Pittsburgh Panthers,Miami Hurricanes,19,31,True,Final
401234615,CFB,2020,2020-10-17T16:00Z,Liberty Flames at Syracuse Orange,Liberty Flames,Syracuse Orange,38,21,True,Final
401236007,CFB,2020,2020-10-17T16:00Z,Kansas Jayhawks at West Virginia Mountaineers,Kansas Jayhawks,West Virginia Mountaineers,17,38,True,Final
401237109,CFB,2020,2020-10-17T16:00Z,Auburn Tigers at South Carolina Gamecocks,Auburn Tigers,South Carolina Gamecocks,22,30,True,Final
401237111,CFB,2020,2020-10-17T16:00Z,Kentucky Wildcats at Tennessee Volunteers,Kentucky Wildcats,Tennessee Volunteers,34,7,True,Final
401207153,CFB,2020,2020-10-17T17:30Z,Western Kentucky Hilltoppers at UAB Blazers,Western Kentucky Hilltoppers,UAB Blazers,14,37,True,Final
401240115,CFB,2020,2020-10-17T17:30Z,Army Black Knights at UTSA Roadrunners,Army Black Knights,UTSA Roadrunners,28,16,True,Final
401240034,CFB,2020,2020-10-17T18:00Z,Jacksonville State Gamecocks at North Alabama Lions,Jacksonville State Gamecocks,North Alabama Lions,24,17,True,Final
401234613,CFB,2020,2020-10-17T18:30Z,Louisville Cardinals at Notre Dame Fighting Irish,Louisville Cardinals,Notre Dame Fighting Irish,7,12,True,Final
401212537,CFB,2020,2020-10-17T19:30Z,UCF Knights at Memphis Tigers,UCF Knights,Memphis Tigers,49,50,True,Final
401234611,CFB,2020,2020-10-17T19:30Z,Duke Blue Devils at NC State Wolfpack,Duke Blue Devils,NC State Wolfpack,20,31,True,Final
401237108,CFB,2020,2020-10-17T19:30Z,Ole Miss Rebels at Arkansas Razorbacks,Ole Miss Rebels,Arkansas Razorbacks,21,33,True,Final
401239872,CFB,2020,2020-10-17T19:30Z,Eastern Kentucky Colonels at Troy Trojans,Eastern Kentucky Colonels,Troy Trojans,29,31,True,Final
401234616,CFB,2020,2020-10-17T20:00Z,Virginia Cavaliers at Wake Forest Demon Deacons,Virginia Cavaliers,Wake Forest Demon Deacons,23,40,True,Final
401237110,CFB,2020,2020-10-17T20:00Z,LSU Tigers at Florida Gators,LSU Tigers,Florida Gators,0,0,False,Postponed
401237112,CFB,2020,2020-10-17T20:00Z,Texas A&M Aggies at Mississippi State Bulldogs,Texas A&M Aggies,Mississippi State Bulldogs,28,14,True,Final
401250215,CFB,2020,2020-10-17T20:00Z,Massachusetts Minutemen at Georgia Southern Eagles,Massachusetts Minutemen,Georgia Southern Eagles,0,41,True,Final
401207150,CFB,2020,2020-10-17T21:00Z,North Texas Mean Green at Middle Tennessee Blue Raiders,North Texas Mean Green,Middle Tennessee Blue Raiders,52,35,True,Final
401207149,CFB,2020,2020-10-17T22:00Z,Marshall Thundering Herd at Louisiana Tech Bulldogs,Marshall Thundering Herd,Louisiana Tech Bulldogs,35,17,True,Final
401207152,CFB,2020,2020-10-17T23:30Z,Southern Mississippi Golden Eagles at UTEP Miners,Southern Mississippi Golden Eagles,UTEP Miners,0,0,False,Postponed
401234612,CFB,2020,2020-10-17T23:30Z,North Carolina Tar Heels at Florida State Seminoles,North Carolina Tar Heels,Florida State Seminoles,28,31,True,Final
401236006,CFB,2020,2020-10-17T23:30Z,Oklahoma State Cowboys at Baylor Bears,Oklahoma State Cowboys,Baylor Bears,0,0,False,Postponed
401237113,CFB,2020,2020-10-17T23:30Z,Vanderbilt Commodores at Missouri Tigers,Vanderbilt Commodores,Missouri Tigers,0,0,False,Postponed
401207148,CFB,2020,2020-10-18T00:00Z,Florida International Panthers at Charlotte 49ers,Florida International Panthers,Charlotte 49ers,0,0,False,Postponed
401234609,CFB,2020,2020-10-18T00:00Z,Boston College Eagles at Virginia Tech Hokies,Boston College Eagles,Virginia Tech Hokies,14,40,True,Final
401236382,CFB,2020,2020-10-18T00:00Z,Central Arkansas Bears at Missouri State Bears,Central Arkansas Bears,Missouri State Bears,33,24,True,Final
401237107,CFB,2020,2020-10-18T00:00Z,Georgia Bulldogs at Alabama Crimson Tide,Georgia Bulldogs,Alabama Crimson Tide,24,41,True,Final
401240642,CFB,2020,2020-10-22T23:30Z,Arkansas State Red Wolves at Appalachian State Mountaineers,Arkansas State Red Wolves,Appalachian State Mountaineers,17,45,True,Final
401250783,CFB,2020,2020-10-23T23:00Z,Jacksonville State Gamecocks at Florida International Panthers,Jacksonville State Gamecocks,Florida International Panthers,19,10,True,Final
401212479,CFB,2020,2020-10-23T23:30Z,Tulsa Golden Hurricane at South Florida Bulls,Tulsa Golden Hurricane,South Florida Bulls,42,13,True,Final
401238036,CFB,2020,2020-10-24T00:00Z,Louisiana Ragin' Cajuns at UAB Blazers,Louisiana Ragin' Cajuns,UAB Blazers,24,20,True,Final
401247297,CFB,2020,2020-10-24T00:00Z,Illinois Fighting Illini at Wisconsin Badgers,Illinois Fighting Illini,Wisconsin Badgers,7,45,True,Final
401207154,CFB,2020,2020-10-24T16:00Z,UTEP Miners at Charlotte 49ers,UTEP Miners,Charlotte 49ers,28,38,True,Final
401212516,CFB,2020,2020-10-24T16:00Z,Temple Owls at Memphis Tigers,Temple Owls,Memphis Tigers,29,41,True,Final
401215316,CFB,2020,2020-10-24T16:00Z,Georgia Southern Eagles at Coastal Carolina Chanticleers,Georgia Southern Eagles,Coastal Carolina Chanticleers,14,28,True,Final
401234618,CFB,2020,2020-10-24T16:00Z,Syracuse Orange at Clemson Tigers,Syracuse Orange,Clemson Tigers,21,47,True,Final
401234619,CFB,2020,2020-10-24T16:00Z,Florida State Seminoles at Louisville Cardinals,Florida State Seminoles,Louisville Cardinals,16,48,True,Final
401234621,CFB,2020,2020-10-24T16:00Z,NC State Wolfpack at North Carolina Tar Heels,NC State Wolfpack,North Carolina Tar Heels,21,48,True,Final
401236010,CFB,2020,2020-10-24T16:00Z,Kansas Jayhawks at Kansas State Wildcats,Kansas Jayhawks,Kansas State Wildcats,14,55,True,Final
401236011,CFB,2020,2020-10-24T16:00Z,Oklahoma Sooners at TCU Horned Frogs,Oklahoma Sooners,TCU Horned Frogs,33,14,True,Final
401237115,CFB,2020,2020-10-24T16:00Z,Auburn Tigers at Ole Miss Rebels,Auburn Tigers,Ole Miss Rebels,35,28,True,Final
401240116,CFB,2020,2020-10-24T16:00Z,Mercer Bears at Army Black Knights,Mercer Bears,Army Black Knights,3,49,True,Final
401247293,CFB,2020,2020-10-24T16:00Z,Nebraska Cornhuskers at Ohio State Buckeyes,Nebraska Cornhuskers,Ohio State Buckeyes,17,52,True,Final
401247299,CFB,2020,2020-10-24T16:00Z,Rutgers Scarlet Knights at Michigan State Spartans,Rutgers Scarlet Knights,Michigan State Spartans,38,27,True,Final
401207160,CFB,2020,2020-10-24T17:00Z,Southern Mississippi Golden Eagles at Liberty Flames,Southern Mississippi Golden Eagles,Liberty Flames,35,56,True,Final
401212524,CFB,2020,2020-10-24T18:00Z,Tulane Green Wave at UCF Knights,Tulane Green Wave,UCF Knights,34,51,True,Final
401207156,CFB,2020,2020-10-24T18:30Z,Florida Atlantic Owls at Marshall Thundering Herd,Florida Atlantic Owls,Marshall Thundering Herd,9,20,True,Final
401207158,CFB,2020,2020-10-24T19:30Z,Middle Tennessee Blue Raiders at Rice Owls,Middle Tennessee Blue Raiders,Rice Owls,40,34,True,Final
401212552,CFB,2020,2020-10-24T19:30Z,Houston Cougars at Navy Midshipmen,Houston Cougars,Navy Midshipmen,37,21,True,Final
401234623,CFB,2020,2020-10-24T19:30Z,Virginia Tech Hokies at Wake Forest Demon Deacons,Virginia Tech Hokies,Wake Forest Demon Deacons,16,23,True,Final
401236008,CFB,2020,2020-10-24T19:30Z,Baylor Bears at Texas Longhorns,Baylor Bears,Texas Longhorns,16,27,True,Final
401236009,CFB,2020,2020-10-24T19:30Z,Iowa State Cyclones at Oklahoma State Cowboys,Iowa State Cyclones,Oklahoma State Cowboys,21,24,True,Final
401237114,CFB,2020,2020-10-24T19:30Z,Alabama Crimson Tide at Tennessee Volunteers,Alabama Crimson Tide,Tennessee Volunteers,48,17,True,Final
401247295,CFB,2020,2020-10-24T19:30Z,Penn State Nittany Lions at Indiana Hoosiers,Penn State Nittany Lions,Indiana Hoosiers,35,36,True,Final
401247296,CFB,2020,2020-10-24T19:30Z,Iowa Hawkeyes at Purdue Boilermakers,Iowa Hawkeyes,Purdue Boilermakers,20,24,True,Final
401234622,CFB,2020,2020-10-24T19:41Z,Notre Dame Fighting Irish at Pittsburgh Panthers,Notre Dame Fighting Irish,Pittsburgh Panthers,45,3,True,Final
401207102,CFB,2020,2020-10-24T20:00Z,Chattanooga Mocs at Western Kentucky Hilltoppers,Chattanooga Mocs,Western Kentucky Hilltoppers,10,13,True,Final
401215317,CFB,2020,2020-10-24T20:00Z,Georgia State Panthers at Troy Trojans,Georgia State Panthers,Troy Trojans,36,34,True,Final
401234617,CFB,2020,2020-10-24T20:00Z,Georgia Tech Yellow Jackets at Boston College Eagles,Georgia Tech Yellow Jackets,Boston College Eagles,27,48,True,Final
401237122,CFB,2020,2020-10-24T20:00Z,Kentucky Wildcats at Missouri Tigers,Kentucky Wildcats,Missouri Tigers,10,20,True,Final
401236012,CFB,2020,2020-10-24T21:30Z,West Virginia Mountaineers at Texas Tech Red Raiders,West Virginia Mountaineers,Texas Tech Red Raiders,27,34,True,Final
401237118,CFB,2020,2020-10-24T23:00Z,South Carolina Gamecocks at LSU Tigers,South Carolina Gamecocks,LSU Tigers,24,52,True,Final
401248997,CFB,2020,2020-10-24T23:00Z,Utah State Aggies at Boise State Broncos,Utah State Aggies,Boise State Broncos,13,42,True,Final
401248998,CFB,2020,2020-10-24T23:00Z,Wyoming Cowboys at Nevada Wolf Pack,Wyoming Cowboys,Nevada Wolf Pack,34,37,True,Final
401250784,CFB,2020,2020-10-24T23:00Z,UL Monroe Warhawks at South Alabama Jaguars,UL Monroe Warhawks,South Alabama Jaguars,14,38,True,Final
401247294,CFB,2020,2020-10-24T23:30Z,Michigan Wolverines at Minnesota Golden Gophers,Michigan Wolverines,Minnesota Golden Gophers,49,24,True,Final
401247298,CFB,2020,2020-10-24T23:30Z,Maryland Terrapins at Northwestern Wildcats,Maryland Terrapins,Northwestern Wildcats,3,43,True,Final
401248994,CFB,2020,2020-10-24T23:30Z,Hawai'i Rainbow Warriors at Fresno State Bulldogs,Hawai'i Rainbow Warriors,Fresno State Bulldogs,34,19,True,Final
401207157,CFB,2020,2020-10-25T00:00Z,Louisiana Tech Bulldogs at UTSA Roadrunners,Louisiana Tech Bulldogs,UTSA Roadrunners,26,27,True,Final
401234620,CFB,2020,2020-10-25T00:00Z,Virginia Cavaliers at Miami Hurricanes,Virginia Cavaliers,Miami Hurricanes,14,19,True,Final
401212488,CFB,2020,2020-10-25T01:00Z,Cincinnati Bearcats at SMU Mustangs,Cincinnati Bearcats,SMU Mustangs,42,13,True,Final
401240998,CFB,2020,2020-10-25T02:15Z,Texas State Bobcats at BYU Cougars,Texas State Bobcats,BYU Cougars,14,52,True,Final
401248993,CFB,2020,2020-10-25T02:30Z,Air Force Falcons at San José State Spartans,Air Force Falcons,San José State Spartans,6,17,True,Final
401248996,CFB,2020,2020-10-25T02:30Z,UNLV Rebels at San Diego State Aztecs,UNLV Rebels,San Diego State Aztecs,6,34,True,Final
401215321,CFB,2020,2020-10-29T23:30Z,South Alabama Jaguars at Georgia Southern Eagles,South Alabama Jaguars,Georgia Southern Eagles,17,24,True,Final
401249000,CFB,2020,2020-10-30T02:00Z,Colorado State Rams at Fresno State Bulldogs,Colorado State Rams,Fresno State Bulldogs,17,38,True,Final
401207161,CFB,2020,2020-10-30T23:00Z,Marshall Thundering Herd at Florida International Panthers,Marshall Thundering Herd,Florida International Panthers,0,0,False,Postponed
401247302,CFB,2020,2020-10-30T23:30Z,Minnesota Golden Gophers at Maryland Terrapins,Minnesota Golden Gophers,Maryland Terrapins,44,45,True,Final
401212533,CFB,2020,2020-10-31T01:00Z,East Carolina Pirates at Tulsa Golden Hurricane,East Carolina Pirates,Tulsa Golden Hurricane,30,34,True,Final
401249001,CFB,2020,2020-10-31T01:45Z,Hawai'i Rainbow Warriors at Wyoming Cowboys,Hawai'i Rainbow Warriors,Wyoming Cowboys,7,31,True,Final
401207162,CFB,2020,2020-10-31T16:00Z,UTSA Roadrunners at Florida Atlantic Owls,UTSA Roadrunners,Florida Atlantic Owls,3,24,True,Final
401212517,CFB,2020,2020-10-31T16:00Z,Temple Owls at Tulane Green Wave,Temple Owls,Tulane Green Wave,3,38,True,Final
401212543,CFB,2020,2020-10-31T16:00Z,Memphis Tigers at Cincinnati Bearcats,Memphis Tigers,Cincinnati Bearcats,10,49,True,Final
401215318,CFB,2020,2020-10-31T16:00Z,Coastal Carolina Chanticleers at Georgia State Panthers,Coastal Carolina Chanticleers,Georgia State Panthers,51,0,True,Final
401234624,CFB,2020,2020-10-31T16:00Z,Boston College Eagles at Clemson Tigers,Boston College Eagles,Clemson Tigers,28,34,True,Final
401234629,CFB,2020,2020-10-31T16:00Z,Wake Forest Demon Deacons at Syracuse Orange,Wake Forest Demon Deacons,Syracuse Orange,38,14,True,Final
401236014,CFB,2020,2020-10-31T16:00Z,Iowa State Cyclones at Kansas Jayhawks,Iowa State Cyclones,Kansas Jayhawks,52,22,True,Final
401236015,CFB,2020,2020-10-31T16:00Z,Kansas State Wildcats at West Virginia Mountaineers,Kansas State Wildcats,West Virginia Mountaineers,10,37,True,Final
401237117,CFB,2020,2020-10-31T16:00Z,Georgia Bulldogs at Kentucky Wildcats,Georgia Bulldogs,Kentucky Wildcats,14,3,True,Final
401247301,CFB,2020,2020-10-31T16:00Z,Purdue Boilermakers at Illinois Fighting Illini,Purdue Boilermakers,Illinois Fighting Illini,31,24,True,Final
401247305,CFB,2020,2020-10-31T16:00Z,Michigan State Spartans at Michigan Wolverines,Michigan State Spartans,Michigan Wolverines,27,24,True,Final
401207164,CFB,2020,2020-10-31T18:00Z,North Texas Mean Green at UTEP Miners,North Texas Mean Green,UTEP Miners,0,0,False,Postponed
401212538,CFB,2020,2020-10-31T18:00Z,UCF Knights at Houston Cougars,UCF Knights,Houston Cougars,44,21,True,Final
401207166,CFB,2020,2020-10-31T19:00Z,Rice Owls at Southern Mississippi Golden Eagles,Rice Owls,Southern Mississippi Golden Eagles,30,6,True,Final
401215320,CFB,2020,2020-10-31T19:00Z,Troy Trojans at Arkansas State Red Wolves,Troy Trojans,Arkansas State Red Wolves,38,10,True,Final
401207163,CFB,2020,2020-10-31T19:30Z,UAB Blazers at Louisiana Tech Bulldogs,UAB Blazers,Louisiana Tech Bulldogs,34,37,True,Final
401234626,CFB,2020,2020-10-31T19:30Z,Notre Dame Fighting Irish at Georgia Tech Yellow Jackets,Notre Dame Fighting Irish,Georgia Tech Yellow Jackets,31,13,True,Final
401236013,CFB,2020,2020-10-31T19:30Z,TCU Horned Frogs at Baylor Bears,TCU Horned Frogs,Baylor Bears,33,23,True,Final
401237121,CFB,2020,2020-10-31T19:30Z,LSU Tigers at Auburn Tigers,LSU Tigers,Auburn Tigers,11,48,True,Final
401247300,CFB,2020,2020-10-31T19:30Z,Indiana Hoosiers at Rutgers Scarlet Knights,Indiana Hoosiers,Rutgers Scarlet Knights,37,21,True,Final
401247303,CFB,2020,2020-10-31T19:30Z,Northwestern Wildcats at Iowa Hawkeyes,Northwestern Wildcats,Iowa Hawkeyes,21,20,True,Final
401215319,CFB,2020,2020-10-31T20:00Z,Appalachian State Mountaineers at UL Monroe Warhawks,Appalachian State Mountaineers,UL Monroe Warhawks,31,13,True,Final
401234627,CFB,2020,2020-10-31T20:00Z,Virginia Tech Hokies at Louisville Cardinals,Virginia Tech Hokies,Louisville Cardinals,42,35,True,Final
401236017,CFB,2020,2020-10-31T20:00Z,Texas Longhorns at Oklahoma State Cowboys,Texas Longhorns,Oklahoma State Cowboys,41,34,True,Final
401237123,CFB,2020,2020-10-31T20:00Z,Ole Miss Rebels at Vanderbilt Commodores,Ole Miss Rebels,Vanderbilt Commodores,54,21,True,Final
401248999,CFB,2020,2020-10-31T22:00Z,Boise State Broncos at Air Force Falcons,Boise State Broncos,Air Force Falcons,49,30,True,Final
401234625,CFB,2020,2020-10-31T23:00Z,Charlotte 49ers at Duke Blue Devils,Charlotte 49ers,Duke Blue Devils,19,53,True,Final
401237119,CFB,2020,2020-10-31T23:00Z,Mississippi State Bulldogs at Alabama Crimson Tide,Mississippi State Bulldogs,Alabama Crimson Tide,0,41,True,Final
401249003,CFB,2020,2020-10-31T23:00Z,New Mexico Lobos at San José State Spartans,New Mexico Lobos,San José State Spartans,21,38,True,Final
401212489,CFB,2020,2020-10-31T23:30Z,Navy Midshipmen at SMU Mustangs,Navy Midshipmen,SMU Mustangs,37,51,True,Final
401237116,CFB,2020,2020-10-31T23:30Z,Missouri Tigers at Florida Gators,Missouri Tigers,Florida Gators,17,41,True,Final
401237120,CFB,2020,2020-10-31T23:30Z,Arkansas Razorbacks at Texas A&M Aggies,Arkansas Razorbacks,Texas A&M Aggies,31,42,True,Final
401247306,CFB,2020,2020-10-31T23:30Z,Ohio State Buckeyes at Penn State Nittany Lions,Ohio State Buckeyes,Penn State Nittany Lions,38,25,True,Final
401215322,CFB,2020,2020-11-01T00:00Z,Louisiana Ragin' Cajuns at Texas State Bobcats,Louisiana Ragin' Cajuns,Texas State Bobcats,44,34,True,Final
401234628,CFB,2020,2020-11-01T00:00Z,North Carolina Tar Heels at Virginia Cavaliers,North Carolina Tar Heels,Virginia Cavaliers,41,44,True,Final
401236016,CFB,2020,2020-11-01T00:00Z,Oklahoma Sooners at Texas Tech Red Raiders,Oklahoma Sooners,Texas Tech Red Raiders,62,28,True,Final
401249004,CFB,2020,2020-11-01T01:30Z,San Diego State Aztecs at Utah State Aggies,San Diego State Aztecs,Utah State Aggies,38,7,True,Final
401239887,CFB,2020,2020-11-01T02:15Z,Western Kentucky Hilltoppers at BYU Cougars,Western Kentucky Hilltoppers,BYU Cougars,10,41,True,Final
401249002,CFB,2020,2020-11-01T02:30Z,Nevada Wolf Pack at UNLV Rebels,Nevada Wolf Pack,UNLV Rebels,37,19,True,Final
401249856,CFB,2020,2020-11-04T23:00Z,Eastern Michigan Eagles at Kent State Golden Flashes,Eastern Michigan Eagles,Kent State Golden Flashes,23,27,True,Final
401249857,CFB,2020,2020-11-04T23:00Z,Western Michigan Broncos at Akron Zips,Western Michigan Broncos,Akron Zips,58,13,True,Final
401249859,CFB,2020,2020-11-05T00:00Z,Buffalo Bulls at Northern Illinois Huskies,Buffalo Bulls,Northern Illinois Huskies,49,30,True,Final
401249860,CFB,2020,2020-11-05T00:00Z,Ohio Bobcats at Central Michigan Chippewas,Ohio Bobcats,Central Michigan Chippewas,27,30,True,Final
401249889,CFB,2020,2020-11-05T00:00Z,Ball State Cardinals at Miami (OH) RedHawks,Ball State Cardinals,Miami (OH) RedHawks,31,38,True,Final
401249858,CFB,2020,2020-11-05T01:00Z,Bowling Green Falcons at Toledo Rockets,Bowling Green Falcons,Toledo Rockets,3,38,True,Final
401249009,CFB,2020,2020-11-06T00:00Z,Utah State Aggies at Nevada Wolf Pack,Utah State Aggies,Nevada Wolf Pack,9,34,True,Final
401249010,CFB,2020,2020-11-06T02:00Z,Wyoming Cowboys at Colorado State Rams,Wyoming Cowboys,Colorado State Rams,24,34,True,Final
401234630,CFB,2020,2020-11-07T00:30Z,Miami Hurricanes at NC State Wolfpack,Miami Hurricanes,NC State Wolfpack,44,41,True,Final
401249008,CFB,2020,2020-11-07T02:00Z,San José State Spartans at San Diego State Aztecs,San José State Spartans,San Diego State Aztecs,28,17,True,Final
401249005,CFB,2020,2020-11-07T02:45Z,BYU Cougars at Boise State Broncos,BYU Cougars,Boise State Broncos,51,17,True,Final
401207199,CFB,2020,2020-11-07T16:30Z,Air Force Falcons at Army Black Knights,Air Force Falcons,Army Black Knights,0,0,False,Postponed
401212480,CFB,2020,2020-11-07T17:00Z,South Florida Bulls at Memphis Tigers,South Florida Bulls,Memphis Tigers,33,34,True,Final
401212490,CFB,2020,2020-11-07T17:00Z,SMU Mustangs at Temple Owls,SMU Mustangs,Temple Owls,47,23,True,Final
401212525,CFB,2020,2020-11-07T17:00Z,Tulane Green Wave at East Carolina Pirates,Tulane Green Wave,East Carolina Pirates,38,21,True,Final
401212534,CFB,2020,2020-11-07T17:00Z,Tulsa Golden Hurricane at Navy Midshipmen,Tulsa Golden Hurricane,Navy Midshipmen,0,0,False,Postponed
401215327,CFB,2020,2020-11-07T17:00Z,UL Monroe Warhawks at Georgia State Panthers,UL Monroe Warhawks,Georgia State Panthers,34,52,True,Final
401234633,CFB,2020,2020-11-07T17:00Z,North Carolina Tar Heels at Duke Blue Devils,North Carolina Tar Heels,Duke Blue Devils,56,24,True,Final
401234636,CFB,2020,2020-11-07T17:00Z,Liberty Flames at Virginia Tech Hokies,Liberty Flames,Virginia Tech Hokies,38,35,True,Final
401236022,CFB,2020,2020-11-07T17:00Z,West Virginia Mountaineers at Texas Longhorns,West Virginia Mountaineers,Texas Longhorns,13,17,True,Final
401247307,CFB,2020,2020-11-07T17:00Z,Nebraska Cornhuskers at Northwestern Wildcats,Nebraska Cornhuskers,Northwestern Wildcats,13,21,True,Final
401247309,CFB,2020,2020-11-07T17:00Z,Michigan Wolverines at Indiana Hoosiers,Michigan Wolverines,Indiana Hoosiers,21,38,True,Final
401247313,CFB,2020,2020-11-07T17:00Z,Michigan State Spartans at Iowa Hawkeyes,Michigan State Spartans,Iowa Hawkeyes,7,49,True,Final
401249400,CFB,2020,2020-11-07T17:00Z,Arizona State Sun Devils at USC Trojans,Arizona State Sun Devils,USC Trojans,27,28,True,Final
401253924,CFB,2020,2020-11-07T17:00Z,Arkansas State Red Wolves at Louisiana Ragin' Cajuns,Arkansas State Red Wolves,Louisiana Ragin' Cajuns,20,27,True,Final
401215326,CFB,2020,2020-11-07T18:00Z,Troy Trojans at Georgia Southern Eagles,Troy Trojans,Georgia Southern Eagles,13,20,True,Final
401234631,CFB,2020,2020-11-07T19:00Z,Boston College Eagles at Syracuse Orange,Boston College Eagles,Syracuse Orange,16,13,True,Final
401251931,CFB,2020,2020-11-07T19:30Z,Massachusetts Minutemen at Marshall Thundering Herd,Massachusetts Minutemen,Marshall Thundering Herd,10,51,True,Final
401215324,CFB,2020,2020-11-07T20:00Z,Appalachian State Mountaineers at Texas State Bobcats,Appalachian State Mountaineers,Texas State Bobcats,38,17,True,Final
401240035,CFB,2020,2020-11-07T20:00Z,North Alabama Lions at Southern Mississippi Golden Eagles,North Alabama Lions,Southern Mississippi Golden Eagles,13,24,True,Final
401207167,CFB,2020,2020-11-07T20:30Z,Charlotte 49ers at Middle Tennessee Blue Raiders,Charlotte 49ers,Middle Tennessee Blue Raiders,0,0,False,Postponed
401207172,CFB,2020,2020-11-07T20:30Z,UTSA Roadrunners at Rice Owls,UTSA Roadrunners,Rice Owls,0,0,False,Postponed
401212544,CFB,2020,2020-11-07T20:30Z,Houston Cougars at Cincinnati Bearcats,Houston Cougars,Cincinnati Bearcats,10,38,True,Final
401236019,CFB,2020,2020-11-07T20:30Z,Kansas Jayhawks at Oklahoma Sooners,Kansas Jayhawks,Oklahoma Sooners,9,62,True,Final
401236021,CFB,2020,2020-11-07T20:30Z,Texas Tech Red Raiders at TCU Horned Frogs,Texas Tech Red Raiders,TCU Horned Frogs,18,34,True,Final
401237125,CFB,2020,2020-11-07T20:30Z,Florida Gators at Georgia Bulldogs,Florida Gators,Georgia Bulldogs,44,28,True,Final
401237126,CFB,2020,2020-11-07T20:30Z,Vanderbilt Commodores at Mississippi State Bulldogs,Vanderbilt Commodores,Mississippi State Bulldogs,17,24,True,Final
401247308,CFB,2020,2020-11-07T20:30Z,Minnesota Golden Gophers at Illinois Fighting Illini,Minnesota Golden Gophers,Illinois Fighting Illini,41,14,True,Final
401247312,CFB,2020,2020-11-07T20:30Z,Maryland Terrapins at Penn State Nittany Lions,Maryland Terrapins,Penn State Nittany Lions,35,19,True,Final
401249006,CFB,2020,2020-11-07T20:30Z,Fresno State Bulldogs at UNLV Rebels,Fresno State Bulldogs,UNLV Rebels,40,27,True,Final
401234634,CFB,2020,2020-11-07T21:00Z,Pittsburgh Panthers at Florida State Seminoles,Pittsburgh Panthers,Florida State Seminoles,41,17,True,Final
401236020,CFB,2020,2020-11-07T21:00Z,Oklahoma State Cowboys at Kansas State Wildcats,Oklahoma State Cowboys,Kansas State Wildcats,20,18,True,Final
401207169,CFB,2020,2020-11-07T23:00Z,Western Kentucky Hilltoppers at Florida Atlantic Owls,Western Kentucky Hilltoppers,Florida Atlantic Owls,6,10,True,Final
401207170,CFB,2020,2020-11-08T00:00Z,Louisiana Tech Bulldogs at North Texas Mean Green,Louisiana Tech Bulldogs,North Texas Mean Green,0,0,False,Postponed
401236018,CFB,2020,2020-11-08T00:00Z,Baylor Bears at Iowa State Cyclones,Baylor Bears,Iowa State Cyclones,31,38,True,Final
401237127,CFB,2020,2020-11-08T00:00Z,Texas A&M Aggies at South Carolina Gamecocks,Texas A&M Aggies,South Carolina Gamecocks,48,3,True,Final
401249402,CFB,2020,2020-11-08T00:00Z,UCLA Bruins at Colorado Buffaloes,UCLA Bruins,Colorado Buffaloes,42,48,True,Final
401234632,CFB,2020,2020-11-08T00:30Z,Clemson Tigers at Notre Dame Fighting Irish,Clemson Tigers,Notre Dame Fighting Irish,40,47,True,Final
401237124,CFB,2020,2020-11-08T00:30Z,Tennessee Volunteers at Arkansas Razorbacks,Tennessee Volunteers,Arkansas Razorbacks,13,24,True,Final
401247310,CFB,2020,2020-11-08T00:30Z,Rutgers Scarlet Knights at Ohio State Buckeyes,Rutgers Scarlet Knights,Ohio State Buckeyes,27,49,True,Final
401249399,CFB,2020,2020-11-08T00:30Z,Stanford Cardinal at Oregon Ducks,Stanford Cardinal,Oregon Ducks,14,35,True,Final
401215325,CFB,2020,2020-11-08T01:00Z,South Alabama Jaguars at Coastal Carolina Chanticleers,South Alabama Jaguars,Coastal Carolina Chanticleers,6,23,True,Final
401234635,CFB,2020,2020-11-08T01:00Z,Louisville Cardinals at Virginia Cavaliers,Louisville Cardinals,Virginia Cavaliers,0,0,False,Postponed
401249397,CFB,2020,2020-11-08T03:30Z,Washington State Cougars at Oregon State Beavers,Washington State Cougars,Oregon State Beavers,38,28,True,Final
401249007,CFB,2020,2020-11-08T04:00Z,New Mexico Lobos at Hawai'i Rainbow Warriors,New Mexico Lobos,Hawai'i Rainbow Warriors,33,39,True,Final
401249861,CFB,2020,2020-11-11T00:00Z,Akron Zips at Ohio Bobcats,Akron Zips,Ohio Bobcats,10,24,True,Final
401249862,CFB,2020,2020-11-11T00:30Z,Kent State Golden Flashes at Bowling Green Falcons,Kent State Golden Flashes,Bowling Green Falcons,62,24,True,Final
401249890,CFB,2020,2020-11-11T01:00Z,Miami (OH) RedHawks at Buffalo Bulls,Miami (OH) RedHawks,Buffalo Bulls,10,42,True,Final
401249865,CFB,2020,2020-11-12T00:00Z,Eastern Michigan Eagles at Ball State Cardinals,Eastern Michigan Eagles,Ball State Cardinals,31,38,True,Final
401249864,CFB,2020,2020-11-12T01:00Z,Central Michigan Chippewas at Northern Illinois Huskies,Central Michigan Chippewas,Northern Illinois Huskies,40,10,True,Final
401249866,CFB,2020,2020-11-12T01:00Z,Toledo Rockets at Western Michigan Broncos,Toledo Rockets,Western Michigan Broncos,38,41,True,Final
401249012,CFB,2020,2020-11-13T01:00Z,Colorado State Rams at Boise State Broncos,Colorado State Rams,Boise State Broncos,21,52,True,Final
401207174,CFB,2020,2020-11-14T00:00Z,Florida Atlantic Owls at Florida International Panthers,Florida Atlantic Owls,Florida International Panthers,38,19,True,Final
401247317,CFB,2020,2020-11-14T00:00Z,Iowa Hawkeyes at Minnesota Golden Gophers,Iowa Hawkeyes,Minnesota Golden Gophers,35,7,True,Final
401212545,CFB,2020,2020-11-14T00:30Z,East Carolina Pirates at Cincinnati Bearcats,East Carolina Pirates,Cincinnati Bearcats,17,55,True,Final
401207176,CFB,2020,2020-11-14T17:00Z,Middle Tennessee Blue Raiders at Marshall Thundering Herd,Middle Tennessee Blue Raiders,Marshall Thundering Herd,14,42,True,Final
401207200,CFB,2020,2020-11-14T17:00Z,Army Black Knights at Tulane Green Wave,Army Black Knights,Tulane Green Wave,12,38,True,Final
401207218,CFB,2020,2020-11-14T17:00Z,Western Carolina Catamounts at Liberty Flames,Western Carolina Catamounts,Liberty Flames,14,58,True,Final
401215330,CFB,2020,2020-11-14T17:00Z,Coastal Carolina Chanticleers at Troy Trojans,Coastal Carolina Chanticleers,Troy Trojans,0,0,False,Postponed
401234641,CFB,2020,2020-11-14T17:00Z,Miami Hurricanes at Virginia Tech Hokies,Miami Hurricanes,Virginia Tech Hokies,25,24,True,Final
401234642,CFB,2020,2020-11-14T17:00Z,Wake Forest Demon Deacons at North Carolina Tar Heels,Wake Forest Demon Deacons,North Carolina Tar Heels,53,59,True,Final
401236024,CFB,2020,2020-11-14T17:00Z,TCU Horned Frogs at West Virginia Mountaineers,TCU Horned Frogs,West Virginia Mountaineers,6,24,True,Final
401237131,CFB,2020,2020-11-14T17:00Z,Georgia Bulldogs at Missouri Tigers,Georgia Bulldogs,Missouri Tigers,0,0,False,Postponed
401237132,CFB,2020,2020-11-14T17:00Z,Vanderbilt Commodores at Kentucky Wildcats,Vanderbilt Commodores,Kentucky Wildcats,35,38,True,Final
401247316,CFB,2020,2020-11-14T17:00Z,Indiana Hoosiers at Michigan State Spartans,Indiana Hoosiers,Michigan State Spartans,24,0,True,Final
401247320,CFB,2020,2020-11-14T17:00Z,Penn State Nittany Lions at Nebraska Cornhuskers,Penn State Nittany Lions,Nebraska Cornhuskers,23,30,True,Final
401247314,CFB,2020,2020-11-14T18:00Z,Illinois Fighting Illini at Rutgers Scarlet Knights,Illinois Fighting Illini,Rutgers Scarlet Knights,23,20,True,Final
401215332,CFB,2020,2020-11-14T19:00Z,South Alabama Jaguars at Louisiana Ragin' Cajuns,South Alabama Jaguars,Louisiana Ragin' Cajuns,10,38,True,Final
401215328,CFB,2020,2020-11-14T19:30Z,Georgia State Panthers at Appalachian State Mountaineers,Georgia State Panthers,Appalachian State Mountaineers,13,17,True,Final
401249013,CFB,2020,2020-11-14T19:30Z,Fresno State Bulldogs at Utah State Aggies,Fresno State Bulldogs,Utah State Aggies,35,16,True,Final
401207179,CFB,2020,2020-11-14T20:00Z,UTEP Miners at UTSA Roadrunners,UTEP Miners,UTSA Roadrunners,21,52,True,Final
401260376,CFB,2020,2020-11-14T20:00Z,UL Monroe Warhawks at Arkansas State Red Wolves,UL Monroe Warhawks,Arkansas State Red Wolves,0,0,False,Postponed
401207175,CFB,2020,2020-11-14T20:30Z,Rice Owls at Louisiana Tech Bulldogs,Rice Owls,Louisiana Tech Bulldogs,0,0,False,Postponed
401207178,CFB,2020,2020-11-14T20:30Z,Southern Mississippi Golden Eagles at Western Kentucky Hilltoppers,Southern Mississippi Golden Eagles,Western Kentucky Hilltoppers,7,10,True,Final
401212481,CFB,2020,2020-11-14T20:30Z,South Florida Bulls at Houston Cougars,South Florida Bulls,Houston Cougars,21,56,True,Final
401212554,CFB,2020,2020-11-14T20:30Z,Memphis Tigers at Navy Midshipmen,Memphis Tigers,Navy Midshipmen,0,0,False,Postponed
401215331,CFB,2020,2020-11-14T20:30Z,Texas State Bobcats at Georgia Southern Eagles,Texas State Bobcats,Georgia Southern Eagles,38,40,True,Final
401234637,CFB,2020,2020-11-14T20:30Z,Notre Dame Fighting Irish at Boston College Eagles,Notre Dame Fighting Irish,Boston College Eagles,45,31,True,Final
401237134,CFB,2020,2020-11-14T20:30Z,Texas A&M Aggies at Tennessee Volunteers,Texas A&M Aggies,Tennessee Volunteers,0,0,False,Postponed
401249403,CFB,2020,2020-11-14T20:30Z,USC Trojans at Arizona Wildcats,USC Trojans,Arizona Wildcats,34,30,True,Final
401249406,CFB,2020,2020-11-14T20:30Z,Colorado Buffaloes at Stanford Cardinal,Colorado Buffaloes,Stanford Cardinal,35,32,True,Final
401257934,CFB,2020,2020-11-14T20:30Z,Louisville Cardinals at Virginia Cavaliers,Louisville Cardinals,Virginia Cavaliers,17,31,True,Final
401236023,CFB,2020,2020-11-14T21:00Z,Baylor Bears at Texas Tech Red Raiders,Baylor Bears,Texas Tech Red Raiders,23,24,True,Final
401237130,CFB,2020,2020-11-14T21:00Z,Auburn Tigers at Mississippi State Bulldogs,Auburn Tigers,Mississippi State Bulldogs,0,0,False,Postponed
401249014,CFB,2020,2020-11-14T21:00Z,Hawai'i Rainbow Warriors at San Diego State Aztecs,Hawai'i Rainbow Warriors,San Diego State Aztecs,10,34,True,Final
401247315,CFB,2020,2020-11-14T22:00Z,Northwestern Wildcats at Purdue Boilermakers,Northwestern Wildcats,Purdue Boilermakers,27,20,True,Final
401237128,CFB,2020,2020-11-14T23:00Z,Alabama Crimson Tide at LSU Tigers,Alabama Crimson Tide,LSU Tigers,0,0,False,Postponed
401249015,CFB,2020,2020-11-14T23:30Z,Nevada Wolf Pack at New Mexico Lobos,Nevada Wolf Pack,New Mexico Lobos,27,20,True,Final
401212491,CFB,2020,2020-11-15T00:00Z,SMU Mustangs at Tulsa Golden Hurricane,SMU Mustangs,Tulsa Golden Hurricane,24,28,True,Final
401234640,CFB,2020,2020-11-15T00:00Z,Pittsburgh Panthers at Georgia Tech Yellow Jackets,Pittsburgh Panthers,Georgia Tech Yellow Jackets,0,0,False,Postponed
401237129,CFB,2020,2020-11-15T00:00Z,Arkansas Razorbacks at Florida Gators,Arkansas Razorbacks,Florida Gators,35,63,True,Final
401249405,CFB,2020,2020-11-15T00:00Z,Oregon Ducks at Washington State Cougars,Oregon Ducks,Washington State Cougars,43,29,True,Final
401212518,CFB,2020,2020-11-15T00:30Z,Temple Owls at UCF Knights,Temple Owls,UCF Knights,13,38,True,Final
401234639,CFB,2020,2020-11-15T00:30Z,Florida State Seminoles at NC State Wolfpack,Florida State Seminoles,NC State Wolfpack,22,38,True,Final
401237133,CFB,2020,2020-11-15T00:30Z,South Carolina Gamecocks at Ole Miss Rebels,South Carolina Gamecocks,Ole Miss Rebels,42,59,True,Final
401247319,CFB,2020,2020-11-15T00:30Z,Wisconsin Badgers at Michigan Wolverines,Wisconsin Badgers,Michigan Wolverines,49,11,True,Final
401249016,CFB,2020,2020-11-15T03:30Z,UNLV Rebels at San José State Spartans,UNLV Rebels,San José State Spartans,17,34,True,Final
401249404,CFB,2020,2020-11-15T04:00Z,Oregon State Beavers at Washington Huskies,Oregon State Beavers,Washington Huskies,21,27,True,Final
401261454,CFB,2020,2020-11-15T17:00Z,California Golden Bears at UCLA Bruins,California Golden Bears,UCLA Bruins,10,34,True,Final
401249868,CFB,2020,2020-11-18T00:00Z,Buffalo Bulls at Bowling Green Falcons,Buffalo Bulls,Bowling Green Falcons,42,17,True,Final
401249867,CFB,2020,2020-11-18T01:00Z,Akron Zips at Kent State Golden Flashes,Akron Zips,Kent State Golden Flashes,35,69,True,Final
401249870,CFB,2020,2020-11-19T00:00Z,Northern Illinois Huskies at Ball State Cardinals,Northern Illinois Huskies,Ball State Cardinals,25,31,True,Final
401249871,CFB,2020,2020-11-19T00:00Z,Toledo Rockets at Eastern Michigan Eagles,Toledo Rockets,Eastern Michigan Eagles,45,28,True,Final
401249872,CFB,2020,2020-11-19T00:00Z,Western Michigan Broncos at Central Michigan Chippewas,Western Michigan Broncos,Central Michigan Chippewas,52,44,True,Final
401212526,CFB,2020,2020-11-20T00:30Z,Tulane Green Wave at Tulsa Golden Hurricane,Tulane Green Wave,Tulsa Golden Hurricane,24,30,True,Final
401234643,CFB,2020,2020-11-21T00:00Z,Syracuse Orange at Louisville Cardinals,Syracuse Orange,Louisville Cardinals,0,30,True,Final
401247325,CFB,2020,2020-11-21T00:30Z,Purdue Boilermakers at Minnesota Golden Gophers,Purdue Boilermakers,Minnesota Golden Gophers,31,34,True,Final
401261674,CFB,2020,2020-11-21T01:00Z,Massachusetts Minutemen at Florida Atlantic Owls,Massachusetts Minutemen,Florida Atlantic Owls,2,24,True,Final
401249018,CFB,2020,2020-11-21T02:30Z,New Mexico Lobos at Air Force Falcons,New Mexico Lobos,Air Force Falcons,0,28,True,Final
401212492,CFB,2020,2020-11-21T17:00Z,Houston Cougars at SMU Mustangs,Houston Cougars,SMU Mustangs,0,0,False,Postponed
401212519,CFB,2020,2020-11-21T17:00Z,East Carolina Pirates at Temple Owls,East Carolina Pirates,Temple Owls,28,3,True,Final
401215333,CFB,2020,2020-11-21T17:00Z,Appalachian State Mountaineers at Coastal Carolina Chanticleers,Appalachian State Mountaineers,Coastal Carolina Chanticleers,23,34,True,Final
401215334,CFB,2020,2020-11-21T17:00Z,Arkansas State Red Wolves at Texas State Bobcats,Arkansas State Red Wolves,Texas State Bobcats,45,47,True,Final
401234644,CFB,2020,2020-11-21T17:00Z,Clemson Tigers at Florida State Seminoles,Clemson Tigers,Florida State Seminoles,0,0,False,Postponed
401235975,CFB,2020,2020-11-21T17:00Z,Georgia Southern Eagles at Army Black Knights,Georgia Southern Eagles,Army Black Knights,27,28,True,Final
401237136,CFB,2020,2020-11-21T17:00Z,LSU Tigers at Arkansas Razorbacks,LSU Tigers,Arkansas Razorbacks,27,24,True,Final
401237138,CFB,2020,2020-11-21T17:00Z,Florida Gators at Vanderbilt Commodores,Florida Gators,Vanderbilt Commodores,38,17,True,Final
401247321,CFB,2020,2020-11-21T17:00Z,Illinois Fighting Illini at Nebraska Cornhuskers,Illinois Fighting Illini,Nebraska Cornhuskers,41,23,True,Final
401247326,CFB,2020,2020-11-21T17:00Z,Indiana Hoosiers at Ohio State Buckeyes,Indiana Hoosiers,Ohio State Buckeyes,35,42,True,Final
401247374,CFB,2020,2020-11-21T17:00Z,Stephen F. Austin Lumberjacks at Memphis Tigers,Stephen F. Austin Lumberjacks,Memphis Tigers,14,56,True,Final
401207180,CFB,2020,2020-11-21T17:30Z,Charlotte 49ers at Marshall Thundering Herd,Charlotte 49ers,Marshall Thundering Herd,0,0,False,Postponed
401207181,CFB,2020,2020-11-21T19:00Z,Florida International Panthers at Western Kentucky Hilltoppers,Florida International Panthers,Western Kentucky Hilltoppers,21,38,True,Final
401207184,CFB,2020,2020-11-21T19:00Z,Rice Owls at North Texas Mean Green,Rice Owls,North Texas Mean Green,17,27,True,Final
401207185,CFB,2020,2020-11-21T20:00Z,UTSA Roadrunners at Southern Mississippi Golden Eagles,UTSA Roadrunners,Southern Mississippi Golden Eagles,23,20,True,Final
401209818,CFB,2020,2020-11-21T20:00Z,North Alabama Lions at BYU Cougars,North Alabama Lions,BYU Cougars,14,66,True,Final
401212540,CFB,2020,2020-11-21T20:30Z,Cincinnati Bearcats at UCF Knights,Cincinnati Bearcats,UCF Knights,36,33,True,Final
401215335,CFB,2020,2020-11-21T20:30Z,Georgia State Panthers at South Alabama Jaguars,Georgia State Panthers,South Alabama Jaguars,31,14,True,Final
401236026,CFB,2020,2020-11-21T20:30Z,Texas Longhorns at Kansas Jayhawks,Texas Longhorns,Kansas Jayhawks,0,0,False,Postponed
401237140,CFB,2020,2020-11-21T20:30Z,Ole Miss Rebels at Texas A&M Aggies,Ole Miss Rebels,Texas A&M Aggies,0,0,False,Postponed
401240641,CFB,2020,2020-11-21T20:30Z,Middle Tennessee Blue Raiders at Troy Trojans,Middle Tennessee Blue Raiders,Troy Trojans,20,17,True,Final
401247323,CFB,2020,2020-11-21T20:30Z,Wisconsin Badgers at Northwestern Wildcats,Wisconsin Badgers,Northwestern Wildcats,7,17,True,Final
401247327,CFB,2020,2020-11-21T20:30Z,Iowa Hawkeyes at Penn State Nittany Lions,Iowa Hawkeyes,Penn State Nittany Lions,41,21,True,Final
401249019,CFB,2020,2020-11-21T20:30Z,San Diego State Aztecs at Nevada Wolf Pack,San Diego State Aztecs,Nevada Wolf Pack,21,26,True,Final
401249411,CFB,2020,2020-11-21T20:30Z,California Golden Bears at Oregon State Beavers,California Golden Bears,Oregon State Beavers,27,31,True,Final
401249415,CFB,2020,2020-11-21T20:30Z,UCLA Bruins at Oregon Ducks,UCLA Bruins,Oregon Ducks,35,38,True,Final
401234648,CFB,2020,2020-11-21T21:00Z,Virginia Tech Hokies at Pittsburgh Panthers,Virginia Tech Hokies,Pittsburgh Panthers,14,47,True,Final
401236025,CFB,2020,2020-11-21T21:00Z,Kansas State Wildcats at Iowa State Cyclones,Kansas State Wildcats,Iowa State Cyclones,0,45,True,Final
401237135,CFB,2020,2020-11-21T21:00Z,Kentucky Wildcats at Alabama Crimson Tide,Kentucky Wildcats,Alabama Crimson Tide,3,63,True,Final
401248275,CFB,2020,2020-11-21T21:00Z,Abilene Christian Wildcats at Virginia Cavaliers,Abilene Christian Wildcats,Virginia Cavaliers,15,55,True,Final
401237137,CFB,2020,2020-11-22T00:00Z,Tennessee Volunteers at Auburn Tigers,Tennessee Volunteers,Auburn Tigers,17,30,True,Final
401234647,CFB,2020,2020-11-22T00:30Z,Liberty Flames at NC State Wolfpack,Liberty Flames,NC State Wolfpack,14,15,True,Final
401236027,CFB,2020,2020-11-22T00:30Z,Oklahoma State Cowboys at Oklahoma Sooners,Oklahoma State Cowboys,Oklahoma Sooners,13,41,True,Final
401237139,CFB,2020,2020-11-22T00:30Z,Mississippi State Bulldogs at Georgia Bulldogs,Mississippi State Bulldogs,Georgia Bulldogs,24,31,True,Final
401237141,CFB,2020,2020-11-22T00:30Z,Missouri Tigers at South Carolina Gamecocks,Missouri Tigers,South Carolina Gamecocks,17,10,True,Final
401247324,CFB,2020,2020-11-22T00:30Z,Michigan Wolverines at Rutgers Scarlet Knights,Michigan Wolverines,Rutgers Scarlet Knights,48,42,True,Final
401212482,CFB,2020,2020-11-22T01:00Z,Navy Midshipmen at South Florida Bulls,Navy Midshipmen,South Florida Bulls,0,0,False,Postponed
401234646,CFB,2020,2020-11-22T01:00Z,Georgia Tech Yellow Jackets at Miami Hurricanes,Georgia Tech Yellow Jackets,Miami Hurricanes,0,0,False,Postponed
401249413,CFB,2020,2020-11-22T01:00Z,Arizona Wildcats at Washington Huskies,Arizona Wildcats,Washington Huskies,27,44,True,Final
401249410,CFB,2020,2020-11-22T03:30Z,USC Trojans at Utah Utes,USC Trojans,Utah Utes,33,17,True,Final
401249017,CFB,2020,2020-11-22T04:00Z,Boise State Broncos at Hawai'i Rainbow Warriors,Boise State Broncos,Hawai'i Rainbow Warriors,40,32,True,Final
401249025,CFB,2020,2020-11-27T00:00Z,New Mexico Lobos at Utah State Aggies,New Mexico Lobos,Utah State Aggies,27,41,True,Final
401236029,CFB,2020,2020-11-27T17:00Z,Iowa State Cyclones at Texas Longhorns,Iowa State Cyclones,Texas Longhorns,23,20,True,Final
401251926,CFB,2020,2020-11-27T17:00Z,Massachusetts Minutemen at Liberty Flames,Massachusetts Minutemen,Liberty Flames,0,45,True,Final
401247332,CFB,2020,2020-11-27T18:00Z,Nebraska Cornhuskers at Iowa Hawkeyes,Nebraska Cornhuskers,Iowa Hawkeyes,20,26,True,Final
401212483,CFB,2020,2020-11-27T20:30Z,UCF Knights at South Florida Bulls,UCF Knights,South Florida Bulls,58,46,True,Final
401234650,CFB,2020,2020-11-27T20:30Z,Notre Dame Fighting Irish at North Carolina Tar Heels,Notre Dame Fighting Irish,North Carolina Tar Heels,31,17,True,Final
401249028,CFB,2020,2020-11-27T21:00Z,Wyoming Cowboys at UNLV Rebels,Wyoming Cowboys,UNLV Rebels,45,14,True,Final
401249874,CFB,2020,2020-11-27T21:00Z,Central Michigan Chippewas at Eastern Michigan Eagles,Central Michigan Chippewas,Eastern Michigan Eagles,31,23,True,Final
401249417,CFB,2020,2020-11-27T21:30Z,Stanford Cardinal at California Golden Bears,Stanford Cardinal,California Golden Bears,24,23,True,Final
401249418,CFB,2020,2020-11-28T00:30Z,Oregon Ducks at Oregon State Beavers,Oregon Ducks,Oregon State Beavers,38,41,True,Final
401212513,CFB,2020,2020-11-28T17:00Z,SMU Mustangs at East Carolina Pirates,SMU Mustangs,East Carolina Pirates,38,52,True,Final
401212535,CFB,2020,2020-11-28T17:00Z,Tulsa Golden Hurricane at Houston Cougars,Tulsa Golden Hurricane,Houston Cougars,0,0,False,Postponed
401215339,CFB,2020,2020-11-28T17:00Z,Georgia Southern Eagles at Georgia State Panthers,Georgia Southern Eagles,Georgia State Panthers,24,30,True,Final
401234655,CFB,2020,2020-11-28T17:00Z,NC State Wolfpack at Syracuse Orange,NC State Wolfpack,Syracuse Orange,36,29,True,Final
401236032,CFB,2020,2020-11-28T17:00Z,Texas Tech Red Raiders at Oklahoma State Cowboys,Texas Tech Red Raiders,Oklahoma State Cowboys,44,50,True,Final
401237143,CFB,2020,2020-11-28T17:00Z,Vanderbilt Commodores at Missouri Tigers,Vanderbilt Commodores,Missouri Tigers,0,41,True,Final
401237144,CFB,2020,2020-11-28T17:00Z,Kentucky Wildcats at Florida Gators,Kentucky Wildcats,Florida Gators,10,34,True,Final
401247329,CFB,2020,2020-11-28T17:00Z,Maryland Terrapins at Indiana Hoosiers,Maryland Terrapins,Indiana Hoosiers,11,27,True,Final
401247333,CFB,2020,2020-11-28T17:00Z,Penn State Nittany Lions at Michigan Wolverines,Penn State Nittany Lions,Michigan Wolverines,27,17,True,Final
401249873,CFB,2020,2020-11-28T17:00Z,Ball State Cardinals at Toledo Rockets,Ball State Cardinals,Toledo Rockets,27,24,True,Final
401249875,CFB,2020,2020-11-28T17:00Z,Northern Illinois Huskies at Western Michigan Broncos,Northern Illinois Huskies,Western Michigan Broncos,27,30,True,Final
401249876,CFB,2020,2020-11-28T17:00Z,Bowling Green Falcons at Ohio Bobcats,Bowling Green Falcons,Ohio Bobcats,10,52,True,Final
401249877,CFB,2020,2020-11-28T17:00Z,Kent State Golden Flashes at Buffalo Bulls,Kent State Golden Flashes,Buffalo Bulls,41,70,True,Final
401249892,CFB,2020,2020-11-28T18:00Z,Miami (OH) RedHawks at Akron Zips,Miami (OH) RedHawks,Akron Zips,38,7,True,Final
401207191,CFB,2020,2020-11-28T20:00Z,North Texas Mean Green at UTSA Roadrunners,North Texas Mean Green,UTSA Roadrunners,17,49,True,Final
401215337,CFB,2020,2020-11-28T20:00Z,South Alabama Jaguars at Arkansas State Red Wolves,South Alabama Jaguars,Arkansas State Red Wolves,38,31,True,Final
401215338,CFB,2020,2020-11-28T20:00Z,Coastal Carolina Chanticleers at Texas State Bobcats,Coastal Carolina Chanticleers,Texas State Bobcats,49,14,True,Final
401215340,CFB,2020,2020-11-28T20:00Z,Louisiana Ragin' Cajuns at UL Monroe Warhawks,Louisiana Ragin' Cajuns,UL Monroe Warhawks,70,20,True,Final
401207189,CFB,2020,2020-11-28T20:30Z,Florida Atlantic Owls at Middle Tennessee Blue Raiders,Florida Atlantic Owls,Middle Tennessee Blue Raiders,0,0,False,Postponed
401215336,CFB,2020,2020-11-28T20:30Z,Troy Trojans at Appalachian State Mountaineers,Troy Trojans,Appalachian State Mountaineers,10,47,True,Final
401234651,CFB,2020,2020-11-28T20:30Z,Pittsburgh Panthers at Clemson Tigers,Pittsburgh Panthers,Clemson Tigers,17,52,True,Final
401237142,CFB,2020,2020-11-28T20:30Z,Auburn Tigers at Alabama Crimson Tide,Auburn Tigers,Alabama Crimson Tide,13,42,True,Final
401247330,CFB,2020,2020-11-28T20:30Z,Northwestern Wildcats at Michigan State Spartans,Northwestern Wildcats,Michigan State Spartans,20,29,True,Final
401234649,CFB,2020,2020-11-28T21:00Z,Louisville Cardinals at Boston College Eagles,Louisville Cardinals,Boston College Eagles,27,34,True,Final
401237147,CFB,2020,2020-11-28T21:00Z,Mississippi State Bulldogs at Ole Miss Rebels,Mississippi State Bulldogs,Ole Miss Rebels,24,31,True,Final
401247328,CFB,2020,2020-11-28T21:00Z,Rutgers Scarlet Knights at Purdue Boilermakers,Rutgers Scarlet Knights,Purdue Boilermakers,37,30,True,Final
401265734,CFB,2020,2020-11-28T22:37Z,San Diego State Aztecs at Colorado Buffaloes,San Diego State Aztecs,Colorado Buffaloes,10,20,True,Final
401234652,CFB,2020,2020-11-29T00:00Z,Duke Blue Devils at Georgia Tech Yellow Jackets,Duke Blue Devils,Georgia Tech Yellow Jackets,33,56,True,Final
401236028,CFB,2020,2020-11-29T00:00Z,Kansas State Wildcats at Baylor Bears,Kansas State Wildcats,Baylor Bears,31,32,True,Final
401237146,CFB,2020,2020-11-29T00:00Z,LSU Tigers at Texas A&M Aggies,LSU Tigers,Texas A&M Aggies,7,20,True,Final
401264080,CFB,2020,2020-11-29T00:00Z,Memphis Tigers at Navy Midshipmen,Memphis Tigers,Navy Midshipmen,10,7,True,Final
401236031,CFB,2020,2020-11-29T00:30Z,Oklahoma Sooners at West Virginia Mountaineers,Oklahoma Sooners,West Virginia Mountaineers,0,0,False,Postponed
401237145,CFB,2020,2020-11-29T00:30Z,Georgia Bulldogs at South Carolina Gamecocks,Georgia Bulldogs,South Carolina Gamecocks,45,16,True,Final
401265458,CFB,2020,2020-11-29T00:30Z,Utah Utes at Washington Huskies,Utah Utes,Washington Huskies,21,24,True,Final
401234653,CFB,2020,2020-11-29T01:00Z,Virginia Cavaliers at Florida State Seminoles,Virginia Cavaliers,Florida State Seminoles,0,0,False,Postponed
401236030,CFB,2020,2020-11-29T01:00Z,TCU Horned Frogs at Kansas Jayhawks,TCU Horned Frogs,Kansas Jayhawks,59,23,True,Final
401249421,CFB,2020,2020-11-29T01:00Z,Arizona Wildcats at UCLA Bruins,Arizona Wildcats,UCLA Bruins,10,27,True,Final
401249024,CFB,2020,2020-11-29T04:00Z,Nevada Wolf Pack at Hawai'i Rainbow Warriors,Nevada Wolf Pack,Hawai'i Rainbow Warriors,21,24,True,Final
401207187,CFB,2020,2020-12-01T15:30Z,Western Kentucky Hilltoppers at Charlotte 49ers,Western Kentucky Hilltoppers,Charlotte 49ers,0,0,False,Postponed
401265703,CFB,2020,2020-12-03T23:00Z,Louisiana Tech Bulldogs at North Texas Mean Green,Louisiana Tech Bulldogs,North Texas Mean Green,42,31,True,Final
401249029,CFB,2020,2020-12-04T02:30Z,Air Force Falcons at Utah State Aggies,Air Force Falcons,Utah State Aggies,35,7,True,Final
401252117,CFB,2020,2020-12-05T01:30Z,Louisiana Ragin' Cajuns at Appalachian State Mountaineers,Louisiana Ragin' Cajuns,Appalachian State Mountaineers,24,21,True,Final
401236035,CFB,2020,2020-12-05T17:00Z,Kansas Jayhawks at Texas Tech Red Raiders,Kansas Jayhawks,Texas Tech Red Raiders,13,16,True,Final
401236036,CFB,2020,2020-12-05T17:00Z,Texas Longhorns at Kansas State Wildcats,Texas Longhorns,Kansas State Wildcats,69,31,True,Final
401236037,CFB,2020,2020-12-05T17:00Z,Oklahoma State Cowboys at TCU Horned Frogs,Oklahoma State Cowboys,TCU Horned Frogs,22,29,True,Final
401237150,CFB,2020,2020-12-05T17:00Z,Texas A&M Aggies at Auburn Tigers,Texas A&M Aggies,Auburn Tigers,31,20,True,Final
401247335,CFB,2020,2020-12-05T17:00Z,Nebraska Cornhuskers at Purdue Boilermakers,Nebraska Cornhuskers,Purdue Boilermakers,37,27,True,Final
401247336,CFB,2020,2020-12-05T17:00Z,Penn State Nittany Lions at Rutgers Scarlet Knights,Penn State Nittany Lions,Rutgers Scarlet Knights,23,7,True,Final
401247340,CFB,2020,2020-12-05T17:00Z,Ohio State Buckeyes at Michigan State Spartans,Ohio State Buckeyes,Michigan State Spartans,52,12,True,Final
401248781,CFB,2020,2020-12-05T17:00Z,Western Carolina Catamounts at North Carolina Tar Heels,Western Carolina Catamounts,North Carolina Tar Heels,9,49,True,Final
401249880,CFB,2020,2020-12-05T17:00Z,Toledo Rockets at Northern Illinois Huskies,Toledo Rockets,Northern Illinois Huskies,41,24,True,Final
401257812,CFB,2020,2020-12-05T17:00Z,Rice Owls at Marshall Thundering Herd,Rice Owls,Marshall Thundering Herd,20,0,True,Final
401264082,CFB,2020,2020-12-05T17:00Z,Memphis Tigers at Tulane Green Wave,Memphis Tigers,Tulane Green Wave,21,35,True,Final
401265818,CFB,2020,2020-12-05T17:00Z,Arkansas Razorbacks at Missouri Tigers,Arkansas Razorbacks,Missouri Tigers,48,50,True,Final
401249878,CFB,2020,2020-12-05T19:00Z,Ball State Cardinals at Central Michigan Chippewas,Ball State Cardinals,Central Michigan Chippewas,45,20,True,Final
401249879,CFB,2020,2020-12-05T19:00Z,Eastern Michigan Eagles at Western Michigan Broncos,Eastern Michigan Eagles,Western Michigan Broncos,53,42,True,Final
401249881,CFB,2020,2020-12-05T19:00Z,Bowling Green Falcons at Akron Zips,Bowling Green Falcons,Akron Zips,3,31,True,Final
401262494,CFB,2020,2020-12-05T19:00Z,Troy Trojans at South Alabama Jaguars,Troy Trojans,South Alabama Jaguars,29,0,True,Final
401234662,CFB,2020,2020-12-05T19:30Z,Syracuse Orange at Notre Dame Fighting Irish,Syracuse Orange,Notre Dame Fighting Irish,21,45,True,Final
401262493,CFB,2020,2020-12-05T20:00Z,UL Monroe Warhawks at Arkansas State Red Wolves,UL Monroe Warhawks,Arkansas State Red Wolves,15,48,True,Final
401234656,CFB,2020,2020-12-05T20:30Z,Boston College Eagles at Virginia Cavaliers,Boston College Eagles,Virginia Cavaliers,32,43,True,Final
401236034,CFB,2020,2020-12-05T20:30Z,West Virginia Mountaineers at Iowa State Cyclones,West Virginia Mountaineers,Iowa State Cyclones,6,42,True,Final
401237151,CFB,2020,2020-12-05T20:30Z,Florida Gators at Tennessee Volunteers,Florida Gators,Tennessee Volunteers,31,19,True,Final
401247337,CFB,2020,2020-12-05T20:30Z,Iowa Hawkeyes at Illinois Fighting Illini,Iowa Hawkeyes,Illinois Fighting Illini,35,21,True,Final
401247338,CFB,2020,2020-12-05T20:30Z,Indiana Hoosiers at Wisconsin Badgers,Indiana Hoosiers,Wisconsin Badgers,14,6,True,Final
401264083,CFB,2020,2020-12-05T20:30Z,Tulsa Golden Hurricane at Navy Midshipmen,Tulsa Golden Hurricane,Navy Midshipmen,19,6,True,Final
401234659,CFB,2020,2020-12-05T21:00Z,Georgia Tech Yellow Jackets at NC State Wolfpack,Georgia Tech Yellow Jackets,NC State Wolfpack,13,23,True,Final
401237152,CFB,2020,2020-12-05T21:00Z,Vanderbilt Commodores at Georgia Bulldogs,Vanderbilt Commodores,Georgia Bulldogs,0,0,False,Postponed
401249424,CFB,2020,2020-12-05T21:00Z,Stanford Cardinal at Washington Huskies,Stanford Cardinal,Washington Huskies,31,26,True,Final
401237514,CFB,2020,2020-12-05T22:30Z,BYU Cougars at Coastal Carolina Chanticleers,BYU Cougars,Coastal Carolina Chanticleers,17,22,True,Final
401249033,CFB,2020,2020-12-05T23:00Z,San José State Spartans at Hawai'i Rainbow Warriors,San José State Spartans,Hawai'i Rainbow Warriors,35,24,True,Final
401261675,CFB,2020,2020-12-05T23:00Z,Florida Atlantic Owls at Georgia Southern Eagles,Florida Atlantic Owls,Georgia Southern Eagles,3,20,True,Final
401249031,CFB,2020,2020-12-06T00:00Z,Colorado State Rams at San Diego State Aztecs,Colorado State Rams,San Diego State Aztecs,17,29,True,Final
401249423,CFB,2020,2020-12-06T00:00Z,Oregon Ducks at California Golden Bears,Oregon Ducks,California Golden Bears,17,21,True,Final
401249426,CFB,2020,2020-12-06T00:00Z,Colorado Buffaloes at Arizona Wildcats,Colorado Buffaloes,Arizona Wildcats,24,13,True,Final
401234657,CFB,2020,2020-12-06T00:30Z,Clemson Tigers at Virginia Tech Hokies,Clemson Tigers,Virginia Tech Hokies,45,10,True,Final
401237153,CFB,2020,2020-12-06T00:30Z,South Carolina Gamecocks at Kentucky Wildcats,South Carolina Gamecocks,Kentucky Wildcats,18,41,True,Final
401236033,CFB,2020,2020-12-06T01:00Z,Baylor Bears at Oklahoma Sooners,Baylor Bears,Oklahoma Sooners,14,27,True,Final
401265817,CFB,2020,2020-12-06T01:00Z,Alabama Crimson Tide at LSU Tigers,Alabama Crimson Tide,LSU Tigers,55,17,True,Final
401266134,CFB,2020,2020-12-06T01:00Z,Miami Hurricanes at Duke Blue Devils,Miami Hurricanes,Duke Blue Devils,48,0,True,Final
401249032,CFB,2020,2020-12-06T02:00Z,Fresno State Bulldogs at Nevada Wolf Pack,Fresno State Bulldogs,Nevada Wolf Pack,26,37,True,Final
401264081,CFB,2020,2020-12-06T02:00Z,Houston Cougars at SMU Mustangs,Houston Cougars,SMU Mustangs,0,0,False,Postponed
401249034,CFB,2020,2020-12-06T03:30Z,Wyoming Cowboys at New Mexico Lobos,Wyoming Cowboys,New Mexico Lobos,16,17,True,Final
401249422,CFB,2020,2020-12-06T03:30Z,Oregon State Beavers at Utah Utes,Oregon State Beavers,Utah Utes,24,30,True,Final
401249425,CFB,2020,2020-12-06T03:30Z,UCLA Bruins at Arizona State Sun Devils,UCLA Bruins,Arizona State Sun Devils,25,18,True,Final
401266789,CFB,2020,2020-12-06T17:00Z,Western Kentucky Hilltoppers at Charlotte 49ers,Western Kentucky Hilltoppers,Charlotte 49ers,37,19,True,Final
401249427,CFB,2020,2020-12-07T00:30Z,Washington State Cougars at USC Trojans,Washington State Cougars,USC Trojans,13,38,True,Final
401257813,CFB,2020,2020-12-10T23:30Z,Florida Atlantic Owls at Southern Mississippi Golden Eagles,Florida Atlantic Owls,Southern Mississippi Golden Eagles,31,45,True,Final
401261245,CFB,2020,2020-12-11T00:00Z,Pittsburgh Panthers at Georgia Tech Yellow Jackets,Pittsburgh Panthers,Georgia Tech Yellow Jackets,34,20,True,Final
401257816,CFB,2020,2020-12-11T23:00Z,North Texas Mean Green at UTEP Miners,North Texas Mean Green,UTEP Miners,45,43,True,Final
401249429,CFB,2020,2020-12-12T00:00Z,Arizona State Sun Devils at Arizona Wildcats,Arizona State Sun Devils,Arizona Wildcats,70,7,True,Final
401249037,CFB,2020,2020-12-12T03:00Z,Nevada Wolf Pack at San José State Spartans,Nevada Wolf Pack,San José State Spartans,20,30,True,Final
401247342,CFB,2020,2020-12-12T17:00Z,Rutgers Scarlet Knights at Maryland Terrapins,Rutgers Scarlet Knights,Maryland Terrapins,27,24,True,Final
401247344,CFB,2020,2020-12-12T17:00Z,Illinois Fighting Illini at Northwestern Wildcats,Illinois Fighting Illini,Northwestern Wildcats,10,28,True,Final
401247345,CFB,2020,2020-12-12T17:00Z,Minnesota Golden Gophers at Nebraska Cornhuskers,Minnesota Golden Gophers,Nebraska Cornhuskers,24,17,True,Final
401247346,CFB,2020,2020-12-12T17:00Z,Michigan State Spartans at Penn State Nittany Lions,Michigan State Spartans,Penn State Nittany Lions,24,39,True,Final
401249428,CFB,2020,2020-12-12T17:00Z,Utah Utes at Colorado Buffaloes,Utah Utes,Colorado Buffaloes,38,21,True,Final
401249884,CFB,2020,2020-12-12T17:00Z,Northern Illinois Huskies at Eastern Michigan Eagles,Northern Illinois Huskies,Eastern Michigan Eagles,33,41,True,Final
401249885,CFB,2020,2020-12-12T17:00Z,Western Michigan Broncos at Ball State Cardinals,Western Michigan Broncos,Ball State Cardinals,27,30,True,Final
401266696,CFB,2020,2020-12-12T17:00Z,Wake Forest Demon Deacons at Louisville Cardinals,Wake Forest Demon Deacons,Louisville Cardinals,21,45,True,Final
401267161,CFB,2020,2020-12-12T17:00Z,Georgia Bulldogs at Missouri Tigers,Georgia Bulldogs,Missouri Tigers,49,14,True,Final
401267164,CFB,2020,2020-12-12T17:00Z,Alabama Crimson Tide at Arkansas Razorbacks,Alabama Crimson Tide,Arkansas Razorbacks,52,3,True,Final
401257815,CFB,2020,2020-12-12T18:00Z,UAB Blazers at Rice Owls,UAB Blazers,Rice Owls,21,16,True,Final
401249886,CFB,2020,2020-12-12T19:30Z,Akron Zips at Buffalo Bulls,Akron Zips,Buffalo Bulls,7,56,True,Final
401207203,CFB,2020,2020-12-12T20:00Z,Navy Midshipmen at Army Black Knights,Navy Midshipmen,Army Black Knights,0,15,True,Final
401249883,CFB,2020,2020-12-12T20:00Z,Central Michigan Chippewas at Toledo Rockets,Central Michigan Chippewas,Toledo Rockets,23,24,True,Final
401259671,CFB,2020,2020-12-12T20:00Z,Coastal Carolina Chanticleers at Troy Trojans,Coastal Carolina Chanticleers,Troy Trojans,42,38,True,Final
401234661,CFB,2020,2020-12-12T20:30Z,North Carolina Tar Heels at Miami Hurricanes,North Carolina Tar Heels,Miami Hurricanes,62,26,True,Final
401247347,CFB,2020,2020-12-12T20:30Z,Wisconsin Badgers at Iowa Hawkeyes,Wisconsin Badgers,Iowa Hawkeyes,7,28,True,Final
401250713,CFB,2020,2020-12-12T20:30Z,Oklahoma State Cowboys at Baylor Bears,Oklahoma State Cowboys,Baylor Bears,42,3,True,Final
401264084,CFB,2020,2020-12-12T20:30Z,Houston Cougars at Memphis Tigers,Houston Cougars,Memphis Tigers,27,30,True,Final
401266694,CFB,2020,2020-12-12T21:00Z,Duke Blue Devils at Florida State Seminoles,Duke Blue Devils,Florida State Seminoles,35,56,True,Final
401267163,CFB,2020,2020-12-12T21:00Z,Tennessee Volunteers at Vanderbilt Commodores,Tennessee Volunteers,Vanderbilt Commodores,42,17,True,Final
401215309,CFB,2020,2020-12-12T23:00Z,Appalachian State Mountaineers at Georgia Southern Eagles,Appalachian State Mountaineers,Georgia Southern Eagles,34,26,True,Final
401249035,CFB,2020,2020-12-12T23:00Z,Boise State Broncos at Wyoming Cowboys,Boise State Broncos,Wyoming Cowboys,17,9,True,Final
401251100,CFB,2020,2020-12-13T00:00Z,LSU Tigers at Florida Gators,LSU Tigers,Florida Gators,37,34,True,Final
401266711,CFB,2020,2020-12-13T00:00Z,Louisiana Tech Bulldogs at TCU Horned Frogs,Louisiana Tech Bulldogs,TCU Horned Frogs,10,52,True,Final
401249431,CFB,2020,2020-12-13T00:30Z,USC Trojans at UCLA Bruins,USC Trojans,UCLA Bruins,43,38,True,Final
401260157,CFB,2020,2020-12-13T00:30Z,Auburn Tigers at Mississippi State Bulldogs,Auburn Tigers,Mississippi State Bulldogs,24,10,True,Final
401234572,CFB,2020,2020-12-13T01:00Z,Virginia Cavaliers at Virginia Tech Hokies,Virginia Cavaliers,Virginia Tech Hokies,15,33,True,Final
401249432,CFB,2020,2020-12-13T03:00Z,Stanford Cardinal at Oregon State Beavers,Stanford Cardinal,Oregon State Beavers,27,24,True,Final
401249435,CFB,2020,2020-12-13T03:00Z,San Diego State Aztecs at BYU Cougars,San Diego State Aztecs,BYU Cougars,14,28,True,Final
401249036,CFB,2020,2020-12-13T03:30Z,Fresno State Bulldogs at New Mexico Lobos,Fresno State Bulldogs,New Mexico Lobos,39,49,True,Final
401249038,CFB,2020,2020-12-13T04:00Z,UNLV Rebels at Hawai'i Rainbow Warriors,UNLV Rebels,Hawai'i Rainbow Warriors,21,38,True,Final
401240101,CFB,2020,2020-12-19T00:00Z,UAB Blazers at Marshall Thundering Herd,UAB Blazers,Marshall Thundering Herd,22,13,True,Final
401249854,CFB,2020,2020-12-19T00:30Z,Ball State Cardinals at Buffalo Bulls,Ball State Cardinals,Buffalo Bulls,38,28,True,Final
401269382,CFB,2020,2020-12-19T00:30Z,Nebraska Cornhuskers at Rutgers Scarlet Knights,Nebraska Cornhuskers,Rutgers Scarlet Knights,28,21,True,Final
401249434,CFB,2020,2020-12-19T01:00Z,Oregon Ducks at USC Trojans,Oregon Ducks,USC Trojans,31,24,True,Final
401247349,CFB,2020,2020-12-19T17:00Z,Northwestern Wildcats at Ohio State Buckeyes,Northwestern Wildcats,Ohio State Buckeyes,10,22,True,Final
401260158,CFB,2020,2020-12-19T17:00Z,Texas A&M Aggies at Tennessee Volunteers,Texas A&M Aggies,Tennessee Volunteers,34,13,True,Final
401262060,CFB,2020,2020-12-19T17:00Z,Oklahoma Sooners at Iowa State Cyclones,Oklahoma Sooners,Iowa State Cyclones,27,21,True,Final
401269375,CFB,2020,2020-12-19T18:30Z,Washington State Cougars at Utah Utes,Washington State Cougars,Utah Utes,28,45,True,Final
401265699,CFB,2020,2020-12-19T20:00Z,Air Force Falcons at Army Black Knights,Air Force Falcons,Army Black Knights,7,10,True,Final
401267165,CFB,2020,2020-12-19T20:30Z,Ole Miss Rebels at LSU Tigers,Ole Miss Rebels,LSU Tigers,48,53,True,Final
401267166,CFB,2020,2020-12-19T20:30Z,Missouri Tigers at Mississippi State Bulldogs,Missouri Tigers,Mississippi State Bulldogs,32,51,True,Final
401256001,CFB,2020,2020-12-19T21:00Z,Clemson Tigers at Notre Dame Fighting Irish,Clemson Tigers,Notre Dame Fighting Irish,34,10,True,Final
401269384,CFB,2020,2020-12-19T21:00Z,Minnesota Golden Gophers at Wisconsin Badgers,Minnesota Golden Gophers,Wisconsin Badgers,17,20,True,Final
401249043,CFB,2020,2020-12-19T21:40Z,Boise State Broncos at San José State Spartans,Boise State Broncos,San José State Spartans,20,34,True,Final
401269381,CFB,2020,2020-12-19T22:30Z,Illinois Fighting Illini at Penn State Nittany Lions,Illinois Fighting Illini,Penn State Nittany Lions,21,56,True,Final
401269376,CFB,2020,2020-12-20T00:00Z,Stanford Cardinal at UCLA Bruins,Stanford Cardinal,UCLA Bruins,48,47,True,Final
401237074,CFB,2020,2020-12-20T01:00Z,Alabama Crimson Tide at Florida Gators,Alabama Crimson Tide,Florida Gators,52,46,True,Final
401264085,CFB,2020,2020-12-20T01:00Z,Tulsa Golden Hurricane at Cincinnati Bearcats,Tulsa Golden Hurricane,Cincinnati Bearcats,24,27,True,Final
401269378,CFB,2020,2020-12-20T03:30Z,Arizona State Sun Devils at Oregon State Beavers,Arizona State Sun Devils,Oregon State Beavers,46,33,True,Final
401256135,CFB,2020,2020-12-21T19:30Z,Appalachian State Mountaineers at North Texas Mean Green,Appalachian State Mountaineers,North Texas Mean Green,56,28,True,Final
401256136,CFB,2020,2020-12-22T20:30Z,Tulane Green Wave at Nevada Wolf Pack,Tulane Green Wave,Nevada Wolf Pack,27,38,True,Final
401256137,CFB,2020,2020-12-23T00:00Z,UCF Knights at BYU Cougars,UCF Knights,BYU Cougars,23,49,True,Final
401256138,CFB,2020,2020-12-23T20:00Z,Louisiana Tech Bulldogs at Georgia Southern Eagles,Louisiana Tech Bulldogs,Georgia Southern Eagles,3,38,True,Final
401256139,CFB,2020,2020-12-24T00:00Z,Memphis Tigers at Florida Atlantic Owls,Memphis Tigers,Florida Atlantic Owls,25,10,True,Final
401256140,CFB,2020,2020-12-24T20:30Z,Hawai'i Rainbow Warriors at Houston Cougars,Hawai'i Rainbow Warriors,Houston Cougars,28,14,True,Final
401256141,CFB,2020,2020-12-25T19:30Z,Marshall Thundering Herd at Buffalo Bulls,Marshall Thundering Herd,Buffalo Bulls,10,17,True,Final
401256144,CFB,2020,2020-12-26T20:30Z,Louisiana Ragin' Cajuns at UTSA Roadrunners,Louisiana Ragin' Cajuns,UTSA Roadrunners,31,24,True,Final
401256145,CFB,2020,2020-12-26T20:30Z,Western Kentucky Hilltoppers at Georgia State Panthers,Western Kentucky Hilltoppers,Georgia State Panthers,21,39,True,Final
401256143,CFB,2020,2020-12-27T00:30Z,Liberty Flames at Coastal Carolina Chanticleers,Liberty Flames,Coastal Carolina Chanticleers,37,34,True,Final
401256150,CFB,2020,2020-12-29T22:30Z,Oklahoma State Cowboys at Miami Hurricanes,Oklahoma State Cowboys,Miami Hurricanes,37,34,True,Final
401256151,CFB,2020,2020-12-30T02:00Z,Texas Longhorns at Colorado Buffaloes,Texas Longhorns,Colorado Buffaloes,55,23,True,Final
401256152,CFB,2020,2020-12-30T17:00Z,Wake Forest Demon Deacons at Wisconsin Badgers,Wake Forest Demon Deacons,Wisconsin Badgers,28,42,True,Final
401256194,CFB,2020,2020-12-31T01:00Z,Florida Gators at Oklahoma Sooners,Florida Gators,Oklahoma Sooners,20,55,True,Final
401256196,CFB,2020,2020-12-31T17:00Z,Tulsa Golden Hurricane at Mississippi State Bulldogs,Tulsa Golden Hurricane,Mississippi State Bulldogs,26,28,True,Final
401268773,CFB,2020,2020-12-31T19:00Z,Ball State Cardinals at San José State Spartans,Ball State Cardinals,San José State Spartans,34,13,True,Final
401256197,CFB,2020,2020-12-31T21:00Z,West Virginia Mountaineers at Army Black Knights,West Virginia Mountaineers,Army Black Knights,24,21,True,Final
401256108,CFB,2020,2021-01-01T17:00Z,Georgia Bulldogs at Cincinnati Bearcats,Georgia Bulldogs,Cincinnati Bearcats,24,21,True,Final
401256199,CFB,2020,2021-01-01T18:00Z,Auburn Tigers at Northwestern Wildcats,Auburn Tigers,Northwestern Wildcats,19,35,True,Final
401240152,CFB,2020,2021-01-01T21:00Z,Notre Dame Fighting Irish at Alabama Crimson Tide,Notre Dame Fighting Irish,Alabama Crimson Tide,14,31,True,Final
401240173,CFB,2020,2021-01-02T01:00Z,Ohio State Buckeyes at Clemson Tigers,Ohio State Buckeyes,Clemson Tigers,49,28,True,Final
401256109,CFB,2020,2021-01-02T17:00Z,NC State Wolfpack at Kentucky Wildcats,NC State Wolfpack,Kentucky Wildcats,21,23,True,Final
401256110,CFB,2020,2021-01-02T17:30Z,Ole Miss Rebels at Indiana Hoosiers,Ole Miss Rebels,Indiana Hoosiers,26,20,True,Final
401256111,CFB,2020,2021-01-02T21:00Z,Oregon Ducks at Iowa State Cyclones,Oregon Ducks,Iowa State Cyclones,17,34,True,Final
401256112,CFB,2020,2021-01-03T01:00Z,Texas A&M Aggies at North Carolina Tar Heels,Texas A&M Aggies,North Carolina Tar Heels,41,27,True,Final
401240174,CFB,2020,2021-01-12T01:00Z,Ohio State Buckeyes at Alabama Crimson Tide,Ohio State Buckeyes,Alabama Crimson Tide,24,52,True,Final
401274137,CFB,2020,2021-01-30T19:30Z,National  at American ,National,American,27,24,True,Final
