captured_at,away,home,kickoff,away_spread,away_spread_odds,away_ml,total,over_odds,home_spread,home_spread_odds,home_ml,under_odds,source
2026-09-04T18:01Z,Ohio,Nebraska,SAT 12:00PM ET,23.5,-106,1400,46.5,-106,-23.5,-114,-4000,-114,"FanDuel Virginia (proxy for comparison display, not Garrett TN book)"
2026-09-04T18:01Z,Coastal Carolina,WV Mountaineers,SAT 12:00PM ET,21.5,-115,980,56.5,-106,-21.5,-105,-2000,-114,"FanDuel Virginia (proxy for comparison display, not Garrett TN book)"
2026-09-04T18:01Z,New Hampshire,Syracuse,SAT 12:00PM ET,34.5,-112,5500,55.5,-112,-34.5,-108,,-108,"FanDuel Virginia (proxy for comparison display, not Garrett TN book)"
2026-09-04T18:01Z,Miami Ohio,Pittsburgh,SAT 12:00PM ET,16.5,-108,550,47.5,-110,-16.5,-112,-820,-110,"FanDuel Virginia (proxy for comparison display, not Garrett TN book)"
2026-09-04T18:01Z,North Texas,Indiana,SAT 12:00PM ET,40.5,-110,,57.5,-105,-40.5,-110,,-115,"FanDuel Virginia (proxy for comparison display, not Garrett TN book)"
2026-09-04T18:01Z,Lafayette,Connecticut,SAT 12:00PM ET,19.5,-110,860,51.5,-110,-19.5,-110,-1600,-110,"FanDuel Virginia (proxy for comparison display, not Garrett TN book)"
2026-09-04T18:01Z,East Carolina,Alabama,SAT 12:00PM ET,28.5,-122,2000,52.5,-110,-28.5,100,-7000,-110,"FanDuel Virginia (proxy for comparison display, not Garrett TN book)"
2026-09-04T18:01Z,Bryant,Army,SAT 12:00PM ET,37.5,-105,,50.5,-115,-37.5,-115,,-105,"FanDuel Virginia (proxy for comparison display, not Garrett TN book)"
2026-09-04T18:01Z,Tarleton State,Bowling Green,SAT 12:00PM ET,2.5,-110,112,48.5,-110,-2.5,-110,-134,-110,"FanDuel Virginia (proxy for comparison display, not Garrett TN book)"
2026-09-04T18:01Z,Oregon State,Houston,SAT 12:00PM ET,20.5,-104,920,50.5,-112,-20.5,-118,-1800,-108,"FanDuel Virginia (proxy for comparison display, not Garrett TN book)"
2026-09-04T18:01Z,Ball State,Ohio State,SAT 12:30PM ET,49.5,-105,,56.5,-106,-49.5,-115,,-114,"FanDuel Virginia (proxy for comparison display, not Garrett TN book)"
2026-09-04T18:01Z,Kent State,South Carolina,SAT 12:45PM ET,36.5,-115,,54.5,-106,-36.5,-105,,-114,"FanDuel Virginia (proxy for comparison display, not Garrett TN book)"
2026-09-04T18:01Z,Southeast Missouri State,Iowa State,SAT 1:00PM ET,30.5,-115,2400,52.5,-112,-30.5,-105,-10000,-108,"FanDuel Virginia (proxy for comparison display, not Garrett TN book)"
2026-09-04T18:01Z,Duquesne,Air Force,SAT 1:00PM ET,28.5,-106,2400,56.5,-115,-28.5,-114,-10000,-105,"FanDuel Virginia (proxy for comparison display, not Garrett TN book)"
2026-09-04T18:01Z,Youngstown State,Kentucky,SAT 1:00PM ET,21.5,-112,1060,62.5,-108,-21.5,-108,-2300,-112,"FanDuel Virginia (proxy for comparison display, not Garrett TN book)"
2026-09-04T18:01Z,Rhode Island,Temple,SAT 2:00PM ET,14.5,-115,490,51.5,-105,-14.5,-105,-720,-115,"FanDuel Virginia (proxy for comparison display, not Garrett TN book)"
2026-09-04T18:01Z,Tennessee State,Georgia,SAT 3:00PM ET,47.5,-110,7000,54.5,-112,-47.5,-110,,-108,"FanDuel Virginia (proxy for comparison display, not Garrett TN book)"
2026-09-04T18:01Z,Furman,Tennessee,SAT 3:30PM ET,48.5,-105,,66.5,-108,-48.5,-115,,-112,"FanDuel Virginia (proxy for comparison display, not Garrett TN book)"
2026-09-04T18:01Z,Marshall,Penn State,SAT 3:30PM ET,24.5,-120,1400,52.5,-105,-24.5,-102,-4000,-115,"FanDuel Virginia (proxy for comparison display, not Garrett TN book)"
2026-09-04T18:01Z,Tulane,Duke,SAT 3:30PM ET,7.5,-110,245,51.5,-105,-7.5,-110,-310,-115,"FanDuel Virginia (proxy for comparison display, not Garrett TN book)"
2026-09-04T18:01Z,Towson,Navy,SAT 3:30PM ET,31.5,-118,3500,51.5,-105,-31.5,-104,-20000,-115,"FanDuel Virginia (proxy for comparison display, not Garrett TN book)"
2026-09-04T18:01Z,Texas State,Texas,SAT 3:30PM ET,29.5,-110,2200,59.5,-110,-29.5,-110,-10000,-110,"FanDuel Virginia (proxy for comparison display, not Garrett TN book)"
2026-09-04T18:01Z,The Citadel,Charlotte,SAT 3:30PM ET,19.5,-110,920,45.5,-115,-19.5,-110,-1800,-105,"FanDuel Virginia (proxy for comparison display, not Garrett TN book)"
2026-09-04T18:01Z,Boston College,Cincinnati,SAT 3:30PM ET,7.5,-110,250,49.5,-112,-7.5,-110,-315,-108,"FanDuel Virginia (proxy for comparison display, not Garrett TN book)"
2026-09-04T18:01Z,Boise State,Oregon,SAT 3:30PM ET,24.5,-110,1500,51.5,-110,-24.5,-110,-4000,-110,"FanDuel Virginia (proxy for comparison display, not Garrett TN book)"
2026-09-04T18:01Z,Maine,Appalachian State,SAT 3:30PM ET,18.5,-112,800,52.5,-112,-18.5,-108,-1400,-108,"FanDuel Virginia (proxy for comparison display, not Garrett TN book)"
2026-09-04T18:01Z,Fordham,North Dakota State,SAT 3:30PM ET,40.5,-105,,55.5,-106,-40.5,-115,,-114,"FanDuel Virginia (proxy for comparison display, not Garrett TN book)"
2026-09-04T18:01Z,Baylor,Auburn,SAT 3:30PM ET,7.5,-115,240,58.5,-115,-7.5,-105,-295,-105,"FanDuel Virginia (proxy for comparison display, not Garrett TN book)"
2026-09-04T18:01Z,Oklahoma State,Tulsa,SAT 3:45PM ET,-13.5,-110,-550,59.5,-105,13.5,-110,440,-115,"FanDuel Virginia (proxy for comparison display, not Garrett TN book)"
2026-09-04T18:01Z,Northern Illinois,Iowa,SAT 4:15PM ET,31.5,-110,5000,44.5,-115,-31.5,-110,,-105,"FanDuel Virginia (proxy for comparison display, not Garrett TN book)"
2026-09-04T18:01Z,Alcorn State,Southern Miss,SAT 5:00PM ET,18.5,-110,800,51.5,-110,-18.5,-110,-1400,-110,"FanDuel Virginia (proxy for comparison display, not Garrett TN book)"
2026-09-04T18:01Z,Wyoming,Colorado State,SAT 6:00PM ET,3.5,-120,130,46.5,-105,-3.5,-102,-156,-115,"FanDuel Virginia (proxy for comparison display, not Garrett TN book)"
2026-09-04T18:01Z,Houston Christian,Rice,SAT 7:00PM ET,22.5,-110,1400,47.5,-115,-22.5,-110,-4000,-105,"FanDuel Virginia (proxy for comparison display, not Garrett TN book)"
2026-09-04T18:01Z,FIU,South Florida,SAT 7:00PM ET,14.5,-108,480,51.5,-112,-14.5,-112,-710,-108,"FanDuel Virginia (proxy for comparison display, not Garrett TN book)"
2026-09-04T18:01Z,Southeast Louisiana,South Alabama,SAT 7:00PM ET,12.5,-112,400,52.5,-115,-12.5,-110,-550,-105,"FanDuel Virginia (proxy for comparison display, not Garrett TN book)"
2026-09-04T18:01Z,Eastern Kentucky,Jacksonville State,SAT 7:00PM ET,20.5,-108,920,54.5,-110,-20.5,-112,-1800,-110,"FanDuel Virginia (proxy for comparison display, not Garrett TN book)"
2026-09-04T18:01Z,Idaho State,Utah State,SAT 7:00PM ET,13.5,-108,450,61.5,-110,-13.5,-112,-630,-110,"FanDuel Virginia (proxy for comparison display, not Garrett TN book)"
2026-09-04T18:01Z,Nicholls State,Kansas State,SAT 7:00PM ET,41.5,-110,,54.5,-110,-41.5,-110,,-110,"FanDuel Virginia (proxy for comparison display, not Garrett TN book)"
2026-09-04T18:01Z,Sam Houston State,Troy,SAT 7:00PM ET,16.5,-105,610,54.5,-115,-16.5,-115,-950,-105,"FanDuel Virginia (proxy for comparison display, not Garrett TN book)"
2026-09-04T18:01Z,Western Michigan,Michigan,SAT 7:00PM ET,27.5,-105,2000,49.5,-110,-27.5,-115,-7000,-110,"FanDuel Virginia (proxy for comparison display, not Garrett TN book)"
2026-09-04T18:01Z,Missouri State,Texas A&M,SAT 7:00PM ET,40.5,-110,,53.5,-110,-40.5,-110,,-110,"FanDuel Virginia (proxy for comparison display, not Garrett TN book)"
2026-09-04T18:01Z,Austin Peay,Vanderbilt,SAT 7:00PM ET,28.5,-115,2400,60.5,-105,-28.5,-105,-10000,-115,"FanDuel Virginia (proxy for comparison display, not Garrett TN book)"
2026-09-04T18:01Z,Murray State,Middle Tennessee,SAT 7:00PM ET,21.5,-115,1000,57.5,-112,-21.5,-105,-2100,-108,"FanDuel Virginia (proxy for comparison display, not Garrett TN book)"
2026-09-04T18:01Z,Abilene Christian,Texas Tech,SAT 7:00PM ET,42.5,-105,,59.5,-110,-42.5,-115,,-110,"FanDuel Virginia (proxy for comparison display, not Garrett TN book)"
2026-09-04T18:01Z,Arkansas State,Memphis,SAT 7:00PM ET,10.5,-110,330,52.5,-112,-10.5,-110,-430,-108,"FanDuel Virginia (proxy for comparison display, not Garrett TN book)"
2026-09-04T18:01Z,UL Monroe,Mississippi State,SAT 7:30PM ET,28.5,-115,2000,54.5,-110,-28.5,-105,-7000,-110,"FanDuel Virginia (proxy for comparison display, not Garrett TN book)"
2026-09-04T18:01Z,Clemson,LSU,SAT 7:30PM ET,10.5,-118,310,50.5,-105,-10.5,-104,-390,-115,"FanDuel Virginia (proxy for comparison display, not Garrett TN book)"
2026-09-04T18:01Z,Northwestern State,Louisiana Tech,SAT 7:30PM ET,44.5,-110,,55.5,-110,-44.5,-110,,-110,"FanDuel Virginia (proxy for comparison display, not Garrett TN book)"
2026-09-04T18:01Z,Florida Atlantic,Florida,SAT 7:45PM ET,26.5,-108,1600,59.5,-106,-26.5,-112,-4500,-114,"FanDuel Virginia (proxy for comparison display, not Garrett TN book)"
2026-09-04T18:01Z,Lamar,Louisiana,SAT 8:00PM ET,19.5,-108,890,49.5,-108,-19.5,-112,-1700,-112,"FanDuel Virginia (proxy for comparison display, not Garrett TN book)"
2026-09-04T18:01Z,Utah Tech,BYU,SAT 8:00PM ET,51.5,-110,,61.5,-105,-51.5,-110,,-115,"FanDuel Virginia (proxy for comparison display, not Garrett TN book)"
2026-09-04T18:01Z,South Dakota State,Northwestern,SAT 8:00PM ET,13.5,-112,400,46.5,-114,-13.5,-108,-550,-106,"FanDuel Virginia (proxy for comparison display, not Garrett TN book)"
2026-09-04T18:01Z,Mercyhurst,New Mexico State,SAT 9:00PM ET,28.5,-108,2400,51.5,-110,-28.5,-112,-10000,-110,"FanDuel Virginia (proxy for comparison display, not Garrett TN book)"
2026-09-04T18:01Z,Portland State,San Diego State,SAT 9:30PM ET,39.5,-110,,62.5,-105,-39.5,-110,,-115,"FanDuel Virginia (proxy for comparison display, not Garrett TN book)"
2026-09-04T18:01Z,Northern Arizona,Arizona,SAT 9:30PM ET,31.5,-108,3000,58.5,-105,-31.5,-112,-30000,-115,"FanDuel Virginia (proxy for comparison display, not Garrett TN book)"
2026-09-04T18:01Z,Morgan State,Arizona State,SAT 10:00PM ET,43.5,-105,,53.5,-106,-43.5,-115,,-114,"FanDuel Virginia (proxy for comparison display, not Garrett TN book)"
2026-09-04T18:01Z,Mississippi Valley State,Sacramento State,SAT 10:00PM ET,38.5,-110,7000,56.5,-115,-38.5,-110,,-105,"FanDuel Virginia (proxy for comparison display, not Garrett TN book)"
2026-09-04T18:01Z,Central Michigan,New Mexico,SAT 10:00PM ET,10.5,-105,350,46.5,-110,-10.5,-115,-465,-110,"FanDuel Virginia (proxy for comparison display, not Garrett TN book)"
2026-09-04T18:01Z,UNLV,Hawaii,SAT 10:00PM ET,-3.5,100,-150,56.5,-106,3.5,-122,125,-114,"FanDuel Virginia (proxy for comparison display, not Garrett TN book)"
2026-09-04T18:01Z,Western Kentucky,Nevada,SAT 10:30PM ET,-1.5,-108,-118,52.5,-110,1.5,-112,-102,-110,"FanDuel Virginia (proxy for comparison display, not Garrett TN book)"
2026-09-04T18:01Z,UCLA,California,SAT 10:30PM ET,-2.5,-106,-124,53.5,-110,2.5,-114,106,-110,"FanDuel Virginia (proxy for comparison display, not Garrett TN book)"
