capture_id,quote_id,captured_at,source,source_updated_at,state,sport,event_id,event_name,kickoff,book,market_id,market_type,market_name,player_id,player_name,selection_id,selection,line,american_price,decimal_price,implied_probability,quote_status,opening_line,opening_price,first_observed,closing_line,closing_price,result,net_units,model_version
a4dc4f5e-22c1-4270-aa9e-557d98bf1f22,a26d45ca-8a5d-4338-9750-94b545ee32d8,2026-09-05T00:17:48Z,FanDuel Sportsbook structured market feed,,VA,NFL,35610168,New Orleans Saints @ Detroit Lions,2026-09-13T17:01:00.000Z,FanDuel,751.169090586,moneyline,Moneyline,,,50196,New Orleans Saints,,270,3.7,0.2702702702702703,open,,,2026-09-05T00:17:48Z,,,,,v3-forward-measurement
a4dc4f5e-22c1-4270-aa9e-557d98bf1f22,f9f1aeaf-97e7-4612-a94b-0254ae801f51,2026-09-05T00:17:48Z,FanDuel Sportsbook structured market feed,,VA,NFL,35610168,New Orleans Saints @ Detroit Lions,2026-09-13T17:01:00.000Z,FanDuel,751.169090585,total,Total Points,,,7017916,Over,49.5,-115,1.8695652173913042,0.5348837209302325,open,,,2026-09-05T00:17:48Z,,,,,v3-forward-measurement
a4dc4f5e-22c1-4270-aa9e-557d98bf1f22,88d1c0bf-8479-4cbf-8bf2-c83bc6d00607,2026-09-05T00:17:48Z,FanDuel Sportsbook structured market feed,,VA,NFL,35610168,New Orleans Saints @ Detroit Lions,2026-09-13T17:01:00.000Z,FanDuel,751.169090585,total,Total Points,,,7017917,Under,49.5,-105,1.9523809523809523,0.5121951219512195,open,,,2026-09-05T00:17:48Z,,,,,v3-forward-measurement
a4dc4f5e-22c1-4270-aa9e-557d98bf1f22,005765f3-d3b1-4b31-a111-22a609e53cc3,2026-09-05T00:17:48Z,FanDuel Sportsbook structured market feed,,VA,NFL,35610168,New Orleans Saints @ Detroit Lions,2026-09-13T17:01:00.000Z,FanDuel,751.169090586,moneyline,Moneyline,,,50193,Detroit Lions,,-335,1.2985074626865671,0.7701149425287356,open,,,2026-09-05T00:17:48Z,,,,,v3-forward-measurement
a4dc4f5e-22c1-4270-aa9e-557d98bf1f22,ca659bd2-5bc2-4d6e-aeab-8a00f79be374,2026-09-05T00:17:48Z,FanDuel Sportsbook structured market feed,,VA,NFL,35610171,Green Bay Packers @ Minnesota Vikings,2026-09-13T20:25:00.000Z,FanDuel,751.169090664,spread,Spread,,,50192,Green Bay Packers,1.5,-115,1.8695652173913042,0.5348837209302325,open,,,2026-09-05T00:17:48Z,,,,,v3-forward-measurement
a4dc4f5e-22c1-4270-aa9e-557d98bf1f22,372778ba-9db3-420b-a124-858dca90389c,2026-09-05T00:17:48Z,FanDuel Sportsbook structured market feed,,VA,NFL,35610171,Green Bay Packers @ Minnesota Vikings,2026-09-13T20:25:00.000Z,FanDuel,751.169090664,spread,Spread,,,50191,Minnesota Vikings,-1.5,-105,1.9523809523809523,0.5121951219512195,open,,,2026-09-05T00:17:48Z,,,,,v3-forward-measurement
a4dc4f5e-22c1-4270-aa9e-557d98bf1f22,ce234e0f-c81d-48d2-8835-7ad38bf4443d,2026-09-05T00:17:48Z,FanDuel Sportsbook structured market feed,,VA,NFL,35610171,Green Bay Packers @ Minnesota Vikings,2026-09-13T20:25:00.000Z,FanDuel,751.169090665,moneyline,Moneyline,,,50192,Green Bay Packers,,100,2.0,0.5,open,,,2026-09-05T00:17:48Z,,,,,v3-forward-measurement
a4dc4f5e-22c1-4270-aa9e-557d98bf1f22,a1d7e1f6-5c1b-4427-94dd-66a98f04e622,2026-09-05T00:17:48Z,FanDuel Sportsbook structured market feed,,VA,NFL,35610171,Green Bay Packers @ Minnesota Vikings,2026-09-13T20:25:00.000Z,FanDuel,751.169090665,moneyline,Moneyline,,,50191,Minnesota Vikings,,-118,1.847457627118644,0.5412844036697247,open,,,2026-09-05T00:17:48Z,,,,,v3-forward-measurement
a4dc4f5e-22c1-4270-aa9e-557d98bf1f22,a06c334a-8878-488d-a8d7-b44f9ffb1324,2026-09-05T00:17:48Z,FanDuel Sportsbook structured market feed,,VA,NFL,35610190,Baltimore Ravens @ Indianapolis Colts,2026-09-13T17:01:00.000Z,FanDuel,751.169091670,spread,Spread,,,50205,Baltimore Ravens,-3.5,-105,1.9523809523809523,0.5121951219512195,open,,,2026-09-05T00:17:48Z,,,,,v3-forward-measurement
a4dc4f5e-22c1-4270-aa9e-557d98bf1f22,7d02f923-398b-4e8f-b77d-9bc403469d42,2026-09-05T00:17:48Z,FanDuel Sportsbook structured market feed,,VA,NFL,35610190,Baltimore Ravens @ Indianapolis Colts,2026-09-13T17:01:00.000Z,FanDuel,751.169091670,spread,Spread,,,50200,Indianapolis Colts,3.5,-115,1.8695652173913042,0.5348837209302325,open,,,2026-09-05T00:17:48Z,,,,,v3-forward-measurement
a4dc4f5e-22c1-4270-aa9e-557d98bf1f22,2af53e04-3955-4ce4-8081-6d4dfe4aefe9,2026-09-05T00:17:48Z,FanDuel Sportsbook structured market feed,,VA,NFL,35610170,Arizona Cardinals @ Los Angeles Chargers,2026-09-13T20:26:00.000Z,FanDuel,751.169090660,spread,Spread,,,50188,Arizona Cardinals,9.5,-104,1.9615384615384617,0.5098039215686274,open,,,2026-09-05T00:17:48Z,,,,,v3-forward-measurement
a4dc4f5e-22c1-4270-aa9e-557d98bf1f22,d114a786-e737-468c-85d8-be9184da2ecb,2026-09-05T00:17:48Z,FanDuel Sportsbook structured market feed,,VA,NFL,35610170,Arizona Cardinals @ Los Angeles Chargers,2026-09-13T20:26:00.000Z,FanDuel,751.169090660,spread,Spread,,,12481798,Los Angeles Chargers,-9.5,-118,1.847457627118644,0.5412844036697247,open,,,2026-09-05T00:17:48Z,,,,,v3-forward-measurement
a4dc4f5e-22c1-4270-aa9e-557d98bf1f22,6fd122a4-d200-4c3c-b53a-e8e19e861ac1,2026-09-05T00:17:48Z,FanDuel Sportsbook structured market feed,,VA,NFL,35610190,Baltimore Ravens @ Indianapolis Colts,2026-09-13T17:01:00.000Z,FanDuel,751.169091673,moneyline,Moneyline,,,50205,Baltimore Ravens,,-178,1.5617977528089888,0.6402877697841727,open,,,2026-09-05T00:17:48Z,,,,,v3-forward-measurement
a4dc4f5e-22c1-4270-aa9e-557d98bf1f22,525b9d53-4663-4e7e-b22d-194f0bcb0c6b,2026-09-05T00:17:48Z,FanDuel Sportsbook structured market feed,,VA,NFL,35610190,Baltimore Ravens @ Indianapolis Colts,2026-09-13T17:01:00.000Z,FanDuel,751.169091673,moneyline,Moneyline,,,50200,Indianapolis Colts,,150,2.5,0.4,open,,,2026-09-05T00:17:48Z,,,,,v3-forward-measurement
a4dc4f5e-22c1-4270-aa9e-557d98bf1f22,7eaab4f0-3f5e-4e78-a6a8-c5c3e6b7cb4c,2026-09-05T00:17:48Z,FanDuel Sportsbook structured market feed,,VA,NFL,35610190,Baltimore Ravens @ Indianapolis Colts,2026-09-13T17:01:00.000Z,FanDuel,751.169091672,total,Total Points,,,7017916,Over,47.5,-112,1.8928571428571428,0.5283018867924528,open,,,2026-09-05T00:17:48Z,,,,,v3-forward-measurement
a4dc4f5e-22c1-4270-aa9e-557d98bf1f22,0a2cd4e2-97d1-48e1-920f-c93b32ed9a72,2026-09-05T00:17:48Z,FanDuel Sportsbook structured market feed,,VA,NFL,35610190,Baltimore Ravens @ Indianapolis Colts,2026-09-13T17:01:00.000Z,FanDuel,751.169091672,total,Total Points,,,7017917,Under,47.5,-108,1.925925925925926,0.5192307692307693,open,,,2026-09-05T00:17:48Z,,,,,v3-forward-measurement
a4dc4f5e-22c1-4270-aa9e-557d98bf1f22,38a8a6a5-0686-4bb3-93cd-2f31c41b6eca,2026-09-05T00:17:48Z,FanDuel Sportsbook structured market feed,,VA,NFL,35610168,New Orleans Saints @ Detroit Lions,2026-09-13T17:01:00.000Z,FanDuel,751.169090584,spread,Spread,,,50196,New Orleans Saints,6.5,100,2.0,0.5,open,,,2026-09-05T00:17:48Z,,,,,v3-forward-measurement
a4dc4f5e-22c1-4270-aa9e-557d98bf1f22,f84f78c6-1a2a-4ff2-b4f4-c206ae18a276,2026-09-05T00:17:48Z,FanDuel Sportsbook structured market feed,,VA,NFL,35610168,New Orleans Saints @ Detroit Lions,2026-09-13T17:01:00.000Z,FanDuel,751.169090584,spread,Spread,,,50193,Detroit Lions,-6.5,-122,1.819672131147541,0.5495495495495496,open,,,2026-09-05T00:17:48Z,,,,,v3-forward-measurement
a4dc4f5e-22c1-4270-aa9e-557d98bf1f22,3c420da9-6507-4f8e-b597-edec6c460c87,2026-09-05T00:17:48Z,FanDuel Sportsbook structured market feed,,VA,NFL,35610170,Arizona Cardinals @ Los Angeles Chargers,2026-09-13T20:26:00.000Z,FanDuel,751.169090661,total,Total Points,,,7017916,Over,47.5,-102,1.9803921568627452,0.504950495049505,open,,,2026-09-05T00:17:48Z,,,,,v3-forward-measurement
a4dc4f5e-22c1-4270-aa9e-557d98bf1f22,14da131c-ea56-4765-ac6c-85220e1f228b,2026-09-05T00:17:48Z,FanDuel Sportsbook structured market feed,,VA,NFL,35610170,Arizona Cardinals @ Los Angeles Chargers,2026-09-13T20:26:00.000Z,FanDuel,751.169090661,total,Total Points,,,7017917,Under,47.5,-120,1.8333333333333335,0.5454545454545454,open,,,2026-09-05T00:17:48Z,,,,,v3-forward-measurement
a4dc4f5e-22c1-4270-aa9e-557d98bf1f22,10ae018f-e6ca-432d-923b-ab2cf7a78808,2026-09-05T00:17:48Z,FanDuel Sportsbook structured market feed,,VA,NFL,35610171,Green Bay Packers @ Minnesota Vikings,2026-09-13T20:25:00.000Z,FanDuel,751.169090666,total,Total Points,,,7017916,Over,46.5,-110,1.9090909090909092,0.5238095238095238,open,,,2026-09-05T00:17:48Z,,,,,v3-forward-measurement
a4dc4f5e-22c1-4270-aa9e-557d98bf1f22,7a26dbe7-a99f-4fc5-a772-7beb5566aea8,2026-09-05T00:17:48Z,FanDuel Sportsbook structured market feed,,VA,NFL,35610171,Green Bay Packers @ Minnesota Vikings,2026-09-13T20:25:00.000Z,FanDuel,751.169090666,total,Total Points,,,7017917,Under,46.5,-110,1.9090909090909092,0.5238095238095238,open,,,2026-09-05T00:17:48Z,,,,,v3-forward-measurement
a4dc4f5e-22c1-4270-aa9e-557d98bf1f22,210b6d3f-b89c-48b8-b472-1aa90d274dc8,2026-09-05T00:17:48Z,FanDuel Sportsbook structured market feed,,VA,NFL,35609021,New York Jets @ Tennessee Titans,2026-09-13T17:01:00.000Z,FanDuel,751.169057007,spread,Spread,,,50202,New York Jets,2.5,-120,1.8333333333333335,0.5454545454545454,open,,,2026-09-05T00:17:48Z,,,,,v3-forward-measurement
a4dc4f5e-22c1-4270-aa9e-557d98bf1f22,c0638e8c-a2f1-462a-91e4-7faf4f063837,2026-09-05T00:17:48Z,FanDuel Sportsbook structured market feed,,VA,NFL,35609021,New York Jets @ Tennessee Titans,2026-09-13T17:01:00.000Z,FanDuel,751.169057007,spread,Spread,,,50206,Tennessee Titans,-2.5,-102,1.9803921568627452,0.504950495049505,open,,,2026-09-05T00:17:48Z,,,,,v3-forward-measurement
a4dc4f5e-22c1-4270-aa9e-557d98bf1f22,45062eab-6319-4d86-9260-c49eaffb7fed,2026-09-05T00:17:48Z,FanDuel Sportsbook structured market feed,,VA,NFL,35596960,San Francisco 49ers @ Los Angeles Rams,2026-09-11T00:35:00.000Z,FanDuel,751.168680698,moneyline,Moneyline,,,43010249,San Francisco 49ers,,164,2.6399999999999997,0.3787878787878788,open,,,2026-09-05T00:17:48Z,,,,,v3-forward-measurement
a4dc4f5e-22c1-4270-aa9e-557d98bf1f22,918687b0-1f25-46ca-aa4b-f095ee883f15,2026-09-05T00:17:48Z,FanDuel Sportsbook structured market feed,,VA,NFL,35596960,San Francisco 49ers @ Los Angeles Rams,2026-09-11T00:35:00.000Z,FanDuel,751.168680698,moneyline,Moneyline,,,10782388,Los Angeles Rams,,-196,1.510204081632653,0.6621621621621622,open,,,2026-09-05T00:17:48Z,,,,,v3-forward-measurement
a4dc4f5e-22c1-4270-aa9e-557d98bf1f22,8cae150c-a45e-4fa3-a2dd-ec1057915d01,2026-09-05T00:17:48Z,FanDuel Sportsbook structured market feed,,VA,NFL,35609021,New York Jets @ Tennessee Titans,2026-09-13T17:01:00.000Z,FanDuel,751.169057005,total,Total Points,,,7017916,Over,39.5,-110,1.9090909090909092,0.5238095238095238,open,,,2026-09-05T00:17:48Z,,,,,v3-forward-measurement
a4dc4f5e-22c1-4270-aa9e-557d98bf1f22,d7cf9943-d347-489c-b95c-4d0d42e1d444,2026-09-05T00:17:48Z,FanDuel Sportsbook structured market feed,,VA,NFL,35609021,New York Jets @ Tennessee Titans,2026-09-13T17:01:00.000Z,FanDuel,751.169057005,total,Total Points,,,7017917,Under,39.5,-110,1.9090909090909092,0.5238095238095238,open,,,2026-09-05T00:17:48Z,,,,,v3-forward-measurement
a4dc4f5e-22c1-4270-aa9e-557d98bf1f22,44465b6b-403e-4b62-84dc-52df2f3f9e86,2026-09-05T00:17:48Z,FanDuel Sportsbook structured market feed,,VA,NFL,35609021,New York Jets @ Tennessee Titans,2026-09-13T17:01:00.000Z,FanDuel,751.169057004,moneyline,Moneyline,,,50202,New York Jets,,110,2.1,0.47619047619047616,open,,,2026-09-05T00:17:48Z,,,,,v3-forward-measurement
a4dc4f5e-22c1-4270-aa9e-557d98bf1f22,d3b7df1c-bae5-48da-a17c-dcad96ad2b6b,2026-09-05T00:17:48Z,FanDuel Sportsbook structured market feed,,VA,NFL,35609021,New York Jets @ Tennessee Titans,2026-09-13T17:01:00.000Z,FanDuel,751.169057004,moneyline,Moneyline,,,50206,Tennessee Titans,,-130,1.7692307692307692,0.5652173913043478,open,,,2026-09-05T00:17:48Z,,,,,v3-forward-measurement
a4dc4f5e-22c1-4270-aa9e-557d98bf1f22,149d32f4-ca0a-4ac1-90f3-83bc37b03411,2026-09-05T00:17:48Z,FanDuel Sportsbook structured market feed,,VA,NFL,35601246,Denver Broncos @ Kansas City Chiefs,2026-09-15T00:15:00.000Z,FanDuel,751.168789311,total,Total Points,,,7017916,Over,43.5,-104,1.9615384615384617,0.5098039215686274,open,,,2026-09-05T00:17:48Z,,,,,v3-forward-measurement
a4dc4f5e-22c1-4270-aa9e-557d98bf1f22,985bbed7-231d-4fe7-81cd-c6f69705fe2f,2026-09-05T00:17:48Z,FanDuel Sportsbook structured market feed,,VA,NFL,35601246,Denver Broncos @ Kansas City Chiefs,2026-09-15T00:15:00.000Z,FanDuel,751.168789311,total,Total Points,,,7017917,Under,43.5,-118,1.847457627118644,0.5412844036697247,open,,,2026-09-05T00:17:48Z,,,,,v3-forward-measurement
a4dc4f5e-22c1-4270-aa9e-557d98bf1f22,3446f3a5-20b0-4d2e-92de-18187ba8224f,2026-09-05T00:17:48Z,FanDuel Sportsbook structured market feed,,VA,NFL,35607262,New England Patriots @ Seattle Seahawks,2026-09-10T00:15:00.000Z,FanDuel,751.168949224,moneyline,Moneyline,,,50204,New England Patriots,,166,2.66,0.37593984962406013,open,,,2026-09-05T00:17:48Z,,,,,v3-forward-measurement
a4dc4f5e-22c1-4270-aa9e-557d98bf1f22,c5b4acbc-f782-415a-a56f-024a6017efb1,2026-09-05T00:17:48Z,FanDuel Sportsbook structured market feed,,VA,NFL,35607262,New England Patriots @ Seattle Seahawks,2026-09-10T00:15:00.000Z,FanDuel,751.168949224,moneyline,Moneyline,,,50213,Seattle Seahawks,,-198,1.5050505050505052,0.6644295302013423,open,,,2026-09-05T00:17:48Z,,,,,v3-forward-measurement
a4dc4f5e-22c1-4270-aa9e-557d98bf1f22,2758a66e-d14a-4411-aac3-ec2c60e1267b,2026-09-05T00:17:48Z,FanDuel Sportsbook structured market feed,,VA,NFL,35607262,New England Patriots @ Seattle Seahawks,2026-09-10T00:15:00.000Z,FanDuel,751.168949223,total,Total Points,,,7017916,Over,44.5,-110,1.9090909090909092,0.5238095238095238,open,,,2026-09-05T00:17:48Z,,,,,v3-forward-measurement
a4dc4f5e-22c1-4270-aa9e-557d98bf1f22,a1cdb69f-a793-474e-afd4-9dcb0fa556ae,2026-09-05T00:17:48Z,FanDuel Sportsbook structured market feed,,VA,NFL,35607262,New England Patriots @ Seattle Seahawks,2026-09-10T00:15:00.000Z,FanDuel,751.168949223,total,Total Points,,,7017917,Under,44.5,-110,1.9090909090909092,0.5238095238095238,open,,,2026-09-05T00:17:48Z,,,,,v3-forward-measurement
a4dc4f5e-22c1-4270-aa9e-557d98bf1f22,2d901a3b-3543-4eb2-8f2b-e784e33d768e,2026-09-05T00:17:48Z,FanDuel Sportsbook structured market feed,,VA,NFL,35607262,New England Patriots @ Seattle Seahawks,2026-09-10T00:15:00.000Z,FanDuel,751.168949222,spread,Spread,,,50204,New England Patriots,3.5,-108,1.925925925925926,0.5192307692307693,open,,,2026-09-05T00:17:48Z,,,,,v3-forward-measurement
a4dc4f5e-22c1-4270-aa9e-557d98bf1f22,64d11a6d-a9ea-440c-a4b3-c37ff58e5f78,2026-09-05T00:17:48Z,FanDuel Sportsbook structured market feed,,VA,NFL,35607262,New England Patriots @ Seattle Seahawks,2026-09-10T00:15:00.000Z,FanDuel,751.168949222,spread,Spread,,,50213,Seattle Seahawks,-3.5,-112,1.8928571428571428,0.5283018867924528,open,,,2026-09-05T00:17:48Z,,,,,v3-forward-measurement
a4dc4f5e-22c1-4270-aa9e-557d98bf1f22,147c2011-de24-4dd5-bd1b-423bd4e99c12,2026-09-05T00:17:48Z,FanDuel Sportsbook structured market feed,,VA,NFL,35610169,Tampa Bay Buccaneers @ Cincinnati Bengals,2026-09-13T17:01:00.000Z,FanDuel,751.169090610,moneyline,Moneyline,,,50190,Tampa Bay Buccaneers,,172,2.7199999999999998,0.36764705882352944,open,,,2026-09-05T00:17:48Z,,,,,v3-forward-measurement
a4dc4f5e-22c1-4270-aa9e-557d98bf1f22,4aa8f5fa-38fc-4a15-a0c4-ae0b2a68e1b2,2026-09-05T00:17:48Z,FanDuel Sportsbook structured market feed,,VA,NFL,35610169,Tampa Bay Buccaneers @ Cincinnati Bengals,2026-09-13T17:01:00.000Z,FanDuel,751.169090610,moneyline,Moneyline,,,50210,Cincinnati Bengals,,-205,1.4878048780487805,0.6721311475409836,open,,,2026-09-05T00:17:48Z,,,,,v3-forward-measurement
a4dc4f5e-22c1-4270-aa9e-557d98bf1f22,51b9ad8c-2a6b-4342-bc4b-714f2928e38f,2026-09-05T00:17:48Z,FanDuel Sportsbook structured market feed,,VA,NFL,35610170,Arizona Cardinals @ Los Angeles Chargers,2026-09-13T20:26:00.000Z,FanDuel,751.169090659,moneyline,Moneyline,,,50188,Arizona Cardinals,,430,5.3,0.18867924528301888,open,,,2026-09-05T00:17:48Z,,,,,v3-forward-measurement
a4dc4f5e-22c1-4270-aa9e-557d98bf1f22,e6dd3131-6b3d-4502-82d3-92ed86ce1ba1,2026-09-05T00:17:48Z,FanDuel Sportsbook structured market feed,,VA,NFL,35610170,Arizona Cardinals @ Los Angeles Chargers,2026-09-13T20:26:00.000Z,FanDuel,751.169090659,moneyline,Moneyline,,,12481798,Los Angeles Chargers,,-590,1.1694915254237288,0.855072463768116,open,,,2026-09-05T00:17:48Z,,,,,v3-forward-measurement
a4dc4f5e-22c1-4270-aa9e-557d98bf1f22,6ad07e8d-9e1a-4755-8cc7-9b9fea4aa53e,2026-09-05T00:17:48Z,FanDuel Sportsbook structured market feed,,VA,NFL,35610167,Buffalo Bills @ Houston Texans,2026-09-13T17:00:00.000Z,FanDuel,751.169090578,total,Total Points,,,7017916,Over,44.5,-110,1.9090909090909092,0.5238095238095238,open,,,2026-09-05T00:17:48Z,,,,,v3-forward-measurement
a4dc4f5e-22c1-4270-aa9e-557d98bf1f22,69e6216b-2088-42cc-983e-20fc2b7e5c6c,2026-09-05T00:17:48Z,FanDuel Sportsbook structured market feed,,VA,NFL,35610167,Buffalo Bills @ Houston Texans,2026-09-13T17:00:00.000Z,FanDuel,751.169090578,total,Total Points,,,7017917,Under,44.5,-110,1.9090909090909092,0.5238095238095238,open,,,2026-09-05T00:17:48Z,,,,,v3-forward-measurement
a4dc4f5e-22c1-4270-aa9e-557d98bf1f22,4c0361b1-f896-4f72-b9a1-a750db46b5f1,2026-09-05T00:17:48Z,FanDuel Sportsbook structured market feed,,VA,NFL,35610169,Tampa Bay Buccaneers @ Cincinnati Bengals,2026-09-13T17:01:00.000Z,FanDuel,751.169090611,total,Total Points,,,7017916,Over,50.5,-112,1.8928571428571428,0.5283018867924528,open,,,2026-09-05T00:17:48Z,,,,,v3-forward-measurement
a4dc4f5e-22c1-4270-aa9e-557d98bf1f22,e143a9a5-0b8a-482a-9c85-b9ece990c2a0,2026-09-05T00:17:48Z,FanDuel Sportsbook structured market feed,,VA,NFL,35610169,Tampa Bay Buccaneers @ Cincinnati Bengals,2026-09-13T17:01:00.000Z,FanDuel,751.169090611,total,Total Points,,,7017917,Under,50.5,-108,1.925925925925926,0.5192307692307693,open,,,2026-09-05T00:17:48Z,,,,,v3-forward-measurement
a4dc4f5e-22c1-4270-aa9e-557d98bf1f22,a9d68846-335c-4197-8e1f-3f638d7abbff,2026-09-05T00:17:48Z,FanDuel Sportsbook structured market feed,,VA,NFL,35610167,Buffalo Bills @ Houston Texans,2026-09-13T17:00:00.000Z,FanDuel,751.169090579,moneyline,Moneyline,,,50203,Buffalo Bills,,-110,1.9090909090909092,0.5238095238095238,open,,,2026-09-05T00:17:48Z,,,,,v3-forward-measurement
a4dc4f5e-22c1-4270-aa9e-557d98bf1f22,f9ffcff2-218e-4254-8499-1de958cb4b65,2026-09-05T00:17:48Z,FanDuel Sportsbook structured market feed,,VA,NFL,35610167,Buffalo Bills @ Houston Texans,2026-09-13T17:00:00.000Z,FanDuel,751.169090579,moneyline,Moneyline,,,179823,Houston Texans,,-106,1.9433962264150944,0.5145631067961165,open,,,2026-09-05T00:17:48Z,,,,,v3-forward-measurement
a4dc4f5e-22c1-4270-aa9e-557d98bf1f22,be92c213-c72b-4d31-96a7-05ab225f58da,2026-09-05T00:17:48Z,FanDuel Sportsbook structured market feed,,VA,NFL,35610169,Tampa Bay Buccaneers @ Cincinnati Bengals,2026-09-13T17:01:00.000Z,FanDuel,751.169090612,spread,Spread,,,50190,Tampa Bay Buccaneers,3.5,-105,1.9523809523809523,0.5121951219512195,open,,,2026-09-05T00:17:48Z,,,,,v3-forward-measurement
a4dc4f5e-22c1-4270-aa9e-557d98bf1f22,3e41a081-14ba-40a5-8355-b2a8412ef450,2026-09-05T00:17:48Z,FanDuel Sportsbook structured market feed,,VA,NFL,35610169,Tampa Bay Buccaneers @ Cincinnati Bengals,2026-09-13T17:01:00.000Z,FanDuel,751.169090612,spread,Spread,,,50210,Cincinnati Bengals,-3.5,-115,1.8695652173913042,0.5348837209302325,open,,,2026-09-05T00:17:48Z,,,,,v3-forward-measurement
a4dc4f5e-22c1-4270-aa9e-557d98bf1f22,b994dffb-54e0-49e2-9920-c81332b9b0e1,2026-09-05T00:17:48Z,FanDuel Sportsbook structured market feed,,VA,NFL,35601246,Denver Broncos @ Kansas City Chiefs,2026-09-15T00:15:00.000Z,FanDuel,751.168789309,moneyline,Moneyline,,,50211,Denver Broncos,,122,2.2199999999999998,0.45045045045045046,open,,,2026-09-05T00:17:48Z,,,,,v3-forward-measurement
a4dc4f5e-22c1-4270-aa9e-557d98bf1f22,d8869615-48cc-4f12-ae8a-c1231895f787,2026-09-05T00:17:48Z,FanDuel Sportsbook structured market feed,,VA,NFL,35601246,Denver Broncos @ Kansas City Chiefs,2026-09-15T00:15:00.000Z,FanDuel,751.168789309,moneyline,Moneyline,,,50214,Kansas City Chiefs,,-144,1.6944444444444444,0.5901639344262295,open,,,2026-09-05T00:17:48Z,,,,,v3-forward-measurement
a4dc4f5e-22c1-4270-aa9e-557d98bf1f22,1309e80a-cb76-48fe-b19e-5e84070c81d3,2026-09-05T00:17:48Z,FanDuel Sportsbook structured market feed,,VA,NFL,35610167,Buffalo Bills @ Houston Texans,2026-09-13T17:00:00.000Z,FanDuel,751.169090580,spread,Spread,,,50203,Buffalo Bills,-1.5,100,2.0,0.5,open,,,2026-09-05T00:17:48Z,,,,,v3-forward-measurement
a4dc4f5e-22c1-4270-aa9e-557d98bf1f22,9a04afaf-f067-4511-8cf5-08cfebaa63bc,2026-09-05T00:17:48Z,FanDuel Sportsbook structured market feed,,VA,NFL,35610167,Buffalo Bills @ Houston Texans,2026-09-13T17:00:00.000Z,FanDuel,751.169090580,spread,Spread,,,179823,Houston Texans,1.5,-122,1.819672131147541,0.5495495495495496,open,,,2026-09-05T00:17:48Z,,,,,v3-forward-measurement
a4dc4f5e-22c1-4270-aa9e-557d98bf1f22,a6270882-af96-439d-813c-e98ce328f2c5,2026-09-05T00:17:48Z,FanDuel Sportsbook structured market feed,,VA,NFL,35601246,Denver Broncos @ Kansas City Chiefs,2026-09-15T00:15:00.000Z,FanDuel,751.168789308,spread,Spread,,,50211,Denver Broncos,2.5,-105,1.9523809523809523,0.5121951219512195,open,,,2026-09-05T00:17:48Z,,,,,v3-forward-measurement
a4dc4f5e-22c1-4270-aa9e-557d98bf1f22,815d0a95-a008-4489-a40f-3e5855b5155f,2026-09-05T00:17:48Z,FanDuel Sportsbook structured market feed,,VA,NFL,35601246,Denver Broncos @ Kansas City Chiefs,2026-09-15T00:15:00.000Z,FanDuel,751.168789308,spread,Spread,,,50214,Kansas City Chiefs,-2.5,-115,1.8695652173913042,0.5348837209302325,open,,,2026-09-05T00:17:48Z,,,,,v3-forward-measurement
a4dc4f5e-22c1-4270-aa9e-557d98bf1f22,69296132-6f9c-4450-8f22-c65a501b8bd6,2026-09-05T00:17:48Z,FanDuel Sportsbook structured market feed,,VA,NFL,35609018,Miami Dolphins @ Las Vegas Raiders,2026-09-13T20:26:00.000Z,FanDuel,751.169056927,total,Total Points,,,7017916,Over,39.5,-120,1.8333333333333335,0.5454545454545454,open,,,2026-09-05T00:17:48Z,,,,,v3-forward-measurement
a4dc4f5e-22c1-4270-aa9e-557d98bf1f22,7fbf0ef6-eeea-41de-bcf3-99ecaf7d03c0,2026-09-05T00:17:48Z,FanDuel Sportsbook structured market feed,,VA,NFL,35609018,Miami Dolphins @ Las Vegas Raiders,2026-09-13T20:26:00.000Z,FanDuel,751.169056927,total,Total Points,,,7017917,Under,39.5,-102,1.9803921568627452,0.504950495049505,open,,,2026-09-05T00:17:48Z,,,,,v3-forward-measurement
a4dc4f5e-22c1-4270-aa9e-557d98bf1f22,1f0a7eb0-942d-4794-a359-21e9e3a3f119,2026-09-05T00:17:48Z,FanDuel Sportsbook structured market feed,,VA,NFL,35609018,Miami Dolphins @ Las Vegas Raiders,2026-09-13T20:26:00.000Z,FanDuel,751.169056928,spread,Spread,,,50201,Miami Dolphins,3.5,-118,1.847457627118644,0.5412844036697247,open,,,2026-09-05T00:17:48Z,,,,,v3-forward-measurement
a4dc4f5e-22c1-4270-aa9e-557d98bf1f22,feae2707-9e09-4ab9-968b-ad246c10ca8c,2026-09-05T00:17:48Z,FanDuel Sportsbook structured market feed,,VA,NFL,35609018,Miami Dolphins @ Las Vegas Raiders,2026-09-13T20:26:00.000Z,FanDuel,751.169056928,spread,Spread,,,27443341,Las Vegas Raiders,-3.5,-104,1.9615384615384617,0.5098039215686274,open,,,2026-09-05T00:17:48Z,,,,,v3-forward-measurement
a4dc4f5e-22c1-4270-aa9e-557d98bf1f22,9b5e6009-d04f-47c2-a99f-36ab85fed046,2026-09-05T00:17:48Z,FanDuel Sportsbook structured market feed,,VA,NFL,35609018,Miami Dolphins @ Las Vegas Raiders,2026-09-13T20:26:00.000Z,FanDuel,751.169056926,moneyline,Moneyline,,,50201,Miami Dolphins,,148,2.48,0.4032258064516129,open,,,2026-09-05T00:17:48Z,,,,,v3-forward-measurement
a4dc4f5e-22c1-4270-aa9e-557d98bf1f22,f6f13000-1fe3-48aa-88de-3beef57efd58,2026-09-05T00:17:48Z,FanDuel Sportsbook structured market feed,,VA,NFL,35609018,Miami Dolphins @ Las Vegas Raiders,2026-09-13T20:26:00.000Z,FanDuel,751.169056926,moneyline,Moneyline,,,27443341,Las Vegas Raiders,,-176,1.5681818181818183,0.6376811594202898,open,,,2026-09-05T00:17:48Z,,,,,v3-forward-measurement
a4dc4f5e-22c1-4270-aa9e-557d98bf1f22,decdbb97-1019-4a8b-8326-993c94af63e6,2026-09-05T00:17:48Z,FanDuel Sportsbook structured market feed,,VA,NFL,35596960,San Francisco 49ers @ Los Angeles Rams,2026-09-11T00:35:00.000Z,FanDuel,751.168680700,spread,Spread,,,43010249,San Francisco 49ers,3.5,-105,1.9523809523809523,0.5121951219512195,open,,,2026-09-05T00:17:48Z,,,,,v3-forward-measurement
a4dc4f5e-22c1-4270-aa9e-557d98bf1f22,8ee7a073-104f-4284-94c9-2563c09bcff4,2026-09-05T00:17:48Z,FanDuel Sportsbook structured market feed,,VA,NFL,35596960,San Francisco 49ers @ Los Angeles Rams,2026-09-11T00:35:00.000Z,FanDuel,751.168680700,spread,Spread,,,10782388,Los Angeles Rams,-3.5,-115,1.8695652173913042,0.5348837209302325,open,,,2026-09-05T00:17:48Z,,,,,v3-forward-measurement
a4dc4f5e-22c1-4270-aa9e-557d98bf1f22,57fd9c60-8fe1-461e-9f45-840ff745f8af,2026-09-05T00:17:48Z,FanDuel Sportsbook structured market feed,,VA,NFL,35596960,San Francisco 49ers @ Los Angeles Rams,2026-09-11T00:35:00.000Z,FanDuel,751.168680701,total,Total Points,,,7017916,Over,48.5,-105,1.9523809523809523,0.5121951219512195,open,,,2026-09-05T00:17:48Z,,,,,v3-forward-measurement
a4dc4f5e-22c1-4270-aa9e-557d98bf1f22,272340ea-09bd-4dc6-88f0-3fbeb73cd0ce,2026-09-05T00:17:48Z,FanDuel Sportsbook structured market feed,,VA,NFL,35596960,San Francisco 49ers @ Los Angeles Rams,2026-09-11T00:35:00.000Z,FanDuel,751.168680701,total,Total Points,,,7017917,Under,48.5,-115,1.8695652173913042,0.5348837209302325,open,,,2026-09-05T00:17:48Z,,,,,v3-forward-measurement
a4dc4f5e-22c1-4270-aa9e-557d98bf1f22,92721a75-a75f-4bf2-8a74-0970ac8fad2e,2026-09-05T00:17:48Z,FanDuel Sportsbook structured market feed,,VA,NFL,35609020,Atlanta Falcons @ Pittsburgh Steelers,2026-09-13T17:01:00.000Z,FanDuel,751.169056972,spread,Spread,,,50199,Atlanta Falcons,3,-102,1.9803921568627452,0.504950495049505,open,,,2026-09-05T00:17:48Z,,,,,v3-forward-measurement
a4dc4f5e-22c1-4270-aa9e-557d98bf1f22,20472c71-3e50-428a-8173-a5efc0347ccd,2026-09-05T00:17:48Z,FanDuel Sportsbook structured market feed,,VA,NFL,35609020,Atlanta Falcons @ Pittsburgh Steelers,2026-09-13T17:01:00.000Z,FanDuel,751.169056972,spread,Spread,,,50208,Pittsburgh Steelers,-3,-120,1.8333333333333335,0.5454545454545454,open,,,2026-09-05T00:17:48Z,,,,,v3-forward-measurement
a4dc4f5e-22c1-4270-aa9e-557d98bf1f22,560046ed-6880-4589-8b7e-7d667764d5aa,2026-09-05T00:17:48Z,FanDuel Sportsbook structured market feed,,VA,NFL,35609020,Atlanta Falcons @ Pittsburgh Steelers,2026-09-13T17:01:00.000Z,FanDuel,751.169056970,moneyline,Moneyline,,,50199,Atlanta Falcons,,146,2.46,0.4065040650406504,open,,,2026-09-05T00:17:48Z,,,,,v3-forward-measurement
a4dc4f5e-22c1-4270-aa9e-557d98bf1f22,5fb15af9-a22c-4f45-a1f5-3fd0494fbab5,2026-09-05T00:17:48Z,FanDuel Sportsbook structured market feed,,VA,NFL,35609020,Atlanta Falcons @ Pittsburgh Steelers,2026-09-13T17:01:00.000Z,FanDuel,751.169056970,moneyline,Moneyline,,,50208,Pittsburgh Steelers,,-174,1.5747126436781609,0.635036496350365,open,,,2026-09-05T00:17:48Z,,,,,v3-forward-measurement
a4dc4f5e-22c1-4270-aa9e-557d98bf1f22,93e0bcff-4487-4003-962e-8a3c8a4fe4da,2026-09-05T00:17:48Z,FanDuel Sportsbook structured market feed,,VA,NFL,35596943,Dallas Cowboys @ New York Giants,2026-09-14T00:20:00.000Z,FanDuel,751.168679841,spread,Spread,,,50189,Dallas Cowboys,-2.5,-120,1.8333333333333335,0.5454545454545454,open,,,2026-09-05T00:17:48Z,,,,,v3-forward-measurement
a4dc4f5e-22c1-4270-aa9e-557d98bf1f22,6ae3de1c-8cf1-4233-8569-4660fae68edd,2026-09-05T00:17:48Z,FanDuel Sportsbook structured market feed,,VA,NFL,35596943,Dallas Cowboys @ New York Giants,2026-09-14T00:20:00.000Z,FanDuel,751.168679841,spread,Spread,,,50185,New York Giants,2.5,-102,1.9803921568627452,0.504950495049505,open,,,2026-09-05T00:17:48Z,,,,,v3-forward-measurement
a4dc4f5e-22c1-4270-aa9e-557d98bf1f22,82d47a37-6c65-4b2e-bee6-456806d5518f,2026-09-05T00:17:48Z,FanDuel Sportsbook structured market feed,,VA,NFL,35609293,Washington Commanders @ Philadelphia Eagles,2026-09-13T20:25:00.000Z,FanDuel,751.169061271,spread,Spread,,,42568622,Washington Commanders,5.5,-115,1.8695652173913042,0.5348837209302325,open,,,2026-09-05T00:17:48Z,,,,,v3-forward-measurement
a4dc4f5e-22c1-4270-aa9e-557d98bf1f22,09ab7c1c-c799-476a-a9c5-824919086a0c,2026-09-05T00:17:48Z,FanDuel Sportsbook structured market feed,,VA,NFL,35609293,Washington Commanders @ Philadelphia Eagles,2026-09-13T20:25:00.000Z,FanDuel,751.169061271,spread,Spread,,,50186,Philadelphia Eagles,-5.5,-105,1.9523809523809523,0.5121951219512195,open,,,2026-09-05T00:17:48Z,,,,,v3-forward-measurement
a4dc4f5e-22c1-4270-aa9e-557d98bf1f22,e8fb2bc1-04e4-4f37-959e-8666e34dfc3f,2026-09-05T00:17:48Z,FanDuel Sportsbook structured market feed,,VA,NFL,35609293,Washington Commanders @ Philadelphia Eagles,2026-09-13T20:25:00.000Z,FanDuel,751.169061270,moneyline,Moneyline,,,42568622,Washington Commanders,,194,2.94,0.3401360544217687,open,,,2026-09-05T00:17:48Z,,,,,v3-forward-measurement
a4dc4f5e-22c1-4270-aa9e-557d98bf1f22,4bdf3f8a-cc17-48cd-92d0-9b0bbdcde47f,2026-09-05T00:17:48Z,FanDuel Sportsbook structured market feed,,VA,NFL,35609293,Washington Commanders @ Philadelphia Eagles,2026-09-13T20:25:00.000Z,FanDuel,751.169061270,moneyline,Moneyline,,,50186,Philadelphia Eagles,,-230,1.434782608695652,0.696969696969697,open,,,2026-09-05T00:17:48Z,,,,,v3-forward-measurement
a4dc4f5e-22c1-4270-aa9e-557d98bf1f22,3dbdf280-3c2f-4787-8535-e6dceaf7a582,2026-09-05T00:17:48Z,FanDuel Sportsbook structured market feed,,VA,NFL,35607426,Chicago Bears @ Carolina Panthers,2026-09-13T17:01:00.000Z,FanDuel,751.168960509,moneyline,Moneyline,,,50194,Chicago Bears,,-154,1.6493506493506493,0.6062992125984252,open,,,2026-09-05T00:17:48Z,,,,,v3-forward-measurement
a4dc4f5e-22c1-4270-aa9e-557d98bf1f22,a01a7a36-4604-4b89-83e5-b1b8014aeadd,2026-09-05T00:17:48Z,FanDuel Sportsbook structured market feed,,VA,NFL,35607426,Chicago Bears @ Carolina Panthers,2026-09-13T17:01:00.000Z,FanDuel,751.168960509,moneyline,Moneyline,,,50198,Carolina Panthers,,130,2.3,0.43478260869565216,open,,,2026-09-05T00:17:48Z,,,,,v3-forward-measurement
a4dc4f5e-22c1-4270-aa9e-557d98bf1f22,50afe486-aed7-42c4-976c-08fefc8cfe3b,2026-09-05T00:17:48Z,FanDuel Sportsbook structured market feed,,VA,NFL,35609019,Cleveland Browns @ Jacksonville Jaguars,2026-09-13T17:01:00.000Z,FanDuel,751.169056956,moneyline,Moneyline,,,50209,Cleveland Browns,,315,4.15,0.24096385542168675,open,,,2026-09-05T00:17:48Z,,,,,v3-forward-measurement
a4dc4f5e-22c1-4270-aa9e-557d98bf1f22,38828351-3390-4ca2-bb6f-2884b6aad65f,2026-09-05T00:17:48Z,FanDuel Sportsbook structured market feed,,VA,NFL,35609019,Cleveland Browns @ Jacksonville Jaguars,2026-09-13T17:01:00.000Z,FanDuel,751.169056956,moneyline,Moneyline,,,50207,Jacksonville Jaguars,,-400,1.25,0.8,open,,,2026-09-05T00:17:48Z,,,,,v3-forward-measurement
a4dc4f5e-22c1-4270-aa9e-557d98bf1f22,e9be69ed-6cff-45b5-8611-3b70e077a3b2,2026-09-05T00:17:48Z,FanDuel Sportsbook structured market feed,,VA,NFL,35607426,Chicago Bears @ Carolina Panthers,2026-09-13T17:01:00.000Z,FanDuel,751.168960508,total,Total Points,,,7017916,Over,47.5,-105,1.9523809523809523,0.5121951219512195,open,,,2026-09-05T00:17:48Z,,,,,v3-forward-measurement
a4dc4f5e-22c1-4270-aa9e-557d98bf1f22,c2efca89-6f6c-4296-9cf8-09b776fb9308,2026-09-05T00:17:48Z,FanDuel Sportsbook structured market feed,,VA,NFL,35607426,Chicago Bears @ Carolina Panthers,2026-09-13T17:01:00.000Z,FanDuel,751.168960508,total,Total Points,,,7017917,Under,47.5,-115,1.8695652173913042,0.5348837209302325,open,,,2026-09-05T00:17:48Z,,,,,v3-forward-measurement
a4dc4f5e-22c1-4270-aa9e-557d98bf1f22,6c735297-a8bb-4d79-935b-7e5b9eaae88e,2026-09-05T00:17:48Z,FanDuel Sportsbook structured market feed,,VA,NFL,35609019,Cleveland Browns @ Jacksonville Jaguars,2026-09-13T17:01:00.000Z,FanDuel,751.169056957,total,Total Points,,,7017916,Over,40.5,-110,1.9090909090909092,0.5238095238095238,open,,,2026-09-05T00:17:48Z,,,,,v3-forward-measurement
a4dc4f5e-22c1-4270-aa9e-557d98bf1f22,5630a777-cb07-4d9f-9578-f6e2d2cf0c4e,2026-09-05T00:17:48Z,FanDuel Sportsbook structured market feed,,VA,NFL,35609019,Cleveland Browns @ Jacksonville Jaguars,2026-09-13T17:01:00.000Z,FanDuel,751.169056957,total,Total Points,,,7017917,Under,40.5,-110,1.9090909090909092,0.5238095238095238,open,,,2026-09-05T00:17:48Z,,,,,v3-forward-measurement
a4dc4f5e-22c1-4270-aa9e-557d98bf1f22,99c2149b-7f99-46c9-a394-3767a7b2a829,2026-09-05T00:17:48Z,FanDuel Sportsbook structured market feed,,VA,NFL,35609019,Cleveland Browns @ Jacksonville Jaguars,2026-09-13T17:01:00.000Z,FanDuel,751.169056954,spread,Spread,,,50209,Cleveland Browns,7.5,-105,1.9523809523809523,0.5121951219512195,open,,,2026-09-05T00:17:48Z,,,,,v3-forward-measurement
a4dc4f5e-22c1-4270-aa9e-557d98bf1f22,a15a4555-a42a-4055-97bd-b038b4bdfd76,2026-09-05T00:17:48Z,FanDuel Sportsbook structured market feed,,VA,NFL,35609019,Cleveland Browns @ Jacksonville Jaguars,2026-09-13T17:01:00.000Z,FanDuel,751.169056954,spread,Spread,,,50207,Jacksonville Jaguars,-7.5,-115,1.8695652173913042,0.5348837209302325,open,,,2026-09-05T00:17:48Z,,,,,v3-forward-measurement
a4dc4f5e-22c1-4270-aa9e-557d98bf1f22,63a923e1-46cc-4d90-885d-8402cd6b54d9,2026-09-05T00:17:48Z,FanDuel Sportsbook structured market feed,,VA,NFL,35607426,Chicago Bears @ Carolina Panthers,2026-09-13T17:01:00.000Z,FanDuel,751.168960510,spread,Spread,,,50194,Chicago Bears,-2.5,-122,1.819672131147541,0.5495495495495496,open,,,2026-09-05T00:17:48Z,,,,,v3-forward-measurement
a4dc4f5e-22c1-4270-aa9e-557d98bf1f22,569ab096-4cc5-438a-9b63-971f6379290e,2026-09-05T00:17:48Z,FanDuel Sportsbook structured market feed,,VA,NFL,35607426,Chicago Bears @ Carolina Panthers,2026-09-13T17:01:00.000Z,FanDuel,751.168960510,spread,Spread,,,50198,Carolina Panthers,2.5,100,2.0,0.5,open,,,2026-09-05T00:17:48Z,,,,,v3-forward-measurement
a4dc4f5e-22c1-4270-aa9e-557d98bf1f22,e6e72a8f-39c1-4692-83a6-926386db8f59,2026-09-05T00:17:48Z,FanDuel Sportsbook structured market feed,,VA,NFL,35596943,Dallas Cowboys @ New York Giants,2026-09-14T00:20:00.000Z,FanDuel,751.168679839,moneyline,Moneyline,,,50189,Dallas Cowboys,,-152,1.6578947368421053,0.6031746031746031,open,,,2026-09-05T00:17:48Z,,,,,v3-forward-measurement
a4dc4f5e-22c1-4270-aa9e-557d98bf1f22,7db8429b-486b-4a15-aaef-5742de35cb2c,2026-09-05T00:17:48Z,FanDuel Sportsbook structured market feed,,VA,NFL,35596943,Dallas Cowboys @ New York Giants,2026-09-14T00:20:00.000Z,FanDuel,751.168679839,moneyline,Moneyline,,,50185,New York Giants,,128,2.2800000000000002,0.43859649122807015,open,,,2026-09-05T00:17:48Z,,,,,v3-forward-measurement
a4dc4f5e-22c1-4270-aa9e-557d98bf1f22,0d04368b-dc75-45d4-82a1-d14e86d07ae5,2026-09-05T00:17:48Z,FanDuel Sportsbook structured market feed,,VA,NFL,35596943,Dallas Cowboys @ New York Giants,2026-09-14T00:20:00.000Z,FanDuel,751.168679838,total,Total Points,,,7017916,Over,48.5,-110,1.9090909090909092,0.5238095238095238,open,,,2026-09-05T00:17:48Z,,,,,v3-forward-measurement
a4dc4f5e-22c1-4270-aa9e-557d98bf1f22,1cb92180-dec3-4584-9691-e5d00e840761,2026-09-05T00:17:48Z,FanDuel Sportsbook structured market feed,,VA,NFL,35596943,Dallas Cowboys @ New York Giants,2026-09-14T00:20:00.000Z,FanDuel,751.168679838,total,Total Points,,,7017917,Under,48.5,-110,1.9090909090909092,0.5238095238095238,open,,,2026-09-05T00:17:48Z,,,,,v3-forward-measurement
a4dc4f5e-22c1-4270-aa9e-557d98bf1f22,43d69e55-33ce-46f0-983e-9a46ae4ac805,2026-09-05T00:17:48Z,FanDuel Sportsbook structured market feed,,VA,NFL,35609020,Atlanta Falcons @ Pittsburgh Steelers,2026-09-13T17:01:00.000Z,FanDuel,751.169056969,total,Total Points,,,7017916,Over,41.5,-115,1.8695652173913042,0.5348837209302325,open,,,2026-09-05T00:17:48Z,,,,,v3-forward-measurement
a4dc4f5e-22c1-4270-aa9e-557d98bf1f22,9536aadb-1724-43ba-8d68-10e964956dac,2026-09-05T00:17:48Z,FanDuel Sportsbook structured market feed,,VA,NFL,35609020,Atlanta Falcons @ Pittsburgh Steelers,2026-09-13T17:01:00.000Z,FanDuel,751.169056969,total,Total Points,,,7017917,Under,41.5,-105,1.9523809523809523,0.5121951219512195,open,,,2026-09-05T00:17:48Z,,,,,v3-forward-measurement
a4dc4f5e-22c1-4270-aa9e-557d98bf1f22,1a313f1c-b3ac-4c87-96a6-5ca84a06c5e2,2026-09-05T00:17:48Z,FanDuel Sportsbook structured market feed,,VA,NFL,35609293,Washington Commanders @ Philadelphia Eagles,2026-09-13T20:25:00.000Z,FanDuel,751.169061268,total,Total Points,,,7017916,Over,44.5,-112,1.8928571428571428,0.5283018867924528,open,,,2026-09-05T00:17:48Z,,,,,v3-forward-measurement
a4dc4f5e-22c1-4270-aa9e-557d98bf1f22,8eeb47bd-d301-4ccd-b98d-e79b81d3a1f3,2026-09-05T00:17:48Z,FanDuel Sportsbook structured market feed,,VA,NFL,35609293,Washington Commanders @ Philadelphia Eagles,2026-09-13T20:25:00.000Z,FanDuel,751.169061268,total,Total Points,,,7017917,Under,44.5,-108,1.925925925925926,0.5192307692307693,open,,,2026-09-05T00:17:48Z,,,,,v3-forward-measurement
