capture_id,quote_id,captured_at,source,source_updated_at,state,sport,event_id,event_name,kickoff_display,book,market_type,selection,line,american_price,quote_status,model_version
interim-il-20260925T1216Z,bf491160-2eb2-4f3f-b2f3-327307e329d3,2026-09-25T12:16:58Z,FanDuel rendered sportsbook page,,IL,NFL,36076206,Carolina Panthers @ Cleveland Browns,SUN 12:01PM CT,FanDuel,spread,Carolina Panthers,-2.5,-115,open,v3-forward-measurement
interim-il-20260925T1216Z,f2ca92f9-3e32-43bd-a62c-accdffc9c54f,2026-09-25T12:16:58Z,FanDuel rendered sportsbook page,,IL,NFL,36076206,Carolina Panthers @ Cleveland Browns,SUN 12:01PM CT,FanDuel,spread,Cleveland Browns,+2.5,-105,open,v3-forward-measurement
interim-il-20260925T1216Z,15f835c8-90f6-45ef-bacf-45dd82175c63,2026-09-25T12:16:58Z,FanDuel rendered sportsbook page,,IL,NFL,36076206,Carolina Panthers @ Cleveland Browns,SUN 12:01PM CT,FanDuel,moneyline,Carolina Panthers,,-142,open,v3-forward-measurement
interim-il-20260925T1216Z,f7612afb-f20d-4822-bb7f-d84ae505b985,2026-09-25T12:16:58Z,FanDuel rendered sportsbook page,,IL,NFL,36076206,Carolina Panthers @ Cleveland Browns,SUN 12:01PM CT,FanDuel,moneyline,Cleveland Browns,,+120,open,v3-forward-measurement
interim-il-20260925T1216Z,624d2678-a48e-4c7e-893c-84ace7b2143e,2026-09-25T12:16:58Z,FanDuel rendered sportsbook page,,IL,NFL,36076206,Carolina Panthers @ Cleveland Browns,SUN 12:01PM CT,FanDuel,total,Over,41.5,-115,open,v3-forward-measurement
interim-il-20260925T1216Z,00ae7ca3-da98-41a1-9a70-9a7df73c950a,2026-09-25T12:16:58Z,FanDuel rendered sportsbook page,,IL,NFL,36076206,Carolina Panthers @ Cleveland Browns,SUN 12:01PM CT,FanDuel,total,Under,41.5,-105,open,v3-forward-measurement
interim-il-20260925T1216Z,4225d5e5-1cf2-439a-b504-e090948a71de,2026-09-25T12:16:58Z,FanDuel rendered sportsbook page,,IL,NFL,36076207,New York Jets @ Detroit Lions,SUN 12:01PM CT,FanDuel,spread,New York Jets,+6.5,-105,open,v3-forward-measurement
interim-il-20260925T1216Z,37dc31d8-ae90-46cd-9c08-04ec11848ff5,2026-09-25T12:16:58Z,FanDuel rendered sportsbook page,,IL,NFL,36076207,New York Jets @ Detroit Lions,SUN 12:01PM CT,FanDuel,spread,Detroit Lions,-6.5,-115,open,v3-forward-measurement
interim-il-20260925T1216Z,358160b2-a684-42b6-a230-204db69688c3,2026-09-25T12:16:58Z,FanDuel rendered sportsbook page,,IL,NFL,36076207,New York Jets @ Detroit Lions,SUN 12:01PM CT,FanDuel,moneyline,New York Jets,,+260,open,v3-forward-measurement
interim-il-20260925T1216Z,3813ccbd-86ce-415f-a2db-4808f0de995f,2026-09-25T12:16:58Z,FanDuel rendered sportsbook page,,IL,NFL,36076207,New York Jets @ Detroit Lions,SUN 12:01PM CT,FanDuel,moneyline,Detroit Lions,,-320,open,v3-forward-measurement
interim-il-20260925T1216Z,b4a97f4a-aede-4551-9251-afa74f48d9fe,2026-09-25T12:16:58Z,FanDuel rendered sportsbook page,,IL,NFL,36076207,New York Jets @ Detroit Lions,SUN 12:01PM CT,FanDuel,total,Over,47.5,-115,open,v3-forward-measurement
interim-il-20260925T1216Z,4bd7ff3e-f690-44cd-b408-f6e48883b699,2026-09-25T12:16:58Z,FanDuel rendered sportsbook page,,IL,NFL,36076207,New York Jets @ Detroit Lions,SUN 12:01PM CT,FanDuel,total,Under,47.5,-105,open,v3-forward-measurement
interim-il-20260925T1216Z,cee17563-dedc-4596-b385-ebe3be48af14,2026-09-25T12:16:58Z,FanDuel rendered sportsbook page,,IL,NFL,36076209,New England Patriots @ Jacksonville Jaguars,SUN 12:01PM CT,FanDuel,spread,New England Patriots,+2.5,-104,open,v3-forward-measurement
interim-il-20260925T1216Z,de76f8f7-bf22-43f9-81b9-3a78e11e0ef1,2026-09-25T12:16:58Z,FanDuel rendered sportsbook page,,IL,NFL,36076209,New England Patriots @ Jacksonville Jaguars,SUN 12:01PM CT,FanDuel,spread,Jacksonville Jaguars,-2.5,-118,open,v3-forward-measurement
interim-il-20260925T1216Z,1a66d21e-44a8-46b4-9d50-a44a8b275149,2026-09-25T12:16:58Z,FanDuel rendered sportsbook page,,IL,NFL,36076209,New England Patriots @ Jacksonville Jaguars,SUN 12:01PM CT,FanDuel,moneyline,New England Patriots,,+130,open,v3-forward-measurement
interim-il-20260925T1216Z,cfd17073-95ca-4655-a059-39cec2f7946e,2026-09-25T12:16:58Z,FanDuel rendered sportsbook page,,IL,NFL,36076209,New England Patriots @ Jacksonville Jaguars,SUN 12:01PM CT,FanDuel,moneyline,Jacksonville Jaguars,,-154,open,v3-forward-measurement
interim-il-20260925T1216Z,6d353e15-1403-447a-a715-c24fd3039be9,2026-09-25T12:16:58Z,FanDuel rendered sportsbook page,,IL,NFL,36076209,New England Patriots @ Jacksonville Jaguars,SUN 12:01PM CT,FanDuel,total,Over,45.5,-115,open,v3-forward-measurement
interim-il-20260925T1216Z,9ab975d0-5159-44a5-bc71-2279dc941b0a,2026-09-25T12:16:58Z,FanDuel rendered sportsbook page,,IL,NFL,36076209,New England Patriots @ Jacksonville Jaguars,SUN 12:01PM CT,FanDuel,total,Under,45.5,-105,open,v3-forward-measurement
interim-il-20260925T1216Z,e8d47ba6-70f0-4c3b-a50f-18572007699e,2026-09-25T12:16:58Z,FanDuel rendered sportsbook page,,IL,NFL,36076210,Houston Texans @ Indianapolis Colts,SUN 12:01PM CT,FanDuel,spread,Houston Texans,-1.5,-115,open,v3-forward-measurement
interim-il-20260925T1216Z,8bf074a0-ccf4-4aa2-b67c-83b7a9311542,2026-09-25T12:16:58Z,FanDuel rendered sportsbook page,,IL,NFL,36076210,Houston Texans @ Indianapolis Colts,SUN 12:01PM CT,FanDuel,spread,Indianapolis Colts,+1.5,-105,open,v3-forward-measurement
interim-il-20260925T1216Z,05353e38-2e3d-478e-ae0f-cf0dba2288af,2026-09-25T12:16:58Z,FanDuel rendered sportsbook page,,IL,NFL,36076210,Houston Texans @ Indianapolis Colts,SUN 12:01PM CT,FanDuel,moneyline,Houston Texans,,-126,open,v3-forward-measurement
interim-il-20260925T1216Z,81825d69-430a-4788-91a3-c2a271dc2b07,2026-09-25T12:16:58Z,FanDuel rendered sportsbook page,,IL,NFL,36076210,Houston Texans @ Indianapolis Colts,SUN 12:01PM CT,FanDuel,moneyline,Indianapolis Colts,,+108,open,v3-forward-measurement
interim-il-20260925T1216Z,5b85bbfd-5040-485d-991e-fc78322b273b,2026-09-25T12:16:58Z,FanDuel rendered sportsbook page,,IL,NFL,36076210,Houston Texans @ Indianapolis Colts,SUN 12:01PM CT,FanDuel,total,Over,42.5,-118,open,v3-forward-measurement
interim-il-20260925T1216Z,bb33ce5f-a5c4-4c58-9398-28449e0934ab,2026-09-25T12:16:58Z,FanDuel rendered sportsbook page,,IL,NFL,36076210,Houston Texans @ Indianapolis Colts,SUN 12:01PM CT,FanDuel,total,Under,42.5,-104,open,v3-forward-measurement
interim-il-20260925T1216Z,4786a12a-e59c-46af-be35-09836db16280,2026-09-25T12:16:58Z,FanDuel rendered sportsbook page,,IL,NFL,36076211,Los Angeles Chargers @ Buffalo Bills,SUN 12:01PM CT,FanDuel,spread,Los Angeles Chargers,+7.5,-120,open,v3-forward-measurement
interim-il-20260925T1216Z,70a330e1-ce00-4819-9eb3-6eb8c2d6e8b1,2026-09-25T12:16:58Z,FanDuel rendered sportsbook page,,IL,NFL,36076211,Los Angeles Chargers @ Buffalo Bills,SUN 12:01PM CT,FanDuel,spread,Buffalo Bills,-7.5,-102,open,v3-forward-measurement
interim-il-20260925T1216Z,84b41c35-cd57-4f00-86bf-fe52f2873794,2026-09-25T12:16:58Z,FanDuel rendered sportsbook page,,IL,NFL,36076211,Los Angeles Chargers @ Buffalo Bills,SUN 12:01PM CT,FanDuel,moneyline,Los Angeles Chargers,,+295,open,v3-forward-measurement
interim-il-20260925T1216Z,ecfb9d0b-e560-40d1-b7f0-7945edf3d582,2026-09-25T12:16:58Z,FanDuel rendered sportsbook page,,IL,NFL,36076211,Los Angeles Chargers @ Buffalo Bills,SUN 12:01PM CT,FanDuel,moneyline,Buffalo Bills,,-370,open,v3-forward-measurement
interim-il-20260925T1216Z,85e51259-8589-47a1-a138-5399c0bdbefa,2026-09-25T12:16:58Z,FanDuel rendered sportsbook page,,IL,NFL,36076211,Los Angeles Chargers @ Buffalo Bills,SUN 12:01PM CT,FanDuel,total,Over,50.5,-105,open,v3-forward-measurement
interim-il-20260925T1216Z,c70d4934-854d-4c8a-be2a-e4bc4aaddc20,2026-09-25T12:16:58Z,FanDuel rendered sportsbook page,,IL,NFL,36076211,Los Angeles Chargers @ Buffalo Bills,SUN 12:01PM CT,FanDuel,total,Under,50.5,-115,open,v3-forward-measurement
interim-il-20260925T1216Z,2af79358-2dec-4064-b873-0d72263f8de8,2026-09-25T12:16:58Z,FanDuel rendered sportsbook page,,IL,NFL,36076212,Kansas City Chiefs @ Miami Dolphins,SUN 12:01PM CT,FanDuel,spread,Kansas City Chiefs,-10.5,-115,open,v3-forward-measurement
interim-il-20260925T1216Z,22a437fc-dbeb-463b-a284-5160acc30ba1,2026-09-25T12:16:58Z,FanDuel rendered sportsbook page,,IL,NFL,36076212,Kansas City Chiefs @ Miami Dolphins,SUN 12:01PM CT,FanDuel,spread,Miami Dolphins,+10.5,-105,open,v3-forward-measurement
interim-il-20260925T1216Z,145e234b-96e6-4f2c-97f0-f9b2c3fde86b,2026-09-25T12:16:58Z,FanDuel rendered sportsbook page,,IL,NFL,36076212,Kansas City Chiefs @ Miami Dolphins,SUN 12:01PM CT,FanDuel,moneyline,Kansas City Chiefs,,-720,open,v3-forward-measurement
interim-il-20260925T1216Z,2373ad9d-643c-42aa-855a-ab02f3f40de3,2026-09-25T12:16:58Z,FanDuel rendered sportsbook page,,IL,NFL,36076212,Kansas City Chiefs @ Miami Dolphins,SUN 12:01PM CT,FanDuel,moneyline,Miami Dolphins,,+520,open,v3-forward-measurement
interim-il-20260925T1216Z,a25517e6-6e37-44c8-a3a0-a0d425572ca3,2026-09-25T12:16:58Z,FanDuel rendered sportsbook page,,IL,NFL,36076212,Kansas City Chiefs @ Miami Dolphins,SUN 12:01PM CT,FanDuel,total,Over,45.5,-115,open,v3-forward-measurement
interim-il-20260925T1216Z,a4c9898d-025e-49da-a355-e5662fb86e53,2026-09-25T12:16:58Z,FanDuel rendered sportsbook page,,IL,NFL,36076212,Kansas City Chiefs @ Miami Dolphins,SUN 12:01PM CT,FanDuel,total,Under,45.5,-105,open,v3-forward-measurement
interim-il-20260925T1216Z,e883c72e-1195-4b77-a34f-0b210bb595bc,2026-09-25T12:16:58Z,FanDuel rendered sportsbook page,,IL,NFL,36076213,Cincinnati Bengals @ Pittsburgh Steelers,SUN 12:01PM CT,FanDuel,spread,Cincinnati Bengals,-3.5,-108,open,v3-forward-measurement
interim-il-20260925T1216Z,0b2aa07d-7caf-4812-a40a-9df5877a7b4f,2026-09-25T12:16:58Z,FanDuel rendered sportsbook page,,IL,NFL,36076213,Cincinnati Bengals @ Pittsburgh Steelers,SUN 12:01PM CT,FanDuel,spread,Pittsburgh Steelers,+3.5,-112,open,v3-forward-measurement
interim-il-20260925T1216Z,bf316272-020f-47ad-b508-03187944acd7,2026-09-25T12:16:58Z,FanDuel rendered sportsbook page,,IL,NFL,36076213,Cincinnati Bengals @ Pittsburgh Steelers,SUN 12:01PM CT,FanDuel,moneyline,Cincinnati Bengals,,-190,open,v3-forward-measurement
interim-il-20260925T1216Z,288f9994-24c7-4140-b0cc-2a1dd92c6d9a,2026-09-25T12:16:58Z,FanDuel rendered sportsbook page,,IL,NFL,36076213,Cincinnati Bengals @ Pittsburgh Steelers,SUN 12:01PM CT,FanDuel,moneyline,Pittsburgh Steelers,,+160,open,v3-forward-measurement
interim-il-20260925T1216Z,cf741188-3607-45d0-8ae8-57cb2cf161a4,2026-09-25T12:16:58Z,FanDuel rendered sportsbook page,,IL,NFL,36076213,Cincinnati Bengals @ Pittsburgh Steelers,SUN 12:01PM CT,FanDuel,total,Over,42.5,-115,open,v3-forward-measurement
interim-il-20260925T1216Z,f4d91fe8-332c-40ad-b8ad-d50b9797c8c9,2026-09-25T12:16:58Z,FanDuel rendered sportsbook page,,IL,NFL,36076213,Cincinnati Bengals @ Pittsburgh Steelers,SUN 12:01PM CT,FanDuel,total,Under,42.5,-105,open,v3-forward-measurement
interim-il-20260925T1216Z,a24433c7-8f92-4b4a-9ed0-75a92b780f1a,2026-09-25T12:16:58Z,FanDuel rendered sportsbook page,,IL,NFL,36076214,Seattle Seahawks @ Washington Commanders,SUN 12:01PM CT,FanDuel,spread,Seattle Seahawks,-7.5,-105,open,v3-forward-measurement
interim-il-20260925T1216Z,895106fa-8d91-4b8a-a408-633ce094a8a2,2026-09-25T12:16:58Z,FanDuel rendered sportsbook page,,IL,NFL,36076214,Seattle Seahawks @ Washington Commanders,SUN 12:01PM CT,FanDuel,spread,Washington Commanders,+7.5,-115,open,v3-forward-measurement
interim-il-20260925T1216Z,8a2c3b07-0c56-4ad1-ac44-c3b64215d32f,2026-09-25T12:16:58Z,FanDuel rendered sportsbook page,,IL,NFL,36076214,Seattle Seahawks @ Washington Commanders,SUN 12:01PM CT,FanDuel,moneyline,Seattle Seahawks,,-390,open,v3-forward-measurement
interim-il-20260925T1216Z,548af953-5a8c-4b62-9df4-29ea6ff55a26,2026-09-25T12:16:58Z,FanDuel rendered sportsbook page,,IL,NFL,36076214,Seattle Seahawks @ Washington Commanders,SUN 12:01PM CT,FanDuel,moneyline,Washington Commanders,,+310,open,v3-forward-measurement
interim-il-20260925T1216Z,1cb43606-11db-4025-9d9a-dea3ed7d944c,2026-09-25T12:16:58Z,FanDuel rendered sportsbook page,,IL,NFL,36076214,Seattle Seahawks @ Washington Commanders,SUN 12:01PM CT,FanDuel,total,Over,40.5,-108,open,v3-forward-measurement
interim-il-20260925T1216Z,ce32c772-7d23-4b98-9330-4103a3c6fa5a,2026-09-25T12:16:58Z,FanDuel rendered sportsbook page,,IL,NFL,36076214,Seattle Seahawks @ Washington Commanders,SUN 12:01PM CT,FanDuel,total,Under,40.5,-112,open,v3-forward-measurement
interim-il-20260925T1216Z,7bc6d7ac-9e02-4f95-a87a-477c9f039d3a,2026-09-25T12:16:58Z,FanDuel rendered sportsbook page,,IL,NFL,36076215,Tennessee Titans @ New York Giants,SUN 12:01PM CT,FanDuel,spread,Tennessee Titans,+2.5,-110,open,v3-forward-measurement
interim-il-20260925T1216Z,a71d2dbc-95a2-4058-97dc-548066723e06,2026-09-25T12:16:58Z,FanDuel rendered sportsbook page,,IL,NFL,36076215,Tennessee Titans @ New York Giants,SUN 12:01PM CT,FanDuel,spread,New York Giants,-2.5,-110,open,v3-forward-measurement
interim-il-20260925T1216Z,20495ccf-60a6-409c-a45a-56b62bd528d1,2026-09-25T12:16:58Z,FanDuel rendered sportsbook page,,IL,NFL,36076215,Tennessee Titans @ New York Giants,SUN 12:01PM CT,FanDuel,moneyline,Tennessee Titans,,+116,open,v3-forward-measurement
interim-il-20260925T1216Z,c590b6dd-ab6b-419f-a344-67800750fc45,2026-09-25T12:16:58Z,FanDuel rendered sportsbook page,,IL,NFL,36076215,Tennessee Titans @ New York Giants,SUN 12:01PM CT,FanDuel,moneyline,New York Giants,,-136,open,v3-forward-measurement
interim-il-20260925T1216Z,ebfa2300-b016-4a07-89c9-78d8e4623154,2026-09-25T12:16:58Z,FanDuel rendered sportsbook page,,IL,NFL,36076215,Tennessee Titans @ New York Giants,SUN 12:01PM CT,FanDuel,total,Over,38.5,-106,open,v3-forward-measurement
interim-il-20260925T1216Z,d5ab832d-1b16-4dec-92d6-e8e48f846147,2026-09-25T12:16:58Z,FanDuel rendered sportsbook page,,IL,NFL,36076215,Tennessee Titans @ New York Giants,SUN 12:01PM CT,FanDuel,total,Under,38.5,-114,open,v3-forward-measurement
interim-il-20260925T1216Z,16a48e67-02bd-4010-b6ce-9706b0a86aff,2026-09-25T12:16:58Z,FanDuel rendered sportsbook page,,IL,NFL,36076217,Arizona Cardinals @ San Francisco 49ers,SUN 3:06PM CT,FanDuel,spread,Arizona Cardinals,+8.5,-105,open,v3-forward-measurement
interim-il-20260925T1216Z,12e82f66-ec07-48a2-a5aa-d9aa99743801,2026-09-25T12:16:58Z,FanDuel rendered sportsbook page,,IL,NFL,36076217,Arizona Cardinals @ San Francisco 49ers,SUN 3:06PM CT,FanDuel,spread,San Francisco 49ers,-8.5,-115,open,v3-forward-measurement
interim-il-20260925T1216Z,14117665-8817-472a-a29b-67aab5e322e9,2026-09-25T12:16:58Z,FanDuel rendered sportsbook page,,IL,NFL,36076217,Arizona Cardinals @ San Francisco 49ers,SUN 3:06PM CT,FanDuel,moneyline,Arizona Cardinals,,+380,open,v3-forward-measurement
interim-il-20260925T1216Z,8392f9d8-eb77-4790-94a8-bedb5fd370a0,2026-09-25T12:16:58Z,FanDuel rendered sportsbook page,,IL,NFL,36076217,Arizona Cardinals @ San Francisco 49ers,SUN 3:06PM CT,FanDuel,moneyline,San Francisco 49ers,,-490,open,v3-forward-measurement
interim-il-20260925T1216Z,a5f11e20-8d2c-44fe-89ea-ebaeea284553,2026-09-25T12:16:58Z,FanDuel rendered sportsbook page,,IL,NFL,36076217,Arizona Cardinals @ San Francisco 49ers,SUN 3:06PM CT,FanDuel,total,Over,47.5,-115,open,v3-forward-measurement
interim-il-20260925T1216Z,8f88750f-7f1e-4e10-80e3-ea907c9a6fa3,2026-09-25T12:16:58Z,FanDuel rendered sportsbook page,,IL,NFL,36076217,Arizona Cardinals @ San Francisco 49ers,SUN 3:06PM CT,FanDuel,total,Under,47.5,-105,open,v3-forward-measurement
interim-il-20260925T1216Z,2fa22656-17e7-4edd-8969-69e1bff838d1,2026-09-25T12:16:58Z,FanDuel rendered sportsbook page,,IL,NFL,36076218,Minnesota Vikings @ Tampa Bay Buccaneers,SUN 3:06PM CT,FanDuel,spread,Minnesota Vikings,-1.5,-110,open,v3-forward-measurement
interim-il-20260925T1216Z,a044b2f0-8b30-429c-a13c-56db50babb99,2026-09-25T12:16:58Z,FanDuel rendered sportsbook page,,IL,NFL,36076218,Minnesota Vikings @ Tampa Bay Buccaneers,SUN 3:06PM CT,FanDuel,spread,Tampa Bay Buccaneers,+1.5,-110,open,v3-forward-measurement
interim-il-20260925T1216Z,559c4cbd-4972-4a4b-b4d4-b27d37e66a89,2026-09-25T12:16:58Z,FanDuel rendered sportsbook page,,IL,NFL,36076218,Minnesota Vikings @ Tampa Bay Buccaneers,SUN 3:06PM CT,FanDuel,moneyline,Minnesota Vikings,,-124,open,v3-forward-measurement
interim-il-20260925T1216Z,0dbe7a71-f028-4bae-80fc-105be6138de0,2026-09-25T12:16:58Z,FanDuel rendered sportsbook page,,IL,NFL,36076218,Minnesota Vikings @ Tampa Bay Buccaneers,SUN 3:06PM CT,FanDuel,moneyline,Tampa Bay Buccaneers,,+106,open,v3-forward-measurement
interim-il-20260925T1216Z,fa092c05-36b3-4b0b-b4a7-e8c042f9928e,2026-09-25T12:16:58Z,FanDuel rendered sportsbook page,,IL,NFL,36076218,Minnesota Vikings @ Tampa Bay Buccaneers,SUN 3:06PM CT,FanDuel,total,Over,42.5,-115,open,v3-forward-measurement
interim-il-20260925T1216Z,87baf83b-51ea-4e01-87df-e2e885338c4d,2026-09-25T12:16:58Z,FanDuel rendered sportsbook page,,IL,NFL,36076218,Minnesota Vikings @ Tampa Bay Buccaneers,SUN 3:06PM CT,FanDuel,total,Under,42.5,-105,open,v3-forward-measurement
interim-il-20260925T1216Z,d676a4b8-ae72-4ec1-90b4-988858b1f02f,2026-09-25T12:16:58Z,FanDuel rendered sportsbook page,,IL,NFL,35601592,Baltimore Ravens @ Dallas Cowboys,SUN 3:25PM CT,FanDuel,spread,Baltimore Ravens,-3.5,-102,open,v3-forward-measurement
interim-il-20260925T1216Z,4e80b2e6-d6cc-47d2-9493-cfbd227c9ac8,2026-09-25T12:16:58Z,FanDuel rendered sportsbook page,,IL,NFL,35601592,Baltimore Ravens @ Dallas Cowboys,SUN 3:25PM CT,FanDuel,spread,Dallas Cowboys,+3.5,-120,open,v3-forward-measurement
interim-il-20260925T1216Z,f471a82d-b784-4a53-8e5f-fbc93cde7540,2026-09-25T12:16:58Z,FanDuel rendered sportsbook page,,IL,NFL,35601592,Baltimore Ravens @ Dallas Cowboys,SUN 3:25PM CT,FanDuel,moneyline,Baltimore Ravens,,-178,open,v3-forward-measurement
interim-il-20260925T1216Z,3db71f8c-b646-43fa-a52b-9f22b0d84065,2026-09-25T12:16:58Z,FanDuel rendered sportsbook page,,IL,NFL,35601592,Baltimore Ravens @ Dallas Cowboys,SUN 3:25PM CT,FanDuel,moneyline,Dallas Cowboys,,+150,open,v3-forward-measurement
interim-il-20260925T1216Z,7018c341-6eef-41a1-aac3-ad9e89b22b5b,2026-09-25T12:16:58Z,FanDuel rendered sportsbook page,,IL,NFL,35601592,Baltimore Ravens @ Dallas Cowboys,SUN 3:25PM CT,FanDuel,total,Over,52.5,-114,open,v3-forward-measurement
interim-il-20260925T1216Z,16a06eb4-477e-4ac9-95e0-5c991c049534,2026-09-25T12:16:58Z,FanDuel rendered sportsbook page,,IL,NFL,35601592,Baltimore Ravens @ Dallas Cowboys,SUN 3:25PM CT,FanDuel,total,Under,52.5,-106,open,v3-forward-measurement
interim-il-20260925T1216Z,8d3b1a2d-5fae-410e-802a-b789bbb323a4,2026-09-25T12:16:58Z,FanDuel rendered sportsbook page,,IL,NFL,36070615,Las Vegas Raiders @ New Orleans Saints,SUN 3:25PM CT,FanDuel,spread,Las Vegas Raiders,+3,-105,open,v3-forward-measurement
interim-il-20260925T1216Z,ed77a133-9cfa-4d93-b4f8-f9d6e40d959f,2026-09-25T12:16:58Z,FanDuel rendered sportsbook page,,IL,NFL,36070615,Las Vegas Raiders @ New Orleans Saints,SUN 3:25PM CT,FanDuel,spread,New Orleans Saints,-3,-115,open,v3-forward-measurement
interim-il-20260925T1216Z,358253df-a18b-4cf6-895e-1e93c8229cef,2026-09-25T12:16:58Z,FanDuel rendered sportsbook page,,IL,NFL,36070615,Las Vegas Raiders @ New Orleans Saints,SUN 3:25PM CT,FanDuel,moneyline,Las Vegas Raiders,,+146,open,v3-forward-measurement
interim-il-20260925T1216Z,55c5fcbb-ba7d-47fd-be53-39529bf8ddf4,2026-09-25T12:16:58Z,FanDuel rendered sportsbook page,,IL,NFL,36070615,Las Vegas Raiders @ New Orleans Saints,SUN 3:25PM CT,FanDuel,moneyline,New Orleans Saints,,-174,open,v3-forward-measurement
interim-il-20260925T1216Z,09d20199-9252-4b70-8c94-f6d6fb8124c4,2026-09-25T12:16:58Z,FanDuel rendered sportsbook page,,IL,NFL,36070615,Las Vegas Raiders @ New Orleans Saints,SUN 3:25PM CT,FanDuel,total,Over,43.5,-115,open,v3-forward-measurement
interim-il-20260925T1216Z,25743ab8-a3ad-43fa-9482-5cb52438b8e8,2026-09-25T12:16:58Z,FanDuel rendered sportsbook page,,IL,NFL,36070615,Las Vegas Raiders @ New Orleans Saints,SUN 3:25PM CT,FanDuel,total,Under,43.5,-105,open,v3-forward-measurement
interim-il-20260925T1216Z,ede8677b-f74d-4b12-be10-b641a4b24678,2026-09-25T12:16:58Z,FanDuel rendered sportsbook page,,IL,NFL,36076216,Los Angeles Rams @ Denver Broncos,SUN 7:21PM CT,FanDuel,spread,Los Angeles Rams,-2.5,-110,open,v3-forward-measurement
interim-il-20260925T1216Z,53acda21-8a11-4f24-b93e-564f7b458eed,2026-09-25T12:16:58Z,FanDuel rendered sportsbook page,,IL,NFL,36076216,Los Angeles Rams @ Denver Broncos,SUN 7:21PM CT,FanDuel,spread,Denver Broncos,+2.5,-110,open,v3-forward-measurement
interim-il-20260925T1216Z,c8bfe959-9a74-4b3b-aa3c-7d66479c11f9,2026-09-25T12:16:58Z,FanDuel rendered sportsbook page,,IL,NFL,36076216,Los Angeles Rams @ Denver Broncos,SUN 7:21PM CT,FanDuel,moneyline,Los Angeles Rams,,-134,open,v3-forward-measurement
interim-il-20260925T1216Z,0cc0c72a-f654-41af-a41e-10ce5cf62bab,2026-09-25T12:16:58Z,FanDuel rendered sportsbook page,,IL,NFL,36076216,Los Angeles Rams @ Denver Broncos,SUN 7:21PM CT,FanDuel,moneyline,Denver Broncos,,+114,open,v3-forward-measurement
interim-il-20260925T1216Z,99dde4be-3a19-4d5f-b112-73b75408d3b1,2026-09-25T12:16:58Z,FanDuel rendered sportsbook page,,IL,NFL,36076216,Los Angeles Rams @ Denver Broncos,SUN 7:21PM CT,FanDuel,total,Over,44.5,-110,open,v3-forward-measurement
interim-il-20260925T1216Z,58b21151-979a-47bf-8145-e2610a9e7d83,2026-09-25T12:16:58Z,FanDuel rendered sportsbook page,,IL,NFL,36076216,Los Angeles Rams @ Denver Broncos,SUN 7:21PM CT,FanDuel,total,Under,44.5,-110,open,v3-forward-measurement
interim-il-20260925T1216Z,f69daf26-9c0d-46e1-aa95-568844091607,2026-09-25T12:16:58Z,FanDuel rendered sportsbook page,,IL,NFL,36076219,Philadelphia Eagles @ Chicago Bears,MON 7:16PM CT,FanDuel,spread,Philadelphia Eagles,-4.5,-115,open,v3-forward-measurement
interim-il-20260925T1216Z,c54ffd41-f1cd-4d8f-968a-39fb7002bfee,2026-09-25T12:16:58Z,FanDuel rendered sportsbook page,,IL,NFL,36076219,Philadelphia Eagles @ Chicago Bears,MON 7:16PM CT,FanDuel,spread,Chicago Bears,+4.5,-105,open,v3-forward-measurement
interim-il-20260925T1216Z,1bdc4cd1-d025-409c-b22f-655218a1671d,2026-09-25T12:16:58Z,FanDuel rendered sportsbook page,,IL,NFL,36076219,Philadelphia Eagles @ Chicago Bears,MON 7:16PM CT,FanDuel,moneyline,Philadelphia Eagles,,-235,open,v3-forward-measurement
interim-il-20260925T1216Z,94aa5158-3ed8-4272-aaf7-29863fe19e45,2026-09-25T12:16:58Z,FanDuel rendered sportsbook page,,IL,NFL,36076219,Philadelphia Eagles @ Chicago Bears,MON 7:16PM CT,FanDuel,moneyline,Chicago Bears,,+194,open,v3-forward-measurement
interim-il-20260925T1216Z,89edb3e9-7048-49a2-8179-4ba610bb3c42,2026-09-25T12:16:58Z,FanDuel rendered sportsbook page,,IL,NFL,36076219,Philadelphia Eagles @ Chicago Bears,MON 7:16PM CT,FanDuel,total,Over,41.5,-108,open,v3-forward-measurement
interim-il-20260925T1216Z,a167160a-8540-4f7f-810b-44fdd473f055,2026-09-25T12:16:58Z,FanDuel rendered sportsbook page,,IL,NFL,36076219,Philadelphia Eagles @ Chicago Bears,MON 7:16PM CT,FanDuel,total,Under,41.5,-112,open,v3-forward-measurement
interim-il-20260925T1216Z,a74930cb-faef-4285-ad72-b011dbffaf21,2026-09-25T12:16:58Z,FanDuel rendered sportsbook page,,IL,NFL,36104915,Pittsburgh Steelers @ Cleveland Browns,THU 7:16PM CT,FanDuel,spread,Pittsburgh Steelers,-2.5,-110,open,v3-forward-measurement
interim-il-20260925T1216Z,cf13d9f7-7205-442b-80a5-74686773c0cd,2026-09-25T12:16:58Z,FanDuel rendered sportsbook page,,IL,NFL,36104915,Pittsburgh Steelers @ Cleveland Browns,THU 7:16PM CT,FanDuel,spread,Cleveland Browns,+2.5,-110,open,v3-forward-measurement
interim-il-20260925T1216Z,63b42ee5-c19c-4ba6-ad48-dc0cef02c857,2026-09-25T12:16:58Z,FanDuel rendered sportsbook page,,IL,NFL,36104915,Pittsburgh Steelers @ Cleveland Browns,THU 7:16PM CT,FanDuel,moneyline,Pittsburgh Steelers,,-134,open,v3-forward-measurement
interim-il-20260925T1216Z,886b7c5c-c436-4605-9891-152ba97d0bfb,2026-09-25T12:16:58Z,FanDuel rendered sportsbook page,,IL,NFL,36104915,Pittsburgh Steelers @ Cleveland Browns,THU 7:16PM CT,FanDuel,moneyline,Cleveland Browns,,+114,open,v3-forward-measurement
interim-il-20260925T1216Z,cd436592-cae8-4878-bb82-4848b8bfa032,2026-09-25T12:16:58Z,FanDuel rendered sportsbook page,,IL,NFL,36104915,Pittsburgh Steelers @ Cleveland Browns,THU 7:16PM CT,FanDuel,total,Over,37.5,-105,open,v3-forward-measurement
interim-il-20260925T1216Z,d39cf6e6-ba97-4966-a79e-43fd6bc53163,2026-09-25T12:16:58Z,FanDuel rendered sportsbook page,,IL,NFL,36104915,Pittsburgh Steelers @ Cleveland Browns,THU 7:16PM CT,FanDuel,total,Under,37.5,-115,open,v3-forward-measurement
interim-il-20260925T1216Z,963f4aac-07ae-4caf-982d-c8135e177f3a,2026-09-25T12:16:58Z,FanDuel rendered sportsbook page,,IL,NFL,35605982,Indianapolis Colts @ Washington Commanders,"OCT 4, 8:30AM CT",FanDuel,spread,Indianapolis Colts,-4.5,-115,open,v3-forward-measurement
interim-il-20260925T1216Z,e416796c-c2bb-495c-9079-7b47a9adfdc4,2026-09-25T12:16:58Z,FanDuel rendered sportsbook page,,IL,NFL,35605982,Indianapolis Colts @ Washington Commanders,"OCT 4, 8:30AM CT",FanDuel,spread,Washington Commanders,+4.5,-105,open,v3-forward-measurement
interim-il-20260925T1216Z,7ee6fd49-ca1a-4a83-90b7-7cc37b8bf699,2026-09-25T12:16:58Z,FanDuel rendered sportsbook page,,IL,NFL,35605982,Indianapolis Colts @ Washington Commanders,"OCT 4, 8:30AM CT",FanDuel,moneyline,Indianapolis Colts,,-230,open,v3-forward-measurement
interim-il-20260925T1216Z,c6889f07-b4ad-4ce0-b5e8-27fbbe4ef4bb,2026-09-25T12:16:58Z,FanDuel rendered sportsbook page,,IL,NFL,35605982,Indianapolis Colts @ Washington Commanders,"OCT 4, 8:30AM CT",FanDuel,moneyline,Washington Commanders,,+190,open,v3-forward-measurement
interim-il-20260925T1216Z,ed4fb5ad-bbcf-4258-876f-03dcae4a371c,2026-09-25T12:16:58Z,FanDuel rendered sportsbook page,,IL,NFL,35605982,Indianapolis Colts @ Washington Commanders,"OCT 4, 8:30AM CT",FanDuel,total,Over,46.5,-104,open,v3-forward-measurement
interim-il-20260925T1216Z,1e79f0f8-2b37-420f-a07d-d261432a433b,2026-09-25T12:16:58Z,FanDuel rendered sportsbook page,,IL,NFL,35605982,Indianapolis Colts @ Washington Commanders,"OCT 4, 8:30AM CT",FanDuel,total,Under,46.5,-118,open,v3-forward-measurement
interim-il-20260925T1216Z,73c11266-b5ff-4a02-9d9b-81e29a8f40ec,2026-09-25T12:16:58Z,FanDuel rendered sportsbook page,,IL,NFL,36104914,Tennessee Titans @ Baltimore Ravens,"OCT 4, 12:01PM CT",FanDuel,spread,Tennessee Titans,+10.5,-110,open,v3-forward-measurement
interim-il-20260925T1216Z,bfb71b87-4fdc-49b4-97b0-cf00442f5c62,2026-09-25T12:16:58Z,FanDuel rendered sportsbook page,,IL,NFL,36104914,Tennessee Titans @ Baltimore Ravens,"OCT 4, 12:01PM CT",FanDuel,spread,Baltimore Ravens,-10.5,-110,open,v3-forward-measurement
interim-il-20260925T1216Z,c700143b-c1c4-4fde-8182-926dbf9c4554,2026-09-25T12:16:58Z,FanDuel rendered sportsbook page,,IL,NFL,36104914,Tennessee Titans @ Baltimore Ravens,"OCT 4, 12:01PM CT",FanDuel,moneyline,Tennessee Titans,,+500,open,v3-forward-measurement
interim-il-20260925T1216Z,d9dad6ba-fa21-4c3f-99d5-28d561166d43,2026-09-25T12:16:58Z,FanDuel rendered sportsbook page,,IL,NFL,36104914,Tennessee Titans @ Baltimore Ravens,"OCT 4, 12:01PM CT",FanDuel,moneyline,Baltimore Ravens,,-700,open,v3-forward-measurement
interim-il-20260925T1216Z,7cee5369-8bb4-4b70-be48-31a1567b6f8e,2026-09-25T12:16:58Z,FanDuel rendered sportsbook page,,IL,NFL,36104914,Tennessee Titans @ Baltimore Ravens,"OCT 4, 12:01PM CT",FanDuel,total,Over,44.5,-118,open,v3-forward-measurement
interim-il-20260925T1216Z,91e350ed-1c9f-4106-a771-c631875243b9,2026-09-25T12:16:58Z,FanDuel rendered sportsbook page,,IL,NFL,36104914,Tennessee Titans @ Baltimore Ravens,"OCT 4, 12:01PM CT",FanDuel,total,Under,44.5,-104,open,v3-forward-measurement
interim-il-20260925T1216Z,06c34ca6-6c85-4850-bb66-115962f0faa0,2026-09-25T12:16:58Z,FanDuel rendered sportsbook page,,IL,NFL,36104916,New York Jets @ Chicago Bears,"OCT 4, 12:01PM CT",FanDuel,spread,New York Jets,+3.5,-110,open,v3-forward-measurement
interim-il-20260925T1216Z,5f844282-408f-4503-878e-56b50d671a6b,2026-09-25T12:16:58Z,FanDuel rendered sportsbook page,,IL,NFL,36104916,New York Jets @ Chicago Bears,"OCT 4, 12:01PM CT",FanDuel,spread,Chicago Bears,-3.5,-110,open,v3-forward-measurement
interim-il-20260925T1216Z,e3f54f31-0412-4f10-b262-15a58cb7ffd7,2026-09-25T12:16:58Z,FanDuel rendered sportsbook page,,IL,NFL,36104916,New York Jets @ Chicago Bears,"OCT 4, 12:01PM CT",FanDuel,moneyline,New York Jets,,+160,open,v3-forward-measurement
interim-il-20260925T1216Z,002de1d4-7be4-4bc5-acb3-bf470ddf5f8b,2026-09-25T12:16:58Z,FanDuel rendered sportsbook page,,IL,NFL,36104916,New York Jets @ Chicago Bears,"OCT 4, 12:01PM CT",FanDuel,moneyline,Chicago Bears,,-190,open,v3-forward-measurement
interim-il-20260925T1216Z,5d360f3e-6ade-406a-b7de-04221905ee9f,2026-09-25T12:16:58Z,FanDuel rendered sportsbook page,,IL,NFL,36104916,New York Jets @ Chicago Bears,"OCT 4, 12:01PM CT",FanDuel,total,Over,43.5,-105,open,v3-forward-measurement
interim-il-20260925T1216Z,1d46f69a-c46f-4add-8d45-32fe81a1c58d,2026-09-25T12:16:58Z,FanDuel rendered sportsbook page,,IL,NFL,36104916,New York Jets @ Chicago Bears,"OCT 4, 12:01PM CT",FanDuel,total,Under,43.5,-115,open,v3-forward-measurement
interim-il-20260925T1216Z,612f60a5-388c-4075-933f-857442d05bf9,2026-09-25T12:16:58Z,FanDuel rendered sportsbook page,,IL,NFL,36104917,Green Bay Packers @ Tampa Bay Buccaneers,"OCT 4, 12:01PM CT",FanDuel,spread,Green Bay Packers,-1.5,-104,open,v3-forward-measurement
interim-il-20260925T1216Z,468be1ea-0852-4601-94cc-dad83307a419,2026-09-25T12:16:58Z,FanDuel rendered sportsbook page,,IL,NFL,36104917,Green Bay Packers @ Tampa Bay Buccaneers,"OCT 4, 12:01PM CT",FanDuel,spread,Tampa Bay Buccaneers,+1.5,-118,open,v3-forward-measurement
interim-il-20260925T1216Z,03819f30-ebda-46e4-8b30-22c31232d689,2026-09-25T12:16:58Z,FanDuel rendered sportsbook page,,IL,NFL,36104917,Green Bay Packers @ Tampa Bay Buccaneers,"OCT 4, 12:01PM CT",FanDuel,moneyline,Green Bay Packers,,-116,open,v3-forward-measurement
interim-il-20260925T1216Z,93b84e72-a939-43d3-9806-19e9806b839f,2026-09-25T12:16:58Z,FanDuel rendered sportsbook page,,IL,NFL,36104917,Green Bay Packers @ Tampa Bay Buccaneers,"OCT 4, 12:01PM CT",FanDuel,moneyline,Tampa Bay Buccaneers,,-102,open,v3-forward-measurement
interim-il-20260925T1216Z,b04c1507-cb60-450a-9fec-f3a110111cd6,2026-09-25T12:16:58Z,FanDuel rendered sportsbook page,,IL,NFL,36104917,Green Bay Packers @ Tampa Bay Buccaneers,"OCT 4, 12:01PM CT",FanDuel,total,Over,45.5,-115,open,v3-forward-measurement
interim-il-20260925T1216Z,7378285c-f6b5-4bc6-8965-abc52d73f760,2026-09-25T12:16:58Z,FanDuel rendered sportsbook page,,IL,NFL,36104917,Green Bay Packers @ Tampa Bay Buccaneers,"OCT 4, 12:01PM CT",FanDuel,total,Under,45.5,-105,open,v3-forward-measurement
interim-il-20260925T1216Z,a9f493ea-a6d6-46c5-88b1-4f709a196a0a,2026-09-25T12:16:58Z,FanDuel rendered sportsbook page,,IL,NFL,36104919,Jacksonville Jaguars @ Cincinnati Bengals,"OCT 4, 12:01PM CT",FanDuel,spread,Jacksonville Jaguars,+2.5,-105,open,v3-forward-measurement
interim-il-20260925T1216Z,b6588180-ce5d-4715-9bf2-45f2e3427212,2026-09-25T12:16:58Z,FanDuel rendered sportsbook page,,IL,NFL,36104919,Jacksonville Jaguars @ Cincinnati Bengals,"OCT 4, 12:01PM CT",FanDuel,spread,Cincinnati Bengals,-2.5,-115,open,v3-forward-measurement
interim-il-20260925T1216Z,998fc90b-6c49-42a9-a74b-17e5ecfd8e54,2026-09-25T12:16:58Z,FanDuel rendered sportsbook page,,IL,NFL,36104919,Jacksonville Jaguars @ Cincinnati Bengals,"OCT 4, 12:01PM CT",FanDuel,moneyline,Jacksonville Jaguars,,+122,open,v3-forward-measurement
interim-il-20260925T1216Z,8e776a84-ff88-4a63-b401-eb9d1fab4426,2026-09-25T12:16:58Z,FanDuel rendered sportsbook page,,IL,NFL,36104919,Jacksonville Jaguars @ Cincinnati Bengals,"OCT 4, 12:01PM CT",FanDuel,moneyline,Cincinnati Bengals,,-144,open,v3-forward-measurement
interim-il-20260925T1216Z,23893ff7-2c49-44ee-a1f3-efc63da2f5cc,2026-09-25T12:16:58Z,FanDuel rendered sportsbook page,,IL,NFL,36104919,Jacksonville Jaguars @ Cincinnati Bengals,"OCT 4, 12:01PM CT",FanDuel,total,Over,50.5,-118,open,v3-forward-measurement
interim-il-20260925T1216Z,e916489e-0725-4a24-8ba9-aae4454142e4,2026-09-25T12:16:58Z,FanDuel rendered sportsbook page,,IL,NFL,36104919,Jacksonville Jaguars @ Cincinnati Bengals,"OCT 4, 12:01PM CT",FanDuel,total,Under,50.5,-104,open,v3-forward-measurement
interim-il-20260925T1216Z,30c33e3e-3ca7-42c7-b890-993916dadc54,2026-09-25T12:16:58Z,FanDuel rendered sportsbook page,,IL,NFL,36104918,New England Patriots @ Buffalo Bills,"OCT 4, 12:01PM CT",FanDuel,spread,New England Patriots,+5.5,-105,open,v3-forward-measurement
interim-il-20260925T1216Z,b8bfb442-9220-4178-9cb8-52177f130433,2026-09-25T12:16:58Z,FanDuel rendered sportsbook page,,IL,NFL,36104918,New England Patriots @ Buffalo Bills,"OCT 4, 12:01PM CT",FanDuel,spread,Buffalo Bills,-5.5,-115,open,v3-forward-measurement
interim-il-20260925T1216Z,3fab92a0-2255-406b-a507-433604b26734,2026-09-25T12:16:58Z,FanDuel rendered sportsbook page,,IL,NFL,36104918,New England Patriots @ Buffalo Bills,"OCT 4, 12:01PM CT",FanDuel,moneyline,New England Patriots,,+215,open,v3-forward-measurement
interim-il-20260925T1216Z,7bf1f4a0-37d1-4745-b4b1-f02f2f0d89da,2026-09-25T12:16:58Z,FanDuel rendered sportsbook page,,IL,NFL,36104918,New England Patriots @ Buffalo Bills,"OCT 4, 12:01PM CT",FanDuel,moneyline,Buffalo Bills,,-260,open,v3-forward-measurement
interim-il-20260925T1216Z,1e836267-a874-4964-8836-7b93c58621e0,2026-09-25T12:16:58Z,FanDuel rendered sportsbook page,,IL,NFL,36104918,New England Patriots @ Buffalo Bills,"OCT 4, 12:01PM CT",FanDuel,total,Over,50.5,-104,open,v3-forward-measurement
interim-il-20260925T1216Z,2c1acb2f-7d4b-4edb-b709-19947ec659eb,2026-09-25T12:16:58Z,FanDuel rendered sportsbook page,,IL,NFL,36104918,New England Patriots @ Buffalo Bills,"OCT 4, 12:01PM CT",FanDuel,total,Under,50.5,-118,open,v3-forward-measurement
interim-il-20260925T1216Z,da103cd9-e029-4457-ad5d-355970c99006,2026-09-25T12:16:58Z,FanDuel rendered sportsbook page,,IL,NFL,36104920,Arizona Cardinals @ New York Giants,"OCT 4, 12:01PM CT",FanDuel,spread,Arizona Cardinals,+2.5,-110,open,v3-forward-measurement
interim-il-20260925T1216Z,450c44bc-25ab-40c4-895f-5a6531b97ad7,2026-09-25T12:16:58Z,FanDuel rendered sportsbook page,,IL,NFL,36104920,Arizona Cardinals @ New York Giants,"OCT 4, 12:01PM CT",FanDuel,spread,New York Giants,-2.5,-110,open,v3-forward-measurement
interim-il-20260925T1216Z,cddda694-0d7c-4584-bd29-38c81c925b5c,2026-09-25T12:16:58Z,FanDuel rendered sportsbook page,,IL,NFL,36104920,Arizona Cardinals @ New York Giants,"OCT 4, 12:01PM CT",FanDuel,moneyline,Arizona Cardinals,,+116,open,v3-forward-measurement
interim-il-20260925T1216Z,52d20f85-9f35-452e-aee5-a5941b20d92a,2026-09-25T12:16:58Z,FanDuel rendered sportsbook page,,IL,NFL,36104920,Arizona Cardinals @ New York Giants,"OCT 4, 12:01PM CT",FanDuel,moneyline,New York Giants,,-136,open,v3-forward-measurement
interim-il-20260925T1216Z,1c8499aa-e515-4f7e-bf08-efe8ea3cc4e9,2026-09-25T12:16:58Z,FanDuel rendered sportsbook page,,IL,NFL,36104920,Arizona Cardinals @ New York Giants,"OCT 4, 12:01PM CT",FanDuel,total,Over,43.5,-115,open,v3-forward-measurement
interim-il-20260925T1216Z,72340120-8a0d-4689-832d-3d354665adab,2026-09-25T12:16:58Z,FanDuel rendered sportsbook page,,IL,NFL,36104920,Arizona Cardinals @ New York Giants,"OCT 4, 12:01PM CT",FanDuel,total,Under,43.5,-105,open,v3-forward-measurement
interim-il-20260925T1216Z,f4e4f4f1-2598-4806-bac8-1c454e5507e0,2026-09-25T12:16:58Z,FanDuel rendered sportsbook page,,IL,NFL,36104922,Dallas Cowboys @ Houston Texans,"OCT 4, 12:01PM CT",FanDuel,spread,Dallas Cowboys,+2.5,-105,open,v3-forward-measurement
interim-il-20260925T1216Z,b6d9a6ff-91ee-4f45-9f0f-0a2d8afc6975,2026-09-25T12:16:58Z,FanDuel rendered sportsbook page,,IL,NFL,36104922,Dallas Cowboys @ Houston Texans,"OCT 4, 12:01PM CT",FanDuel,spread,Houston Texans,-2.5,-115,open,v3-forward-measurement
interim-il-20260925T1216Z,74ddebaf-317c-4b2a-af4b-67fcb05fb96a,2026-09-25T12:16:58Z,FanDuel rendered sportsbook page,,IL,NFL,36104922,Dallas Cowboys @ Houston Texans,"OCT 4, 12:01PM CT",FanDuel,moneyline,Dallas Cowboys,,+124,open,v3-forward-measurement
interim-il-20260925T1216Z,cbd5db4c-27ee-452b-8b98-c422882766b2,2026-09-25T12:16:58Z,FanDuel rendered sportsbook page,,IL,NFL,36104922,Dallas Cowboys @ Houston Texans,"OCT 4, 12:01PM CT",FanDuel,moneyline,Houston Texans,,-146,open,v3-forward-measurement
interim-il-20260925T1216Z,9ad331ab-1d73-48a1-8f09-b42538e247e5,2026-09-25T12:16:58Z,FanDuel rendered sportsbook page,,IL,NFL,36104922,Dallas Cowboys @ Houston Texans,"OCT 4, 12:01PM CT",FanDuel,total,Over,47.5,-105,open,v3-forward-measurement
interim-il-20260925T1216Z,d2351db5-f269-4f5d-bf40-dac0bb3f4166,2026-09-25T12:16:58Z,FanDuel rendered sportsbook page,,IL,NFL,36104922,Dallas Cowboys @ Houston Texans,"OCT 4, 12:01PM CT",FanDuel,total,Under,47.5,-115,open,v3-forward-measurement
interim-il-20260925T1216Z,6bfdf6db-23b4-4575-be8a-898852f11785,2026-09-25T12:16:58Z,FanDuel rendered sportsbook page,,IL,NFL,36104923,Los Angeles Rams @ Philadelphia Eagles,"OCT 4, 12:01PM CT",FanDuel,spread,Los Angeles Rams,-3,-104,open,v3-forward-measurement
interim-il-20260925T1216Z,bbccd44e-6530-4757-b648-57e9a4c32897,2026-09-25T12:16:58Z,FanDuel rendered sportsbook page,,IL,NFL,36104923,Los Angeles Rams @ Philadelphia Eagles,"OCT 4, 12:01PM CT",FanDuel,spread,Philadelphia Eagles,+3,-118,open,v3-forward-measurement
interim-il-20260925T1216Z,5dcbb049-958b-49cf-9e45-ee2dcc481f59,2026-09-25T12:16:58Z,FanDuel rendered sportsbook page,,IL,NFL,36104923,Los Angeles Rams @ Philadelphia Eagles,"OCT 4, 12:01PM CT",FanDuel,moneyline,Los Angeles Rams,,-152,open,v3-forward-measurement
interim-il-20260925T1216Z,344387c8-eadd-42d8-939a-2a39ff20b560,2026-09-25T12:16:58Z,FanDuel rendered sportsbook page,,IL,NFL,36104923,Los Angeles Rams @ Philadelphia Eagles,"OCT 4, 12:01PM CT",FanDuel,moneyline,Philadelphia Eagles,,+128,open,v3-forward-measurement
interim-il-20260925T1216Z,8cb65edb-18e2-45ef-ab69-3ac4b393ebe7,2026-09-25T12:16:58Z,FanDuel rendered sportsbook page,,IL,NFL,36104923,Los Angeles Rams @ Philadelphia Eagles,"OCT 4, 12:01PM CT",FanDuel,total,Over,46.5,-104,open,v3-forward-measurement
interim-il-20260925T1216Z,43de9c1a-c670-4f33-9750-91a8cdf2137b,2026-09-25T12:16:58Z,FanDuel rendered sportsbook page,,IL,NFL,36104923,Los Angeles Rams @ Philadelphia Eagles,"OCT 4, 12:01PM CT",FanDuel,total,Under,46.5,-118,open,v3-forward-measurement
interim-il-20260925T1216Z,28b852d3-9bc5-4054-86b8-524721752dfe,2026-09-25T12:16:58Z,FanDuel rendered sportsbook page,,IL,NFL,36104925,Miami Dolphins @ Minnesota Vikings,"OCT 4, 3:06PM CT",FanDuel,spread,Miami Dolphins,+10.5,-120,open,v3-forward-measurement
interim-il-20260925T1216Z,cb5cd5c0-dd54-43fd-9223-a7f5547d74dc,2026-09-25T12:16:58Z,FanDuel rendered sportsbook page,,IL,NFL,36104925,Miami Dolphins @ Minnesota Vikings,"OCT 4, 3:06PM CT",FanDuel,spread,Minnesota Vikings,-10.5,-102,open,v3-forward-measurement
interim-il-20260925T1216Z,b426c299-d51f-4fef-af93-a54991f1cdbc,2026-09-25T12:16:58Z,FanDuel rendered sportsbook page,,IL,NFL,36104925,Miami Dolphins @ Minnesota Vikings,"OCT 4, 3:06PM CT",FanDuel,moneyline,Miami Dolphins,,+420,open,v3-forward-measurement
interim-il-20260925T1216Z,8311e179-ba6f-460c-bd6a-40def9c4576b,2026-09-25T12:16:58Z,FanDuel rendered sportsbook page,,IL,NFL,36104925,Miami Dolphins @ Minnesota Vikings,"OCT 4, 3:06PM CT",FanDuel,moneyline,Minnesota Vikings,,-560,open,v3-forward-measurement
interim-il-20260925T1216Z,ea68f54f-f846-4de8-b25e-8b3ee205139b,2026-09-25T12:16:58Z,FanDuel rendered sportsbook page,,IL,NFL,36104925,Miami Dolphins @ Minnesota Vikings,"OCT 4, 3:06PM CT",FanDuel,total,Over,43.5,-105,open,v3-forward-measurement
interim-il-20260925T1216Z,25826f0a-ce94-49b4-9622-783733744a9a,2026-09-25T12:16:58Z,FanDuel rendered sportsbook page,,IL,NFL,36104925,Miami Dolphins @ Minnesota Vikings,"OCT 4, 3:06PM CT",FanDuel,total,Under,43.5,-115,open,v3-forward-measurement
interim-il-20260925T1216Z,05a4bc47-eab6-4c3d-b635-91fbf26519f4,2026-09-25T12:16:58Z,FanDuel rendered sportsbook page,,IL,NFL,36104921,Los Angeles Chargers @ Seattle Seahawks,"OCT 4, 3:26PM CT",FanDuel,spread,Los Angeles Chargers,+7,-115,open,v3-forward-measurement
interim-il-20260925T1216Z,a319e506-00ef-4d51-98d5-0fd402fb247c,2026-09-25T12:16:58Z,FanDuel rendered sportsbook page,,IL,NFL,36104921,Los Angeles Chargers @ Seattle Seahawks,"OCT 4, 3:26PM CT",FanDuel,spread,Seattle Seahawks,-7,-105,open,v3-forward-measurement
interim-il-20260925T1216Z,e04bd4c7-60da-494d-a9ac-5821b7d4c27a,2026-09-25T12:16:58Z,FanDuel rendered sportsbook page,,IL,NFL,36104921,Los Angeles Chargers @ Seattle Seahawks,"OCT 4, 3:26PM CT",FanDuel,moneyline,Los Angeles Chargers,,+275,open,v3-forward-measurement
interim-il-20260925T1216Z,042253a7-0f4c-468b-a851-d41c27064b92,2026-09-25T12:16:58Z,FanDuel rendered sportsbook page,,IL,NFL,36104921,Los Angeles Chargers @ Seattle Seahawks,"OCT 4, 3:26PM CT",FanDuel,moneyline,Seattle Seahawks,,-340,open,v3-forward-measurement
interim-il-20260925T1216Z,49155402-8623-4585-95a7-fad25556fdf5,2026-09-25T12:16:58Z,FanDuel rendered sportsbook page,,IL,NFL,36104921,Los Angeles Chargers @ Seattle Seahawks,"OCT 4, 3:26PM CT",FanDuel,total,Over,43.5,-115,open,v3-forward-measurement
interim-il-20260925T1216Z,223440c6-c66f-4441-ad33-2861a9ac611e,2026-09-25T12:16:58Z,FanDuel rendered sportsbook page,,IL,NFL,36104921,Los Angeles Chargers @ Seattle Seahawks,"OCT 4, 3:26PM CT",FanDuel,total,Under,43.5,-105,open,v3-forward-measurement
interim-il-20260925T1216Z,ab91b89d-e5d3-4142-8d39-07d9e69fc77a,2026-09-25T12:16:58Z,FanDuel rendered sportsbook page,,IL,NFL,36104924,Denver Broncos @ San Francisco 49ers,"OCT 4, 3:26PM CT",FanDuel,spread,Denver Broncos,+3.5,-106,open,v3-forward-measurement
interim-il-20260925T1216Z,ca623e94-0d94-42ea-b6db-fae4eb9fa792,2026-09-25T12:16:58Z,FanDuel rendered sportsbook page,,IL,NFL,36104924,Denver Broncos @ San Francisco 49ers,"OCT 4, 3:26PM CT",FanDuel,spread,San Francisco 49ers,-3.5,-114,open,v3-forward-measurement
interim-il-20260925T1216Z,71e79d19-b109-4a10-b071-0b0801d7f606,2026-09-25T12:16:58Z,FanDuel rendered sportsbook page,,IL,NFL,36104924,Denver Broncos @ San Francisco 49ers,"OCT 4, 3:26PM CT",FanDuel,moneyline,Denver Broncos,,+172,open,v3-forward-measurement
interim-il-20260925T1216Z,5001a9d3-56c5-4870-b850-1e30d11676ac,2026-09-25T12:16:58Z,FanDuel rendered sportsbook page,,IL,NFL,36104924,Denver Broncos @ San Francisco 49ers,"OCT 4, 3:26PM CT",FanDuel,moneyline,San Francisco 49ers,,-205,open,v3-forward-measurement
interim-il-20260925T1216Z,1bc553e3-44b0-4bf1-b303-cf3585e46a69,2026-09-25T12:16:58Z,FanDuel rendered sportsbook page,,IL,NFL,36104924,Denver Broncos @ San Francisco 49ers,"OCT 4, 3:26PM CT",FanDuel,total,Over,46.5,-110,open,v3-forward-measurement
interim-il-20260925T1216Z,2b07d767-fd1e-4ed3-9b1c-4f2da17e5820,2026-09-25T12:16:58Z,FanDuel rendered sportsbook page,,IL,NFL,36104924,Denver Broncos @ San Francisco 49ers,"OCT 4, 3:26PM CT",FanDuel,total,Under,46.5,-110,open,v3-forward-measurement
interim-il-20260925T1216Z,d7611aaf-fcbb-44de-9a74-ff4d76fb0a9f,2026-09-25T12:16:58Z,FanDuel rendered sportsbook page,,IL,NFL,36104926,Kansas City Chiefs @ Las Vegas Raiders,"OCT 4, 3:26PM CT",FanDuel,spread,Kansas City Chiefs,-5.5,-105,open,v3-forward-measurement
interim-il-20260925T1216Z,a270a300-6bb0-4b80-8253-a1b2a1126ab7,2026-09-25T12:16:58Z,FanDuel rendered sportsbook page,,IL,NFL,36104926,Kansas City Chiefs @ Las Vegas Raiders,"OCT 4, 3:26PM CT",FanDuel,spread,Las Vegas Raiders,+5.5,-115,open,v3-forward-measurement
interim-il-20260925T1216Z,ab84c19f-e82c-4197-92e2-7a3f4aa23e51,2026-09-25T12:16:58Z,FanDuel rendered sportsbook page,,IL,NFL,36104926,Kansas City Chiefs @ Las Vegas Raiders,"OCT 4, 3:26PM CT",FanDuel,moneyline,Kansas City Chiefs,,-240,open,v3-forward-measurement
interim-il-20260925T1216Z,25287c8f-dd95-4084-9b48-ec07a08d99f2,2026-09-25T12:16:58Z,FanDuel rendered sportsbook page,,IL,NFL,36104926,Kansas City Chiefs @ Las Vegas Raiders,"OCT 4, 3:26PM CT",FanDuel,moneyline,Las Vegas Raiders,,+198,open,v3-forward-measurement
interim-il-20260925T1216Z,573c318e-cfcb-44a6-b8f6-1b630e0a05c6,2026-09-25T12:16:58Z,FanDuel rendered sportsbook page,,IL,NFL,36104926,Kansas City Chiefs @ Las Vegas Raiders,"OCT 4, 3:26PM CT",FanDuel,total,Over,45.5,-118,open,v3-forward-measurement
interim-il-20260925T1216Z,b9db9927-a48a-4dae-997d-2164104b2356,2026-09-25T12:16:58Z,FanDuel rendered sportsbook page,,IL,NFL,36104926,Kansas City Chiefs @ Las Vegas Raiders,"OCT 4, 3:26PM CT",FanDuel,total,Under,45.5,-104,open,v3-forward-measurement
interim-il-20260925T1216Z,a3ddd1d4-814e-4148-bc63-1d5fe1538b0e,2026-09-25T12:16:58Z,FanDuel rendered sportsbook page,,IL,NFL,36104927,Detroit Lions @ Carolina Panthers,"OCT 4, 7:21PM CT",FanDuel,spread,Detroit Lions,-2.5,-110,open,v3-forward-measurement
interim-il-20260925T1216Z,ffc532d2-b8b1-4ef8-aceb-693bc75187e2,2026-09-25T12:16:58Z,FanDuel rendered sportsbook page,,IL,NFL,36104927,Detroit Lions @ Carolina Panthers,"OCT 4, 7:21PM CT",FanDuel,spread,Carolina Panthers,+2.5,-110,open,v3-forward-measurement
interim-il-20260925T1216Z,99bf9c60-5c54-4c8e-97a3-5db249c2673a,2026-09-25T12:16:58Z,FanDuel rendered sportsbook page,,IL,NFL,36104927,Detroit Lions @ Carolina Panthers,"OCT 4, 7:21PM CT",FanDuel,moneyline,Detroit Lions,,-138,open,v3-forward-measurement
interim-il-20260925T1216Z,6aa6e374-135d-4e99-98c5-c8125e91bedd,2026-09-25T12:16:58Z,FanDuel rendered sportsbook page,,IL,NFL,36104927,Detroit Lions @ Carolina Panthers,"OCT 4, 7:21PM CT",FanDuel,moneyline,Carolina Panthers,,+118,open,v3-forward-measurement
interim-il-20260925T1216Z,abb23c03-806e-4405-8370-33326e5e12d8,2026-09-25T12:16:58Z,FanDuel rendered sportsbook page,,IL,NFL,36104927,Detroit Lions @ Carolina Panthers,"OCT 4, 7:21PM CT",FanDuel,total,Over,49.5,-110,open,v3-forward-measurement
interim-il-20260925T1216Z,b7ca2611-337e-4768-8ed6-e5f64516f0a9,2026-09-25T12:16:58Z,FanDuel rendered sportsbook page,,IL,NFL,36104927,Detroit Lions @ Carolina Panthers,"OCT 4, 7:21PM CT",FanDuel,total,Under,49.5,-110,open,v3-forward-measurement
interim-il-20260925T1216Z,956e4057-baab-42b3-96bd-dd70b89f3e0a,2026-09-25T12:16:58Z,FanDuel rendered sportsbook page,,IL,NFL,36104928,Atlanta Falcons @ New Orleans Saints,"OCT 5, 7:16PM CT",FanDuel,spread,Atlanta Falcons,+3.5,-114,open,v3-forward-measurement
interim-il-20260925T1216Z,553d7e2e-d659-4066-bb7a-a4e477eae433,2026-09-25T12:16:58Z,FanDuel rendered sportsbook page,,IL,NFL,36104928,Atlanta Falcons @ New Orleans Saints,"OCT 5, 7:16PM CT",FanDuel,spread,New Orleans Saints,-3.5,-106,open,v3-forward-measurement
interim-il-20260925T1216Z,199f5711-052d-470c-a278-bbb96ab786ac,2026-09-25T12:16:58Z,FanDuel rendered sportsbook page,,IL,NFL,36104928,Atlanta Falcons @ New Orleans Saints,"OCT 5, 7:16PM CT",FanDuel,moneyline,Atlanta Falcons,,+154,open,v3-forward-measurement
interim-il-20260925T1216Z,17d570fd-dce0-42de-b886-0125cdb5f4e8,2026-09-25T12:16:58Z,FanDuel rendered sportsbook page,,IL,NFL,36104928,Atlanta Falcons @ New Orleans Saints,"OCT 5, 7:16PM CT",FanDuel,moneyline,New Orleans Saints,,-184,open,v3-forward-measurement
interim-il-20260925T1216Z,61f6f360-be53-471b-a716-a85672c7c319,2026-09-25T12:16:58Z,FanDuel rendered sportsbook page,,IL,NFL,36104928,Atlanta Falcons @ New Orleans Saints,"OCT 5, 7:16PM CT",FanDuel,total,Over,45.5,-108,open,v3-forward-measurement
interim-il-20260925T1216Z,237ebd3e-7922-473f-9b61-16f1f9213c26,2026-09-25T12:16:58Z,FanDuel rendered sportsbook page,,IL,NFL,36104928,Atlanta Falcons @ New Orleans Saints,"OCT 5, 7:16PM CT",FanDuel,total,Under,45.5,-112,open,v3-forward-measurement
