player,player_id,position,team_name,player_game_count,attempts,first_downs,franchise_id,fumbles,longest,rec_yards,receptions,targets,total_touches,touchdowns,yards,ypa
Jonathan Taylor,57488,HB,IND,17,323,84,14,2,83,378,46,54,369,18,1585,4.9
Christian McCaffrey,11763,HB,SF,17,311,70,28,2,41,924,102,121,413,10,1202,3.9
James Cook,83666,HB,BUF,17,309,68,4,6,64,291,33,39,342,12,1621,5.2
Derrick Henry,10679,HB,BLT,17,307,79,3,4,59,150,15,19,322,16,1595,5.2
Bijan Robinson,123126,HB,ATL,17,287,63,2,4,93,820,79,99,366,7,1478,5.1
Saquon Barkley,45791,HB,PHI,16,280,48,24,1,65,273,37,48,317,7,1140,4.1
Ashton Jeanty,157196,HB,LV,17,266,44,23,2,64,346,55,68,321,5,975,3.7
Travis Etienne Jr.,57185,HB,JAX,17,260,48,15,1,71,292,36,47,296,7,1107,4.3
Kyren Williams,97118,HB,LA,17,259,74,26,2,34,281,36,44,295,10,1252,4.8
Javonte Williams,77803,HB,DAL,16,252,67,9,2,66,137,35,46,287,11,1201,4.8
Jahmyr Gibbs,122474,HB,DET,17,243,56,11,2,78,616,77,92,320,13,1223,5.0
Breece Hall,97636,HB,NYJ,16,243,57,22,2,59,350,36,40,279,4,1065,4.4
Tony Pollard,27126,HB,TEN,17,242,48,31,4,65,206,33,39,275,5,1082,4.5
De'Von Achane,124305,HB,MIA,16,238,56,17,1,59,488,67,85,305,8,1350,5.7
Rico Dowdle,40693,HB,CAR,17,236,51,5,2,53,297,39,46,275,6,1076,4.6
Josh Jacobs,45953,HB,GB,15,234,55,12,2,40,282,36,43,270,13,929,4.0
Chase Brown,77787,HB,CIN,17,232,52,7,2,37,437,69,86,301,6,1019,4.4
Quinshon Judkins,157128,HB,CLV,14,230,50,8,0,46,171,26,33,256,7,827,3.6
D'Andre Swift,57212,HB,CHI,16,223,62,6,2,25,299,34,45,256,9,1087,4.9
Kenneth Walker III,97199,HB,SEA,17,221,46,29,1,55,282,31,34,252,5,1027,4.6
Jaylen Warren,98692,HB,PIT,16,211,52,25,1,45,333,40,42,251,6,958,4.5
Woody Marks,124179,HB,HST,16,196,39,13,1,23,208,24,36,220,2,703,3.6
Zach Charbonnet,97630,HB,SEA,16,184,48,29,0,30,144,20,23,204,12,730,4.0
TreVeyon Henderson,145059,HB,NE,17,180,45,19,1,69,221,35,41,215,9,911,5.1
Tyrone Tracy,84226,HB,NYG,15,176,39,21,1,31,288,36,43,212,2,740,4.2
Jacory Croskey-Merritt,102382,HB,WAS,17,175,41,32,4,72,68,9,11,184,8,805,4.6
Bucky Irving,144970,HB,TB,10,173,27,30,1,32,277,30,33,203,1,588,3.4
Kyle Monangai,129891,HB,CHI,17,169,40,6,0,39,164,18,27,187,5,783,4.6
Kareem Hunt,11841,HB,KC,17,163,55,16,2,33,143,18,24,181,8,611,3.7
Jordan Mason,62946,HB,MIN,16,159,44,18,3,24,51,14,15,173,6,758,4.8
David Montgomery,45719,HB,DET,17,158,41,11,2,72,192,24,26,182,8,716,4.5
Kimani Vidal,123727,HB,LAC,13,155,32,27,1,59,136,16,20,171,3,643,4.1
J.K. Dobbins,57366,HB,DEN,10,153,37,10,0,41,37,11,14,164,4,772,5.0
RJ Harvey,99622,HB,DEN,17,146,27,10,1,50,356,47,57,193,7,540,3.7
Blake Corum,129574,HB,LA,17,145,44,26,0,48,36,8,14,153,6,746,5.1
Tyler Allgeier,83639,HB,ATL,17,143,36,2,0,21,96,14,16,157,8,514,3.6
Chuba Hubbard,57373,HB,CAR,15,134,31,5,1,14,223,30,36,164,1,511,3.8
Rachaad White,131633,HB,TB,17,132,37,30,0,39,218,40,42,172,4,572,4.3
Aaron Jones,11937,HB,MIN,12,132,28,18,2,31,199,28,37,160,2,548,4.2
Alvin Kamara,11822,HB,NO,11,131,21,20,3,18,186,33,39,164,1,471,3.6
Rhamondre Stevenson,98689,HB,NE,14,130,29,19,3,56,345,32,37,162,7,603,4.6
Emanuel Wilson,154173,HB,GB,17,125,32,12,1,15,99,15,16,140,3,496,4.0
Omarion Hampton,162750,HB,LAC,9,124,31,27,1,54,192,32,34,156,4,545,4.4
Nick Chubb,45783,HB,HST,15,122,20,13,0,30,67,13,18,135,3,506,4.1
Devin Singletary,40485,HB,NYG,17,119,27,21,0,29,151,18,19,137,5,437,3.7
Isiah Pacheco,83747,HB,KC,13,118,27,16,0,16,101,19,26,137,1,462,3.9
Kenneth Gainwell,77737,HB,PIT,17,114,34,25,2,55,486,73,81,187,5,537,4.7
Josh Allen,46601,QB,BUF,17,112,46,4,7,40,0,0,0,60,14,579,5.2
Chris Rodriguez Jr.,83689,HB,WAS,13,112,32,32,0,48,30,3,4,115,6,500,4.5
Jalen Hurts,40291,QB,PHI,16,105,39,24,8,29,0,0,0,66,8,421,4.0
Drake Maye,143969,QB,NE,17,103,37,19,9,28,2,1,1,43,4,450,4.4
Cam Skattebo,147787,HB,NYG,8,101,27,21,1,24,207,24,30,125,5,410,4.1
Michael Carter,57337,HB,ARZ,13,92,19,1,0,22,267,33,42,125,1,333,3.6
Brian Robinson,57120,HB,SF,17,92,20,28,0,19,25,8,12,100,2,400,4.3
Sean Tucker,123056,HB,TB,15,86,22,30,1,43,34,8,11,94,7,320,3.7
Jaxson Dart,146409,QB,NYG,14,86,38,21,5,29,0,0,0,47,9,487,5.7
Samaje Perine,11869,HB,CIN,15,84,32,7,3,32,87,17,20,101,3,382,4.5
Bhayshul Tuten,150568,HB,JAX,15,83,23,15,1,15,79,10,13,93,5,307,3.7
Justin Herbert,28237,QB,LAC,16,83,33,27,7,41,0,0,0,34,2,498,6.0
Bo Nix,97790,QB,DEN,17,83,25,10,4,25,0,0,1,50,5,356,4.3
Trevor Lawrence,77632,QB,JAX,17,82,39,15,5,21,0,0,0,40,9,359,4.4
Bam Knight,97432,HB,ARZ,10,82,21,1,1,17,160,22,29,104,4,269,3.3
Caleb Williams,144622,QB,CHI,17,77,28,6,9,29,22,2,2,36,3,388,5.0
Tyjae Spears,97195,HB,TEN,13,72,16,31,0,41,264,45,50,117,2,283,3.9
Justin Fields,82118,QB,NYJ,9,71,26,22,5,43,0,0,1,43,4,383,5.4
Jaylen Wright,146934,HB,MIA,10,70,17,17,2,32,44,5,8,75,2,288,4.1
Ollie Gordon II,157792,HB,MIA,17,70,21,17,0,20,32,7,9,77,3,199,2.8
Lamar Jackson,46416,QB,BLT,13,67,24,3,6,19,0,0,0,37,2,349,5.2
Dylan Sampson,163772,HB,CLV,15,65,12,8,1,26,271,33,35,98,0,175,2.7
Patrick Mahomes,11765,QB,KC,14,64,27,16,3,22,-10,1,1,12,5,422,6.6
Tank Bigsby,123974,HB,PHI,12,63,18,24,0,29,32,3,4,66,2,356,5.7
Keaton Mitchell,123826,HB,BLT,13,59,16,3,1,55,63,9,12,68,1,341,5.8
Jayden Daniels,97993,QB,WAS,7,58,14,32,3,18,0,0,0,19,2,278,4.8
Ray Davis,101072,HB,BUF,17,58,15,4,0,23,86,10,13,68,0,275,4.7
Devin Neal,144558,HB,NO,9,57,11,20,0,21,104,17,19,74,2,206,3.6
Baker Mayfield,46518,QB,TB,17,55,27,30,11,33,0,0,0,12,1,382,6.9
Bryce Young,123943,QB,CAR,16,54,16,5,7,24,0,0,0,21,2,216,4.0
Dak Prescott,10769,QB,DAL,17,53,15,9,6,14,0,0,0,27,2,177,3.3
Malik Davis,57196,HB,DAL,9,52,11,9,0,43,16,2,5,54,2,250,4.8
Taysom Hill,12112,TE,NO,13,52,16,20,3,29,91,11,15,63,1,114,2.2
Marcus Mariota,9435,QB,WAS,11,50,12,32,6,44,0,0,0,32,1,297,5.9
Ty Johnson,45769,HB,BUF,17,50,13,4,1,23,263,24,31,74,3,200,4.0
C.J. Stroud,129759,QB,HST,14,48,17,13,2,30,0,0,0,22,1,209,4.4
Jordan Love,40306,QB,GB,15,47,14,12,8,25,0,0,0,23,0,199,4.2
Kendre Miller,123091,HB,NO,7,47,9,20,0,18,30,5,5,52,1,193,4.1
Audric Estime,147476,HB,NO,6,46,12,20,0,32,103,12,13,58,1,198,4.3
Tyler Shough,83537,QB,NO,11,45,11,20,3,34,0,0,0,25,3,186,4.1
Daniel Jones,39395,QB,IND,13,45,19,14,9,19,0,0,0,22,5,164,3.6
Brashard Smith,143951,HB,KC,17,44,5,16,1,14,172,25,33,69,0,151,3.4
Jeremy McNichols,11917,HB,WAS,17,44,13,32,1,60,196,25,31,69,1,221,5.0
Emari Demercado,77763,HB,ARZ,12,44,9,1,1,71,101,13,18,57,0,312,7.1
Jawhar Jordan,99595,HB,HST,4,43,8,13,0,50,34,7,7,50,0,193,4.5
Isaiah Davis,138299,HB,NYJ,16,43,6,22,0,50,186,21,27,64,1,236,5.5
Jaret Patterson,77745,HB,LAC,6,41,7,27,0,22,8,3,4,44,1,159,3.9
Geno Smith,7820,QB,LV,15,41,13,23,4,20,0,0,0,23,0,109,2.7
Cam Ward,133244,QB,TEN,17,39,15,31,11,20,0,0,0,15,2,159,4.1
Jacoby Brissett,10725,QB,ARZ,14,38,16,1,5,15,0,0,0,16,1,168,4.4
Jaydon Blue,157303,HB,DAL,5,38,7,9,1,27,5,1,1,39,1,129,3.4
Jaleel McLaughlin,138346,HB,DEN,8,37,8,10,0,16,27,4,5,41,1,187,5.1
J.J. McCarthy,144918,QB,MIN,10,37,12,18,6,26,0,0,0,20,4,181,4.9
Mac Jones,60323,QB,SF,11,36,12,28,4,13,0,0,0,28,0,60,1.7
Sam Darnold,29048,QB,SEA,17,35,10,29,11,24,0,0,0,21,0,95,2.7
Brock Purdy,77672,QB,SF,9,33,16,28,3,26,0,0,0,15,3,147,4.5
Zavier Scott,55123,HB,MIN,9,32,6,18,2,11,98,14,15,46,0,114,3.6
James Conner,11860,HB,ARZ,3,32,7,1,1,12,38,8,9,40,1,95,3.0
Spencer Rattler,97408,QB,NO,9,31,17,20,4,15,0,1,2,17,0,167,5.4
Matthew Stafford,4924,QB,LA,17,29,0,26,7,6,0,0,0,22,0,1,0.0
Kyler Murray,38334,QB,ARZ,5,29,10,1,1,30,0,0,0,12,1,173,6.0
Trey Benson,131705,HB,ARZ,4,29,4,1,0,52,64,13,14,42,0,160,5.5
Kaleb Johnson,156419,HB,PIT,10,28,2,25,0,9,9,1,2,29,0,69,2.5
Raheim Sanders,146626,HB,CLV,4,27,7,8,0,14,21,3,4,30,1,92,3.4
Chris Brooks,83644,HB,GB,17,27,5,12,0,12,91,13,17,40,0,106,3.9
Tyrod Taylor,6332,QB,NYJ,6,27,10,22,1,15,0,0,0,5,1,143,5.3
DJ Giddens,144595,HB,IND,9,26,5,14,0,12,0,0,2,26,0,96,3.7
Antonio Gibson,78050,HB,NE,5,25,6,19,1,21,6,2,3,27,1,106,4.2
Jerome Ford,83601,HB,CLV,13,24,5,8,0,12,103,26,30,50,0,73,3.0
Tyler Huntley,46448,QB,BLT,5,24,11,3,0,29,0,0,0,17,0,151,6.3
Terrell Jennings,102408,HB,NE,5,23,8,19,0,11,9,1,1,24,1,73,3.2
LeQuint Allen,158290,HB,JAX,17,23,5,15,0,12,54,10,11,33,0,94,4.1
Malik Willis,60341,QB,GB,4,22,9,12,2,22,0,0,0,13,2,123,5.6
Raheem Mostert,9783,HB,LV,12,22,5,23,0,37,70,12,12,34,0,104,4.7
George Holani,72154,HB,SEA,4,22,5,29,1,9,15,2,2,24,1,73,3.3
Aaron Rodgers,2241,QB,PIT,16,21,3,25,4,20,-9,1,1,10,1,61,2.9
Joe Flacco,4332,QB,CIN,13,21,9,7,3,13,0,0,0,17,1,35,1.7
Michael Penix Jr.,82134,QB,ATL,9,21,5,2,4,15,0,0,0,8,1,70,3.3
Shedeur Sanders,131396,QB,CLV,8,21,7,8,2,16,0,0,0,3,1,169,8.0
Miles Sanders,40555,HB,DAL,4,20,5,9,1,49,30,8,8,28,1,117,5.9
Trevor Etienne,157730,HB,CAR,14,20,6,5,0,22,13,3,3,23,0,94,4.7
Tua Tagovailoa,60326,QB,MIA,14,20,1,17,8,8,0,0,0,8,0,43,2.2
Evan Hull,97302,HB,NO,6,19,2,20,0,8,6,1,1,20,0,48,2.5
Jared Goff,10635,QB,DET,17,19,5,11,6,24,0,0,0,14,0,45,2.4
Justice Hill,45865,HB,BLT,10,18,4,3,1,71,169,21,27,39,2,93,5.2
Braelon Allen,145159,HB,NYJ,4,18,4,22,1,15,17,2,3,20,1,76,4.2
Russell Wilson,7077,QB,NYG,6,18,6,21,3,15,0,0,0,6,0,106,5.9
Hassan Haskins,83701,HB,LAC,10,17,4,27,0,10,13,4,4,21,0,47,2.8
Malik Washington,97108,WR,MIA,17,17,5,17,1,18,317,46,62,63,1,110,6.5
Ty Chandler,62942,HB,MIN,2,17,1,18,0,5,11,3,4,20,0,47,2.8
Trey Lance,91399,QB,LAC,4,17,5,27,1,22,0,0,0,10,0,85,5.0
British Brooks,77714,FB,HST,12,17,5,13,0,20,0,0,0,17,0,78,4.6
Deebo Samuel,48274,WR,WAS,16,17,4,32,2,29,727,72,99,89,1,75,4.4
KaVontae Turpin,47658,WR,DAL,15,17,3,9,1,25,396,26,37,43,0,89,5.2
Hunter Luepke,91319,FB,DAL,17,16,6,9,0,9,109,13,15,29,0,71,4.4
Tahj Brooks,123133,HB,CIN,7,16,1,7,0,7,9,1,2,17,0,45,2.8
Khalil Herbert,41668,HB,NYJ,3,16,2,22,0,7,4,1,3,17,0,52,3.3
Connor Heyward,57301,TE,PIT,16,15,11,25,0,29,21,3,4,18,2,43,2.9
Najee Harris,57121,HB,LAC,3,15,3,27,0,7,25,3,3,18,0,61,4.1
DJ Moore,48267,WR,CHI,17,15,5,6,1,17,682,50,80,65,1,79,5.3
Dameon Pierce,83659,HB,KC,3,14,1,16,0,10,0,0,1,14,0,36,2.6
Joe Burrow,28022,QB,CIN,8,14,5,7,0,9,0,0,0,5,0,41,2.9
Austin Ekeler,12164,HB,WAS,2,14,3,32,0,6,38,5,7,19,0,43,3.1
Ameer Abdullah,9487,HB,IND,13,14,3,14,0,14,99,16,17,30,1,60,4.3
Dillon Gabriel,86272,QB,CLV,10,14,4,8,0,19,0,0,0,3,0,86,6.1
D'Ernest Johnson,45734,HB,NE,6,14,0,19,0,5,0,0,0,14,0,25,1.8
Kirk Cousins,7102,QB,ATL,10,14,4,2,3,6,0,0,0,12,1,7,0.5
Will Shipley,144138,HB,PHI,15,14,4,24,0,20,56,9,10,23,0,49,3.5
Malachi Corley,66272,WR,CLV,13,13,6,8,0,31,79,11,13,24,0,127,9.8
Brady Cook,124199,QB,NYJ,5,13,4,22,3,12,0,0,0,6,0,49,3.8
Davis Mills,52269,QB,HST,6,13,2,13,1,14,0,0,0,6,1,60,4.6
Kene Nwangwu,40547,HB,NYJ,4,13,2,22,0,16,0,0,1,13,0,49,3.8
Zamir White,83665,HB,LV,5,12,1,23,0,9,24,4,6,16,0,32,2.7
Nick Mullens,12282,QB,JAX,5,12,0,15,0,0,0,0,0,12,0,-8,-0.7
Marvin Mims Jr.,122937,WR,DEN,15,12,3,10,1,16,322,37,51,49,1,78,6.5
Josh Johnson,4474,QB,WAS,5,12,4,32,2,13,0,0,0,4,1,55,4.6
Corey Kiner,86392,HB,ARZ,4,12,4,1,0,9,15,2,3,14,0,58,4.8
AJ Dillon,57165,HB,PHI,7,12,4,24,1,11,21,3,3,15,0,60,5.0
Julius Chestnut,109239,HB,TEN,10,11,4,31,0,27,0,0,2,11,0,40,3.6
Savion Williams,123101,WR,GB,12,11,1,12,1,16,78,10,10,21,0,37,3.4
Tre Tucker,101106,WR,LV,17,11,1,23,0,10,696,57,90,68,0,51,4.6
Dare Ogunbowale,12329,HB,HST,16,11,1,13,1,9,76,10,13,21,1,25,2.3
Chimere Dike,129918,WR,TEN,17,11,0,31,0,9,423,48,73,59,0,18,1.6
Carson Wentz,10636,QB,MIN,5,11,3,18,3,16,0,0,0,2,0,57,5.2
Xavier Worthy,144718,WR,KC,14,11,4,16,0,35,532,42,72,53,0,87,7.9
Trayveon Williams,45775,HB,CLV,5,10,3,8,0,11,55,8,8,18,0,36,3.6
Adam Prentice,35639,FB,DEN,17,10,7,10,0,18,53,6,7,16,0,44,4.4
Mark Andrews,47436,TE,BLT,17,10,7,3,1,35,422,48,65,58,1,48,4.8
Matthew Golden,156165,WR,GB,14,10,3,12,0,9,361,29,40,39,0,49,4.9
Puka Nacua,100632,WR,LA,16,10,5,26,1,45,1715,129,160,139,1,105,10.5
Joshua Dobbs,11890,QB,NE,4,10,0,19,0,2,0,0,0,9,0,-5,-0.5
AJ Barner,129433,TE,SEA,17,10,9,29,2,2,519,52,64,62,1,14,1.4
Zay Flowers,97268,WR,BLT,17,10,3,3,4,18,1211,86,117,96,1,62,6.2
Jonnu Smith,11855,TE,PIT,17,9,3,25,1,20,222,38,54,47,1,70,7.8
Nate Carter,147376,HB,ATL,4,9,3,2,1,12,0,0,0,9,0,60,6.7
Mitch Trubisky,11757,QB,BUF,4,9,0,4,0,9,0,0,0,7,0,6,0.7
Ronnie Rivers,57208,HB,LA,4,9,3,26,0,9,0,0,0,9,0,46,5.1
Jimmy Garoppolo,8697,QB,LA,3,9,0,26,0,-1,0,0,0,9,0,-10,-1.1
Rashid Shaheed,63707,WR,SEA,18,9,3,29,1,31,687,59,89,68,0,69,7.7
Tyler Goodson,101659,HB,IND,9,9,0,14,0,6,8,2,3,11,0,24,2.7
Jake Browning,46401,QB,CIN,5,9,5,7,1,13,0,0,0,5,1,39,4.3
Jimmy Horn Jr.,144483,WR,CAR,13,8,3,5,0,25,108,11,13,19,0,69,8.6
Tyler Badie,83714,HB,DEN,16,8,1,10,0,7,141,19,28,27,0,23,2.9
Tanner McKee,131770,QB,PHI,4,8,1,24,0,9,0,0,0,5,0,8,1.0
Quinn Ewers,127253,QB,MIA,4,8,1,17,3,9,-6,1,1,6,0,19,2.4
Tez Johnson,123709,WR,TB,16,7,0,30,0,6,322,28,42,35,0,22,3.1
Rasheen Ali,121717,HB,BLT,10,7,1,3,0,9,68,9,11,16,0,24,3.4
Clyde Edwards-Helaire,57279,HB,KC,2,7,1,16,0,7,9,2,2,9,0,13,1.9
Jameis Winston,9434,QB,NYG,3,7,3,21,1,11,33,1,1,7,1,23,3.3
Mason Rudolph,46569,QB,PIT,5,7,2,25,1,3,0,0,0,6,0,6,0.9
Dylan Laube,88664,HB,LV,5,7,0,23,0,3,18,3,3,10,0,9,1.3
Harold Fannin Jr.,163104,TE,CLV,16,7,2,8,1,4,731,72,103,79,1,13,1.9
Greg Dortch,42237,WR,ARZ,12,7,1,1,0,9,206,29,33,36,1,15,2.1
Parker Washington,129799,WR,JAX,16,7,1,15,0,5,847,58,88,65,0,0,0.0
Jaxon Smith-Njigba,129758,WR,SEA,17,7,2,29,3,11,1793,119,157,126,0,36,5.1
Demario Douglas,104155,WR,NE,17,7,2,19,0,14,447,31,43,38,0,21,3.0
Max Brosmer,105568,QB,MIN,7,7,1,18,2,11,0,0,0,5,0,11,1.6
Jameson Williams,101701,WR,DET,17,6,0,11,0,9,1117,65,97,71,0,12,2.0
Dyami Brown,77986,WR,JAX,14,6,2,15,1,9,227,20,37,26,0,30,5.0
Elijah Moore,84302,WR,BUF,9,6,3,4,0,11,112,9,17,15,1,24,4.0
Jaylin Noel,125155,WR,HST,17,6,0,13,0,5,292,26,33,32,0,12,2.0
Tyler Warren,129798,TE,IND,17,6,3,14,1,3,817,76,106,82,1,8,1.3
Drew Lock,39517,QB,SEA,5,6,0,29,2,0,0,0,0,6,0,-5,-0.8
Riley Leonard,143862,QB,IND,5,6,4,14,2,11,-3,0,0,3,2,27,4.5
Gardner Minshew,41401,QB,KC,4,6,0,16,0,8,0,0,0,5,0,2,0.3
Luther Burden III,157170,WR,CHI,15,6,3,6,0,15,652,47,60,53,0,37,6.2
Clayton Tune,77652,QB,GB,2,5,2,12,1,16,0,0,0,3,0,23,4.6
Rashee Rice,97605,WR,KC,8,5,2,16,2,7,571,53,77,58,1,20,4.0
Troy Franklin,146567,WR,DEN,17,5,2,10,1,11,709,65,102,70,0,12,2.4
Jakobi Meyers,47468,WR,JAX,16,5,1,15,1,4,835,75,107,80,0,13,2.6
Joe Milton III,82151,QB,DAL,4,5,1,9,1,23,0,0,0,2,0,50,10.0
Jacardia Wright,99250,HB,SEA,1,5,1,29,0,10,0,0,0,5,0,20,4.0
Bo Melton,61610,WR,GB,13,5,2,12,0,17,107,4,11,9,0,35,7.0
Brittain Brown,40399,HB,CHI,2,5,2,6,0,22,0,0,1,5,1,37,7.4
Phil Mafah,144123,HB,DAL,1,5,2,9,0,8,11,2,2,7,1,18,3.6
Cam Akers,57206,HB,SEA,3,5,1,29,0,14,0,0,1,5,0,19,3.8
Andy Dalton,6187,QB,CAR,4,5,0,5,2,1,0,0,0,4,0,-2,-0.4
Chris Oladokun,40364,QB,KC,3,5,0,16,4,7,0,0,0,1,0,18,3.6
Isaiah Bond,163586,WR,CLV,16,5,1,8,0,9,338,18,42,23,0,29,5.8
Kenny Pickett,60515,QB,LV,6,5,3,23,1,9,0,0,0,2,0,22,4.4
Sterling Shepard,10674,WR,TB,13,4,1,30,1,11,371,39,54,43,0,19,4.8
Olamide Zaccheaus,44920,WR,CHI,16,4,1,6,0,12,313,39,63,43,0,25,6.3
Arian Smith,124039,WR,NYJ,16,4,1,22,0,13,52,7,15,11,0,13,3.3
Anthony Richardson,124393,QB,IND,2,4,1,14,0,2,9,1,1,5,0,-1,-0.3
Mason Tipton,109617,WR,NO,13,4,2,20,1,12,76,11,17,15,0,18,4.5
Velus Jones Jr.,40573,HB,SEA,4,4,1,29,0,25,0,0,0,4,0,32,8.0
Ryan Flournoy,159617,WR,DAL,15,4,2,9,0,12,475,40,53,44,0,25,6.3
Cade Stover,101486,TE,HST,9,4,2,13,0,2,76,12,16,16,0,3,0.8
Cooper Rush,12324,QB,BLT,4,4,0,3,1,0,0,0,0,4,0,-4,-1.0
Josh Williams,99171,HB,TB,2,4,0,30,0,4,0,0,0,4,0,11,2.8
John Metchie III,97400,WR,NYJ,16,3,0,22,0,4,274,33,48,36,0,-5,-1.7
DeeJay Dallas,55632,HB,JAX,3,3,1,15,0,17,0,0,1,3,0,21,7.0
Jayden Reed,78171,WR,GB,7,3,1,12,0,15,207,19,22,22,0,28,9.3
Zach Wilson,82096,QB,MIA,4,3,0,17,0,3,0,0,0,2,0,1,0.3
Ja'Marr Chase,84270,WR,CIN,16,3,0,7,1,9,1412,125,182,128,0,14,4.7
Amon-Ra St. Brown,84470,WR,DET,17,3,1,11,1,6,1401,117,162,120,0,9,3.0
Ashton Dulin,91479,WR,IND,12,3,2,14,0,22,106,5,10,8,0,44,14.7
Craig Reynolds,94383,HB,DET,2,3,0,11,0,3,0,0,0,3,0,4,1.3
Isaiah Williams,97156,WR,NYJ,11,3,1,22,0,25,193,26,34,29,0,34,11.3
Myles Gaskin,45914,HB,SEA,1,3,0,29,0,3,0,0,0,3,0,6,2.0
Owen Wright,57486,HB,TB,3,3,0,30,0,4,0,0,0,3,0,6,2.0
Jordan Whittington,97623,WR,LA,16,3,0,26,0,6,171,18,23,21,0,12,4.0
Wan'Dale Robinson,101735,WR,NYG,16,3,1,21,1,3,1014,92,131,95,0,5,1.7
Andrei Iosivas,109811,WR,CIN,17,3,0,7,0,5,435,33,56,36,0,14,4.7
Xavier Hutchinson,122518,WR,HST,17,3,2,13,0,9,428,35,56,37,0,22,7.3
Kyle Allen,26152,QB,DET,3,3,0,11,0,-1,0,0,0,3,0,-3,-1.0
Kalel Mullings,129590,HB,TEN,4,3,2,31,0,4,0,0,0,3,0,7,2.3
C.J. Ham,11347,FB,MIN,11,3,2,18,0,3,11,2,2,5,2,5,1.7
Jalen Milroe,146590,QB,SEA,3,3,0,29,1,3,0,0,0,3,0,4,1.3
Brian Thomas Jr.,146760,WR,JAX,14,3,2,15,0,9,707,48,88,51,1,21,7.0
Teddy Bridgewater,8667,QB,TB,4,3,0,30,0,6,0,0,0,2,0,4,1.3
Kalif Raymond,11028,WR,DET,15,2,1,11,0,10,289,24,28,26,0,19,9.5
Jaylen Waddle,84088,WR,MIA,16,2,1,17,1,21,910,64,99,66,0,28,14.0
Nyheim Miller-Hines,48103,HB,NO,4,2,0,20,0,1,0,0,0,2,0,-2,-1.0
Tre Harris,122676,WR,LAC,17,2,0,27,0,7,324,30,43,32,0,10,5.0
Derius Davis,78196,WR,LAC,10,2,0,27,0,3,10,2,3,4,0,5,2.5
Amar Johnson,148220,HB,LAC,1,2,0,27,0,6,0,0,0,2,0,8,4.0
Kyle Williams,128374,WR,NE,17,2,0,19,0,5,209,10,21,12,0,3,1.5
Emeka Egbuka,145055,WR,TB,17,2,0,30,0,9,938,63,126,65,0,9,4.5
Philip Rivers,1725,QB,IND,3,2,0,14,2,0,0,0,0,2,0,-1,-0.5
Josh Downs,122832,WR,IND,16,2,0,14,0,3,566,58,84,60,0,-2,-1.0
Reggie Gilliam,40951,FB,BUF,17,2,1,4,0,5,24,2,2,4,0,4,2.0
Kyle Juszczyk,7912,FB,SF,17,2,0,28,0,-1,213,24,28,26,0,-3,-1.5
Jalen Nailor,84292,WR,MIN,17,2,1,18,0,15,444,29,49,31,0,13,6.5
Tyson Bagent,169628,QB,CHI,3,2,0,6,1,7,0,0,0,1,0,7,3.5
Skyy Moore,97116,WR,SF,14,2,1,28,0,10,87,5,7,7,0,11,5.5
Roschon Johnson,99467,HB,CHI,2,2,1,6,0,11,0,0,0,2,0,17,8.5
Ricky Pearsall,100660,WR,SF,9,2,0,28,0,2,528,36,52,38,0,-2,-1.0
Nico Collins,61441,WR,HST,15,2,1,13,1,8,1117,71,117,73,1,15,7.5
Justin Jefferson,61398,WR,MIN,17,2,0,18,0,4,1048,84,140,86,0,7,3.5
Jordan Addison,123000,WR,MIN,14,2,2,18,0,65,610,42,74,44,1,81,40.5
D.K. Metcalf,47864,WR,PIT,15,2,1,25,0,6,850,59,99,61,1,12,6.0
Jacob Saylors,87559,HB,DET,4,2,1,11,0,9,0,0,0,2,0,11,5.5
Brock Bowers,146715,TE,LV,12,2,0,23,0,6,680,64,83,66,0,2,1.0
Ke'Shawn Williams,123406,WR,CIN,7,2,0,7,0,9,5,1,1,3,0,10,5.0
Feleipe Franks,40217,TE,ATL,7,2,2,2,0,2,0,0,0,2,0,4,2.0
Alec Ingold,34934,FB,MIA,17,2,1,17,0,6,52,8,11,10,0,9,4.5
Quentin Johnston,123085,WR,LAC,14,2,0,27,1,9,735,51,78,53,0,7,3.5
Kameron Johnson,165866,WR,TB,14,2,1,30,0,11,64,4,6,6,0,13,6.5
Kendall Milton,124031,HB,CIN,1,2,0,7,0,2,0,0,0,2,0,2,1.0
Terrance Ferguson,146563,TE,LA,13,1,0,26,0,0,231,11,25,12,0,0,0.0
Drew Sample,47259,TE,CIN,17,1,0,7,0,3,106,15,17,16,0,3,3.0
Malik Cunningham,60436,WR,DET,1,1,0,11,0,1,0,0,0,1,0,1,1.0
Adonai Mitchell,146712,WR,NYJ,16,1,0,22,1,-4,453,33,71,34,0,-4,-4.0
Darren Waller,9637,TE,MIA,9,1,1,17,0,4,283,24,34,25,0,4,4.0
Adrian Martinez,83522,QB,NYJ,1,1,0,22,0,-1,0,0,0,1,0,-1,-1.0
Mitchell Evans,147486,TE,CAR,17,1,1,5,0,1,171,19,22,20,0,1,1.0
Gage Larvadain,150169,WR,CLV,13,1,0,8,0,3,71,7,13,7,0,3,3.0
Patrick Ricard,48862,FB,BLT,11,1,1,3,0,3,8,1,1,2,0,3,3.0
Brandon Aubrey,156112,K,DAL,1,1,1,9,0,6,0,0,0,1,0,6,6.0
Grant Stuard,55933,LB,DET,1,1,0,11,0,0,0,0,0,1,0,0,0.0
Travis Kelce,7844,TE,KC,17,1,0,16,1,1,851,76,103,77,0,1,1.0
Christian Watson,66581,WR,GB,10,1,0,12,0,3,611,35,55,36,0,3,3.0
Jamie Gillan,63303,P,NYG,1,1,0,21,0,-13,0,0,0,1,0,-13,-13.0
CeeDee Lamb,61570,WR,DAL,14,1,0,9,0,2,1077,75,114,76,0,2,2.0
Colston Loveland,158540,TE,CHI,16,1,0,6,0,-2,713,58,81,59,0,-2,-2.0
Jerry Jeudy,61103,WR,CLV,17,1,1,8,1,5,602,50,105,51,0,5,5.0
Travis Hunter,160766,WR,JAX,7,1,0,15,1,0,298,28,43,29,0,0,0.0
Jake Ferguson,61081,TE,DAL,17,1,0,9,3,1,600,82,100,83,0,1,1.0
Sione Vaki,158505,HB,DET,2,1,0,11,0,4,0,0,0,1,0,4,4.0
Jarrett Stidham,13725,QB,DEN,1,1,0,10,0,-1,0,0,0,1,0,-1,-1.0
Shane Buechele,12659,QB,KC,1,1,0,16,0,4,0,0,0,0,0,4,4.0
Jaylin Lane,121811,WR,WAS,15,1,0,32,0,7,225,16,31,17,0,7,7.0
Rodney Thomas II,108389,S,IND,2,1,1,14,0,3,0,0,0,1,0,3,3.0
Tucker Kraft,104034,TE,GB,8,1,0,12,0,3,489,32,40,33,0,3,3.0
Isaiah Pola-Mao,60781,S,LV,1,1,0,23,0,3,0,0,0,1,0,3,3.0
Dontayvion Wicks,99711,WR,GB,14,1,0,12,0,6,332,30,44,31,0,6,6.0
T.J. Hockenson,40912,TE,MIN,15,1,0,18,0,0,438,51,64,52,0,0,0.0
Xavier Legette,99197,WR,CAR,15,1,0,5,1,0,363,35,59,36,0,0,0.0
Braden Mann,44664,P,PHI,1,1,0,24,0,-34,0,0,0,1,0,-34,-34.0
Travis Homer,45859,HB,CHI,2,1,0,6,0,-2,0,0,0,1,0,-2,-2.0
Ulysses Bentley IV,97200,HB,IND,1,1,0,14,0,0,0,0,0,1,0,0,0.0
David Moore,11981,WR,CAR,4,1,1,5,0,12,5,1,1,2,0,12,12.0
Jalen McMillan,131905,WR,TB,4,1,0,30,0,1,178,12,15,13,0,1,1.0
George Kittle,11901,TE,SF,11,1,0,28,0,-3,628,57,66,58,0,-3,-3.0
Mack Hollins,11873,WR,NE,15,1,0,19,1,4,550,46,64,47,0,4,4.0
Deven Thompkins,84480,WR,ATL,4,1,0,2,0,5,27,3,3,4,0,5,5.0
Chris Olave,84355,WR,NO,16,1,0,20,0,-3,1163,100,151,101,0,-3,-3.0
Evan Engram,11778,TE,DEN,16,1,0,10,0,7,461,50,71,51,0,7,7.0
Nikko Remigio,84150,WR,KC,9,1,1,16,0,11,21,1,1,2,0,11,11.0
Khalil Shakir,84140,WR,BUF,16,1,0,4,1,5,719,72,91,73,0,5,5.0
Shedrick Jackson,84136,WR,LV,5,1,0,23,0,3,56,4,5,5,0,3,3.0
Aidan O'Connell,60516,QB,LV,1,1,0,23,0,7,0,0,0,0,0,7,7.0
Demarcus Robinson,10760,WR,SF,14,1,0,28,0,6,276,22,31,23,0,6,6.0
Chris Moore,10741,WR,WAS,14,1,0,32,0,9,207,11,21,12,0,9,9.0
Greg Dulcich,84068,TE,MIA,10,1,0,17,1,-7,335,26,31,27,0,-7,-7.0
Andrew Beck,47121,FB,NYJ,17,1,1,22,0,5,45,6,9,7,0,5,5.0
Tyler Conklin,47124,TE,LAC,10,1,1,27,1,2,101,7,10,8,0,2,2.0
