player,player_id,position,team_name,player_game_count,assists,forced_fumbles,franchise_id,hits,interceptions,pass_break_ups,sacks,tackles
Eric Weddle,3653,S,LA,4,6,0,26,0,0,0,0,13
Steve McLendon,5232,DI,TB,2,0,0,30,0,0,0,0,0
Ndamukong Suh,5527,DI,TB,2,2,1,30,2,0,0,1,4
Joe Haden,5532,CB,PIT,1,1,0,25,0,0,0,0,5
Jason Pierre-Paul,5540,ED,TB,2,0,0,30,1,0,0,1,1
Devin McCourty,5552,S,NE,1,2,0,19,0,0,0,0,6
Jerry Hughes,5556,ED,BUF,2,0,0,4,2,0,0,1,0
Corey Peters,5607,DI,ARZ,1,0,0,1,1,0,0,0,2
Von Miller,6154,ED,LA,4,1,1,26,2,0,0,4,7
J.J. Watt,6163,DI,ARZ,1,1,0,1,0,0,0,0,2
Ryan Kerrigan,6168,ED,PHI,1,0,0,24,0,0,0,2,1
Cameron Heyward,6183,DI,PIT,1,2,1,25,0,0,0,0,3
K.J. Wright,6251,LB,LV,1,1,0,23,0,0,0,0,1
Buster Skrine,6289,CB,TEN,1,0,0,31,0,0,0,0,1
Lawrence Guy Sr.,6385,DI,NE,1,2,0,19,0,0,0,0,1
Mario Addison,6558,ED,BUF,2,0,0,4,0,0,0,0,1
Fletcher Cox,7018,DI,PHI,1,0,0,24,0,0,0,0,3
Melvin Ingram III,7024,ED,KC,3,0,1,16,1,0,0,2,3
Chandler Jones,7027,ED,ARZ,1,2,0,1,0,0,0,0,7
Dont'a Hightower,7030,LB,NE,1,0,0,19,0,0,0,0,2
Whitney Mercilus,7031,ED,GB,1,0,0,12,0,0,0,0,0
Janoris Jenkins,7043,CB,TEN,1,1,0,31,0,0,1,0,1
Lavonte David,7060,LB,TB,2,0,0,30,0,0,0,0,11
Casey Hayward Jr.,7064,CB,LV,1,0,0,23,0,0,1,0,1
Travis Benjamin,7100,WR,SF,1,0,0,28,0,0,0,0,0
Mike Daniels,7132,DI,CIN,1,0,0,7,0,0,0,0,0
Rodney McLeod,7271,S,PHI,1,1,0,24,0,0,0,0,4
Michael Thomas,7279,S,CIN,2,0,0,7,0,0,0,0,0
Josh Norman,7649,CB,SF,2,0,0,28,0,0,0,0,1
Justin Bethel,7654,CB,NE,1,0,0,19,0,0,0,0,0
Star Lotulelei,7795,DI,BUF,2,2,0,4,0,0,0,1,2
Desmond Trufant,7803,CB,LV,1,1,0,23,0,0,0,0,5
Darius Slay,7817,CB,PHI,1,0,0,24,0,0,1,0,4
Kevin Minter,7826,LB,TB,1,1,0,30,0,0,0,0,0
Johnathan Hankins,7830,DI,LV,1,0,0,23,0,0,0,0,2
Jamie Collins Sr.,7833,LB,NE,1,0,0,19,0,0,0,0,0
Tyrann Mathieu,7850,S,KC,3,0,0,16,0,0,0,0,5
Alex Okafor,7885,ED,KC,3,0,0,16,0,0,0,0,4
William Gholston,7908,DI,TB,2,0,0,30,0,0,0,0,2
A.J. Klein,7930,LB,BUF,1,3,0,4,0,0,0,0,1
Micah Hyde,7941,S,BUF,2,1,0,4,0,1,0,0,4
Jordan Poyer,8000,S,BUF,2,2,1,4,0,0,0,0,8
Damion Square,8042,DI,CIN,2,0,0,7,0,0,0,0,2
Chris Banjo,8419,S,ARZ,1,0,0,1,0,0,0,0,0
Aaron Donald,8648,DI,LA,4,2,0,26,5,0,0,4,8
Jimmie Ward,8665,S,SF,3,2,0,28,1,1,0,0,13
DeMarcus Lawrence,8669,ED,DAL,1,1,0,9,0,0,0,0,3
Kyle Van Noy,8675,LB,NE,1,1,0,19,0,0,0,0,1
Ross Cockrell,8744,CB,TB,1,0,0,30,0,0,0,0,0
Anthony Hitchens,8754,LB,KC,3,5,0,16,0,0,0,0,12
Dontae Johnson,8764,CB,SF,3,1,0,28,0,0,0,0,5
Devon Kennard,8809,ED,ARZ,1,0,0,1,0,0,0,0,1
Denico Autry,8982,ED,TEN,1,2,0,31,0,0,0,2,0
Shaquil Barrett,9000,ED,TB,2,2,0,30,0,1,0,0,2
Adrian Phillips,9177,S,NE,1,2,0,19,0,0,0,0,4
Zach Kerr,9195,DI,CIN,3,1,0,7,0,0,0,0,1
Daniel Sorensen,9253,S,KC,3,3,0,16,0,0,0,0,11
K'Waun Williams,9332,CB,SF,3,0,0,28,2,1,3,0,6
Arik Armstead,9450,DI,SF,3,3,0,28,1,0,0,3,3
Bud Dupree,9455,ED,TEN,1,0,0,31,0,0,0,1,1
Preston Smith,9471,ED,GB,1,3,0,12,0,0,0,0,6
Jaquiski Tartt,9479,S,SF,3,4,0,28,0,0,0,0,9
Denzel Perryman,9481,LB,LV,1,2,0,23,0,0,0,0,7
Markus Golden,9491,ED,ARZ,1,1,0,1,0,0,0,1,1
Randy Gregory,9493,ED,DAL,1,1,0,9,2,0,0,0,1
Frank Clark,9496,ED,KC,3,1,0,16,0,0,0,0,6
Jordan Hicks,9517,LB,ARZ,1,2,0,1,0,0,0,0,5
Steven Nelson,9531,CB,PHI,1,1,0,24,0,0,1,0,3
Za'Darius Smith,9555,ED,GB,1,0,0,12,1,0,0,1,0
Adrian Amos,9575,S,GB,1,2,0,12,1,1,0,0,3
Rakeem Nunez-Roches,9650,DI,TB,2,1,0,30,2,0,0,0,3
Anthony Harris,9895,S,PHI,1,3,0,24,0,0,0,0,8
Alex Singleton,9994,LB,PHI,1,3,0,24,0,0,0,1,12
De'Vante Bausby,10057,CB,NE,1,0,0,19,0,0,0,0,0
Nick Dzubnar,10127,LB,TEN,1,0,0,31,0,0,0,0,0
Efe Obada,10235,ED,BUF,1,1,0,4,0,0,0,0,2
Jalen Ramsey,10639,CB,LA,4,0,0,26,0,0,3,0,12
Leonard Floyd,10643,ED,LA,4,4,0,26,0,0,0,2,7
Eli Apple,10644,CB,CIN,4,5,0,7,0,0,2,0,16
Vernon Hargreaves III,10645,CB,CIN,1,0,0,7,0,0,0,0,0
Kenny Clark,10661,DI,GB,1,1,0,12,1,0,0,1,4
Vernon Butler,10664,DI,BUF,1,0,0,4,0,0,0,0,0
Chris Jones,10671,DI,KC,3,1,0,16,0,0,0,0,5
A'Shawn Robinson,10680,DI,LA,4,5,0,26,0,0,0,1,15
Jarran Reed,10683,DI,KC,3,7,0,16,0,0,0,1,5
Vonn Bell,10695,S,CIN,4,6,0,7,0,1,0,1,17
Kevin Byard,10698,S,TEN,1,0,0,31,0,0,0,0,3
Carl Nassib,10699,ED,LV,1,0,0,23,0,0,0,0,3
Yannick Ngakoue,10703,ED,LV,1,0,0,23,0,0,0,0,2
Javon Hargrave,10723,DI,PHI,1,1,0,24,0,0,0,2,1
Joe Schobert,10733,LB,PIT,1,1,0,25,0,0,0,0,1
Miles Killebrew,10745,LB,PIT,1,0,0,25,0,0,0,0,1
De'Vondre Campbell,10749,LB,GB,1,1,0,12,0,0,1,0,6
Hassan Ridgeway,10750,DI,PHI,1,1,0,24,0,0,0,0,0
Dean Lowry,10771,DI,GB,1,3,0,12,0,0,0,0,1
Matthew Judon,10780,ED,NE,1,0,0,19,1,0,0,0,1
Quinton Jefferson,10781,DI,LV,1,1,0,23,0,0,0,1,1
DJ Reader,10800,DI,CIN,4,1,0,7,3,0,0,1,9
Anthony Brown,10823,CB,DAL,1,0,0,9,0,1,0,0,5
Jayron Kearse,10878,S,DAL,1,3,0,9,0,0,1,0,5
Tyler Matakevich,10880,LB,BUF,1,1,0,4,0,0,0,0,1
Mike Hilton,10898,CB,CIN,4,3,0,7,0,1,2,0,9
Matthias Farley,10953,S,TEN,1,0,0,31,0,0,0,0,0
Kyle Peko,11027,DI,TEN,1,1,0,31,0,0,0,1,0
Cory Littleton,11190,LB,LV,1,2,0,23,0,0,0,0,2
Andrew Adams,11240,S,TB,1,0,0,30,0,0,1,0,0
Dont'e Deayon,11242,CB,LA,1,1,0,26,0,0,1,0,2
Kevin Peterson,11302,CB,ARZ,1,0,0,1,0,0,0,0,2
Solomon Thomas,11758,DI,LV,1,0,0,23,0,0,0,0,1
Derek Barnett,11769,ED,PHI,1,2,0,24,0,0,0,1,1
Malik Hooker,11770,S,DAL,1,2,0,9,0,0,0,0,1
Taco Charlton,11783,ED,PIT,1,0,0,25,1,0,0,0,1
T.J. Watt,11785,ED,PIT,1,0,0,25,2,0,0,1,2
Kevin King,11788,CB,GB,1,1,0,12,0,0,0,0,0
Budda Baker,11791,S,ARZ,1,2,0,1,0,0,0,0,1
Zach Cunningham,11812,LB,TEN,1,0,0,31,0,0,0,0,8
Chidobe Awuzie,11815,CB,CIN,4,5,0,7,0,1,0,0,19
Larry Ogunjobi,11820,DI,CIN,1,0,0,7,0,0,0,0,0
Ahkello Witherspoon,11821,CB,PIT,1,0,0,25,0,0,0,0,2
Jordan Willis,11828,ED,SF,3,2,0,28,2,0,0,0,2
Chris Wormley,11829,DI,PIT,1,0,0,25,1,0,0,0,2
Tarell Basham,11835,ED,DAL,1,0,0,9,0,0,0,0,0
Jourdan Lewis,11846,CB,DAL,1,0,0,9,0,0,0,0,2
Montravius Adams,11848,DI,PIT,1,0,0,25,0,0,0,1,1
Cameron Sutton,11850,CB,PIT,1,0,0,25,0,0,0,0,6
Rasul Douglas,11854,CB,GB,1,1,0,12,0,0,1,0,3
Trey Hendrickson,11858,ED,CIN,4,1,1,7,1,0,0,4,3
Samson Ebukam,11880,ED,SF,3,0,0,28,1,0,0,3,5
Deatrich Wise Jr.,11886,ED,NE,1,0,0,19,0,0,0,0,2
Carlos Watkins,11897,DI,DAL,1,0,0,9,0,0,0,0,0
Damontae Kazee,11904,S,DAL,1,3,0,9,0,0,0,0,4
Jayon Brown,11910,LB,TEN,1,1,0,31,1,0,0,0,2
Matt Milano,11918,LB,BUF,2,2,0,4,1,0,1,0,11
Marquel Lee,11923,LB,LV,1,0,0,23,0,0,0,0,0
Davon Godchaux,11934,DI,NE,1,0,0,19,0,0,0,0,1
Tanner Vallejo,11950,LB,ARZ,1,3,0,1,1,0,0,0,2
D.J. Jones,11953,DI,SF,3,3,0,28,1,0,0,1,5
Josh Tupou,12093,DI,CIN,2,0,0,7,0,0,0,0,0
Deionte Thompson,25444,S,ARZ,1,0,0,1,0,0,0,0,3
Levi Wallace,25445,CB,BUF,2,2,0,4,0,1,0,0,7
Dane Cruikshank,25546,S,TEN,1,1,0,31,0,0,0,0,3
Clay Johnston,25685,LB,CIN,1,0,0,7,0,0,0,0,0
Henry Black,25687,S,GB,1,0,0,12,0,0,0,0,2
Sean Murphy-Bunting,25891,CB,TB,1,0,0,30,0,0,0,0,2
Clelin Ferrell,25955,ED,LV,1,0,0,23,2,0,0,0,0
Maxx Crosby,26316,ED,LV,1,5,0,23,1,0,0,1,1
Siran Neal,27130,CB,BUF,2,0,0,4,0,0,0,0,1
Devin Bush,27375,LB,PIT,1,0,0,25,0,1,0,0,1
David Long Jr.,27377,CB,LA,4,1,0,26,0,1,0,0,11
Joshua Uche,27379,ED,NE,1,0,0,19,0,0,0,0,0
D'Angelo Ross,27732,CB,NE,1,0,0,19,0,0,0,0,1
Neville Gallimore,28094,DI,DAL,1,1,0,9,0,0,0,0,2
Kevin Givens,28308,DI,SF,3,0,0,28,1,0,0,1,5
Joejuan Williams,29113,CB,NE,1,0,0,19,0,0,0,0,5
David Long Jr.,29367,LB,TEN,1,2,0,31,0,0,0,1,5
Germaine Pratt,29407,LB,CIN,4,4,0,7,0,1,0,0,22
Logan Wilson,29623,LB,CIN,4,7,0,7,1,1,1,0,31
T.J. Edwards,30737,LB,PHI,1,1,0,24,0,0,0,0,5
Dane Jackson,32989,CB,BUF,2,0,0,4,0,0,0,0,9
DeAndre Baker,33356,CB,KC,2,0,0,16,0,0,0,0,1
Cam Gill,33560,ED,TB,1,0,0,30,0,0,0,0,0
Mike Hughes,34057,CB,KC,3,0,0,16,0,0,0,0,4
Darnell Savage,34247,S,GB,1,0,0,12,0,0,0,0,0
Zayne Anderson,34622,S,KC,1,0,0,16,0,0,0,0,0
Jamel Dean,34918,CB,TB,2,2,1,30,0,0,1,0,10
Derrek Tuszka,37724,ED,PIT,1,0,0,25,0,0,0,0,1
Troy Reeder,38268,LB,LA,4,6,0,26,1,0,1,0,11
Marquise Copeland,38540,DI,LA,4,0,0,26,0,1,0,0,0
Tershawn Wharton,40292,DI,KC,3,1,0,16,0,0,1,1,0
L'Jarius Sneed,40588,CB,KC,3,4,0,16,0,1,0,0,23
Trevon Diggs,41817,CB,DAL,1,0,0,9,0,0,0,0,3
Ed Oliver,42200,DI,BUF,2,1,0,4,1,0,0,1,3
Divine Deablo,42208,LB,LV,1,3,0,23,0,0,0,0,5
Isaiah Simmons,42451,LB,ARZ,1,0,0,1,0,0,0,0,1
Antoine Winfield Jr.,42475,S,TB,2,0,1,30,1,0,0,1,12
Chris Jackson,42512,CB,TEN,1,0,0,31,0,0,0,0,1
Krys Barnes,42548,LB,GB,1,2,0,12,0,0,0,0,4
Shaun Bradley,42632,LB,PHI,1,0,0,24,0,0,0,0,2
Chauncey Golston,42718,ED,DAL,1,0,0,9,0,0,0,0,0
Nick Bosa,42741,ED,SF,3,1,1,28,0,0,0,5,5
Osa Odighizuwa,42754,DI,DAL,1,1,0,9,0,0,0,0,3
J.C. Jackson,42781,CB,NE,1,0,0,19,0,0,0,0,5
Kristian Fulton,42894,CB,TEN,1,0,0,31,0,0,0,0,6
Rashan Gary,42905,ED,GB,1,1,0,12,2,0,0,2,2
Khalid Kareem,42993,ED,CIN,4,1,0,7,0,0,0,0,2
Charvarius Ward,43034,CB,KC,3,0,0,16,0,0,3,0,16
Devin White,43089,LB,TB,2,3,0,30,4,0,1,0,8
Damar Hamlin,43291,S,BUF,1,0,0,4,0,0,0,0,1
Myles Bryant,43336,CB,NE,1,0,0,19,0,0,0,0,2
Alex Highsmith,43507,ED,PIT,1,1,0,25,0,0,0,1,2
Jeffery Simmons,43742,DI,TEN,1,1,0,31,0,0,0,3,4
Byron Murphy Jr.,44027,CB,ARZ,1,0,0,1,0,0,0,0,5
Boogie Basham,44320,ED,BUF,2,1,0,4,0,0,0,1,4
Naquan Jones,44363,DI,TEN,1,0,0,31,1,0,0,1,1
Isaiahh Loudermilk,44416,DI,PIT,1,1,0,25,0,0,0,0,1
Rashard Lawrence,44515,DI,ARZ,1,0,0,1,0,0,0,0,1
Trysten Hill,44519,DI,DAL,1,1,0,9,0,0,0,0,0
Leki Fotu,44614,DI,ARZ,1,1,0,1,1,0,0,0,0
Terrell Burgess,45255,S,LA,2,2,0,26,0,0,0,0,5
A.J. Brown,48327,WR,TEN,1,0,0,31,0,0,0,0,0
Kentavius Street,48404,DI,SF,3,0,0,28,0,0,0,0,2
Anthony Nelson,48405,ED,TB,2,0,0,30,2,0,0,0,1
Mike Danna,48415,ED,KC,3,0,0,16,2,0,0,1,2
Sam Hubbard,48457,ED,CIN,4,5,1,7,1,0,0,3,12
Justin Hollins,48498,ED,LA,4,1,0,26,0,0,0,0,1
Dorance Armstrong,48557,ED,DAL,1,0,0,9,1,0,0,0,3
Harold Landry III,48600,ED,TEN,1,1,0,31,0,0,0,2,3
Tyler Lancaster,48604,DI,GB,1,0,0,12,0,0,0,0,1
Harrison Phillips,48690,DI,BUF,2,1,0,4,0,0,0,0,6
Greg Gaines,48706,DI,LA,4,3,0,26,0,0,0,0,8
Michael Dogbe,48850,DI,ARZ,1,0,0,1,0,0,0,0,0
Daniel Ekuale,48874,DI,NE,1,0,0,19,0,0,0,0,1
Henry Mondeaux,48889,DI,PIT,1,0,0,25,0,0,0,0,1
Vita Vea,48956,DI,TB,2,0,0,30,1,0,0,1,3
Kevin Strong,48981,DI,TEN,1,0,0,31,0,0,0,0,0
Nick Scott,49012,S,LA,4,1,0,26,0,1,2,0,12
Tre Flowers,49059,CB,CIN,4,1,0,7,0,0,1,0,5
Jalen Thompson,49116,S,ARZ,1,2,0,1,0,0,0,0,9
Dallin Leavitt,49120,S,LV,1,1,0,23,0,0,0,0,0
Jessie Bates III,49162,S,CIN,4,5,0,7,0,2,3,0,15
Jordan Whitehead,49196,S,TB,2,4,0,30,0,0,0,0,11
Marcus Allen,49263,LB,PIT,1,1,0,25,0,0,0,0,0
Rashad Fenton,49329,CB,KC,1,1,0,16,0,0,0,0,3
Carlton Davis III,49335,CB,TB,2,1,0,30,0,0,1,0,6
Chandon Sullivan,49349,CB,GB,1,0,0,12,0,0,0,0,3
Jaire Alexander,49350,CB,GB,1,0,0,12,0,0,0,0,0
Cam Lewis,49395,CB,BUF,1,1,0,4,0,0,0,0,1
Donovan Wilson,49408,S,DAL,1,1,0,9,0,0,0,0,4
Taron Johnson,49511,CB,BUF,2,1,0,4,0,0,0,1,11
Zach Allen,49605,ED,ARZ,1,1,0,1,0,0,0,0,3
Markus Bailey,49681,LB,CIN,4,2,0,7,0,0,0,0,1
Genard Avery,49699,ED,PHI,1,1,0,24,0,0,0,0,0
Azeez Al-Shaair,49792,LB,SF,3,8,0,28,1,0,0,0,7
Christian Rozeboom,49862,LB,LA,1,0,0,26,0,0,0,0,0
B.J. Hill,49894,DI,CIN,4,2,0,7,2,1,0,2,8
Sebastian Joseph-Day,49935,DI,LA,1,0,0,26,0,0,0,0,0
Derrick Nnadi,49970,DI,KC,3,0,0,16,1,0,0,0,4
Wyatt Ray,50115,ED,CIN,1,0,0,7,0,0,0,0,0
Ogbo Okoronkwo,50130,ED,LA,4,1,0,26,1,0,0,0,2
Olasunkanmi Adeniyi,50154,ED,TEN,1,1,0,31,0,0,0,0,0
Arden Key,50201,ED,SF,3,0,0,28,0,0,0,0,2
Oren Burks,50203,LB,GB,1,0,0,12,0,0,0,0,0
Juan Thornhill,50426,S,KC,3,7,0,16,0,0,1,0,5
Emmanuel Moseley,50430,CB,SF,3,1,0,28,0,0,0,0,23
Grant Haley,50473,CB,LA,1,0,0,26,0,0,0,0,0
Avonte Maddox,50543,CB,PHI,1,1,0,24,0,0,0,0,4
Brandon Facyson,50564,CB,LV,1,0,0,23,0,0,0,0,2
Cameron Malveaux,50587,ED,PHI,1,1,0,24,0,0,0,0,0
Charles Omenihu,50612,ED,SF,3,1,1,28,2,0,0,2,1
Luke Gifford,50675,LB,DAL,1,0,0,9,0,0,0,0,0
Ulysees Gilbert,50810,LB,PIT,1,0,0,25,0,0,0,0,0
Andre Smith,50897,LB,BUF,1,0,0,4,0,0,0,0,0
Tremaine Edmunds,50905,LB,BUF,2,4,0,4,1,0,0,0,12
Robert Spillane,50918,LB,PIT,1,0,0,25,0,0,0,0,4
Leighton Vander Esch,50950,LB,DAL,1,5,0,9,0,0,0,0,8
Travin Howard,50959,LB,LA,3,4,0,26,0,1,1,0,6
Ja'Whaun Bentley,50966,LB,NE,1,0,0,19,0,0,0,0,2
Tyrel Dodson,51045,LB,BUF,1,0,0,4,0,0,0,0,0
Jahlani Tavai,51055,LB,NE,1,0,0,19,0,0,0,0,0
Ben Niemann,51099,LB,KC,3,0,0,16,0,0,0,0,4
Taylor Rapp,51172,S,LA,1,2,0,26,0,0,0,0,4
Minkah Fitzpatrick,51206,S,PIT,1,2,0,25,0,0,0,0,4
Fred Warner,51222,LB,SF,3,7,1,28,0,0,1,0,13
Armani Watts,51264,S,KC,2,3,0,16,0,0,0,0,4
Mike Edwards,51282,S,TB,2,0,0,30,0,1,0,0,10
Terrell Edmunds,51334,S,PIT,1,0,0,25,0,0,0,0,6
Amani Hooker,51378,S,TEN,1,3,0,31,0,1,1,0,4
Marcus Epps,51391,S,PHI,1,1,0,24,0,0,0,0,2
Roderic Teamer,51405,S,LV,1,0,0,23,0,0,0,0,4
Jaquan Johnson,51433,S,BUF,1,1,0,4,0,0,0,0,3
Dorian O'Daniel,51487,LB,KC,1,0,0,16,0,0,0,0,0
Dre Greenlaw,51503,LB,SF,3,5,0,28,1,0,0,0,10
Tarron Jackson,54410,ED,PHI,1,0,0,24,0,0,0,0,1
Marco Wilson,55592,CB,ARZ,1,1,0,1,0,0,0,0,1
Tre Norwood,55675,S,PIT,1,0,0,25,0,0,1,0,2
Darious Williams,55724,CB,LA,4,5,0,26,0,0,2,0,17
Eric Stokes,55912,CB,GB,1,0,0,12,0,0,0,0,3
Nate Hobbs,55948,CB,LV,1,2,0,23,0,0,1,0,3
Ambry Thomas,56058,CB,SF,2,2,0,28,0,0,1,0,14
Keisean Nixon,56167,CB,LV,1,0,0,23,0,0,0,0,0
Elijah Molden,56290,CB,TEN,1,1,0,31,0,0,0,0,0
A.J. Epenesa,56369,ED,BUF,2,0,0,4,0,0,1,0,1
Patrick Johnson,56460,LB,PHI,1,0,0,24,0,0,0,0,0
Cam Sample,56462,ED,CIN,3,0,0,7,0,0,0,0,2
T.J. Slaton,56597,DI,GB,1,0,0,12,0,0,0,0,1
Milton Williams,56682,DI,PHI,1,1,0,24,0,0,0,0,4
Willie Gay,57987,LB,KC,3,5,1,16,1,0,2,0,9
Joe Tryon-Shoyinka,58272,ED,TB,2,0,0,30,0,0,0,0,1
Tyler Shelvin,58438,DI,CIN,2,0,0,7,0,0,0,0,0
Dennis Gardeck,66928,ED,ARZ,1,0,0,1,0,0,0,0,0
Greg Rousseau,76889,ED,BUF,2,0,0,4,0,0,0,0,3
Zaven Collins,77190,LB,ARZ,1,0,0,1,0,0,0,0,0
Tre'von Moehrig,77847,S,LV,1,0,0,23,0,0,0,0,2
Nick Bolton,81322,LB,KC,3,7,0,16,0,0,0,0,11
Micah Parsons,81360,LB,DAL,1,4,0,9,0,0,0,0,6
Ernest Jones,81399,LB,LA,2,1,0,26,2,0,1,1,5
Christian Barmore,82198,DI,NE,1,1,0,19,0,0,0,0,2
Bobby Brown III,82429,DI,LA,1,0,0,26,0,0,0,0,0
Talanoa Hufanga,83903,S,SF,2,0,0,28,0,0,0,0,0
Kyle Dugger,90621,S,NE,1,1,0,19,0,0,0,0,3
Michael Hoecht,108840,DI,LA,1,1,0,26,0,0,0,0,1
